# WaveFront *.obj file (generated by Autodesk ATF)

mtllib Bouey.mtl

g Body1

v 0.014738 0.051135 0.115115
v 0.014888 0.051058 0.115000
v 0.010000 0.052236 0.115000
v 0.005022 0.052947 0.115000
v 0.000000 0.053184 0.115000
v 0.004830 0.052383 0.116326
v 0.009608 0.051500 0.117787
v 0.009621 0.051503 0.117782
v 0.010984 0.051703 0.117254
v 0.012321 0.051722 0.116632
v 0.013588 0.051543 0.115919
v 0.000029 0.053181 0.115006
v 0.000030 0.053184 0.115001
v 0.010695 0.052098 0.115489
v 0.010361 0.051999 0.116488
v 0.010252 0.051924 0.116786
v 0.010041 0.051727 0.117337
v 0.006615 0.052708 0.115293
v 0.006408 0.052543 0.115883
v 0.006342 0.052477 0.116059
v 0.006217 0.052330 0.116386
v 0.002987 0.053049 0.115124
v 0.002898 0.052935 0.115376
v 0.002871 0.052897 0.115452
v 0.002818 0.052821 0.115595
v 0.000029 0.053182 0.115004
v 0.000029 0.053182 0.115004
v -0.014738 0.051135 0.115115
v -0.013588 0.051543 0.115919
v -0.012321 0.051722 0.116632
v -0.010984 0.051703 0.117254
v -0.009621 0.051503 0.117782
v -0.009608 0.051500 0.117787
v -0.004844 0.052381 0.116330
v -0.000028 0.053180 0.115007
v -0.005022 0.052947 0.115000
v -0.010000 0.052236 0.115000
v -0.014888 0.051058 0.115000
v -0.000030 0.053184 0.115001
v -0.006217 0.052330 0.116387
v -0.006615 0.052708 0.115293
v -0.009633 0.052280 0.115439
v -0.012189 0.051815 0.115558
v -0.009043 0.051888 0.117085
v -0.009232 0.052075 0.116595
v -0.009329 0.052150 0.116329
v -0.011815 0.051775 0.116710
v -0.002818 0.052821 0.115595
v -0.002871 0.052897 0.115452
v -0.002898 0.052935 0.115376
v -0.002987 0.053049 0.115124
v -0.006408 0.052543 0.115883
v -0.006342 0.052477 0.116059
v -0.000029 0.053182 0.115004
v -0.000029 0.053182 0.115004
v -0.000029 0.053181 0.115006
v 0.007790 0.049366 0.121318
v 0.006314 0.047164 0.124961
v 0.005760 0.046033 0.126832
v 0.005347 0.044887 0.128729
v 0.005089 0.043730 0.130643
v 0.005000 0.042566 0.132569
v 0.006545 0.042356 0.132443
v 0.007939 0.041749 0.132076
v 0.009045 0.040802 0.131503
v 0.009755 0.039609 0.130782
v 0.010000 0.038287 0.129983
v 0.010099 0.039747 0.128200
v 0.010384 0.041244 0.126410
v 0.010837 0.042776 0.124616
v 0.011438 0.044343 0.122818
v 0.012986 0.047609 0.119149
v 0.013862 0.049331 0.117208
v 0.008628 0.048668 0.122197
v 0.011992 0.051592 0.116963
v 0.012398 0.051318 0.117024
v 0.013043 0.050778 0.117056
v 0.013611 0.050160 0.116998
v 0.010276 0.050899 0.118577
v 0.011164 0.050417 0.118769
v 0.011604 0.050102 0.118818
v 0.012289 0.049481 0.118816
v 0.012874 0.048773 0.118706
v 0.009673 0.048099 0.122323
v 0.010179 0.047719 0.122320
v 0.010938 0.046965 0.122206
v 0.011538 0.046108 0.121958
v 0.007029 0.045535 0.127283
v 0.008272 0.044917 0.127214
v 0.008853 0.044483 0.127095
v 0.009678 0.043603 0.126766
v 0.010253 0.042596 0.126299
v 0.010796 0.044333 0.124136
v 0.010201 0.045272 0.124493
v 0.009403 0.046096 0.124709
v 0.008857 0.046508 0.124765
v 0.007708 0.047111 0.124722
v 0.006625 0.043948 0.129864
v 0.007947 0.043333 0.129660
v 0.008555 0.042885 0.129467
v 0.009394 0.041964 0.129017
v 0.009936 0.040900 0.128443
v -0.007788 0.049367 0.121316
v -0.006315 0.047164 0.124961
v -0.005759 0.046035 0.126830
v -0.005345 0.044889 0.128725
v -0.005088 0.043731 0.130642
v -0.005000 0.042566 0.132569
v -0.005000 0.025675 0.160517
v 0.005000 0.025675 0.160517
v -0.013864 0.049332 0.117209
v -0.012988 0.047608 0.119152
v -0.011438 0.044343 0.122819
v -0.010837 0.042776 0.124616
v -0.010383 0.041246 0.126407
v -0.010099 0.039748 0.128198
v -0.010000 0.038287 0.129983
v -0.009755 0.039609 0.130782
v -0.009045 0.040802 0.131503
v -0.007939 0.041749 0.132076
v -0.006545 0.042356 0.132443
v -0.012153 0.047942 0.120076
v -0.011441 0.048766 0.120207
v -0.011007 0.049152 0.120216
v -0.010197 0.049710 0.120135
v -0.009323 0.050125 0.119937
v -0.011357 0.051307 0.117624
v -0.012083 0.050833 0.117741
v -0.012480 0.050507 0.117765
v -0.013156 0.049809 0.117719
v -0.010315 0.043656 0.125493
v -0.009568 0.044702 0.125905
v -0.009064 0.045188 0.126050
v -0.008068 0.045873 0.126171
v -0.006949 0.046345 0.126127
v -0.007980 0.048253 0.123002
v -0.008980 0.047795 0.123144
v -0.009889 0.047161 0.123141
v -0.010362 0.046718 0.123071
v -0.011102 0.045769 0.122807
v -0.009851 0.041596 0.128150
v -0.009119 0.042719 0.128715
v -0.008596 0.043234 0.128947
v -0.007530 0.043946 0.129213
v -0.006308 0.044407 0.129303
v -0.014738 -0.051135 0.115115
v -0.014888 -0.051058 0.115000
v -0.010000 -0.052236 0.115000
v -0.005022 -0.052947 0.115000
v 0.000000 -0.053184 0.115000
v -0.004830 -0.052383 0.116326
v -0.009608 -0.051500 0.117787
v -0.009621 -0.051503 0.117782
v -0.010984 -0.051703 0.117254
v -0.012321 -0.051722 0.116632
v -0.013588 -0.051543 0.115919
v -0.000029 -0.053181 0.115006
v -0.000030 -0.053184 0.115001
v -0.010695 -0.052098 0.115489
v -0.010361 -0.051999 0.116488
v -0.010252 -0.051924 0.116786
v -0.010041 -0.051727 0.117337
v -0.006615 -0.052708 0.115293
v -0.006408 -0.052543 0.115883
v -0.006342 -0.052477 0.116059
v -0.006217 -0.052330 0.116386
v -0.002987 -0.053049 0.115124
v -0.002898 -0.052935 0.115376
v -0.002871 -0.052897 0.115452
v -0.002818 -0.052821 0.115595
v -0.000029 -0.053182 0.115004
v -0.000029 -0.053182 0.115004
v 0.014738 -0.051135 0.115115
v 0.013588 -0.051543 0.115919
v 0.012321 -0.051722 0.116632
v 0.010984 -0.051703 0.117254
v 0.009621 -0.051503 0.117782
v 0.009608 -0.051500 0.117787
v 0.004830 -0.052383 0.116326
v 0.005022 -0.052947 0.115000
v 0.010000 -0.052236 0.115000
v 0.014888 -0.051058 0.115000
v 0.006217 -0.052330 0.116386
v 0.006615 -0.052708 0.115293
v 0.009633 -0.052280 0.115439
v 0.012189 -0.051815 0.115558
v 0.009043 -0.051888 0.117085
v 0.009232 -0.052075 0.116595
v 0.009329 -0.052150 0.116329
v 0.011815 -0.051775 0.116710
v 0.002818 -0.052821 0.115595
v 0.002871 -0.052897 0.115452
v 0.002898 -0.052935 0.115376
v 0.002987 -0.053049 0.115124
v 0.006408 -0.052543 0.115883
v 0.006342 -0.052477 0.116059
v 0.017491 -0.052577 0.111316
v 0.020428 -0.053804 0.107773
v 0.020441 -0.053809 0.107759
v 0.020715 -0.052442 0.109433
v 0.021061 -0.050820 0.110916
v 0.021484 -0.048970 0.112181
v 0.021990 -0.046917 0.113217
v 0.022588 -0.044686 0.114014
v 0.023284 -0.042300 0.114570
v 0.024086 -0.039764 0.114895
v 0.025000 -0.037083 0.115000
v 0.022395 -0.037083 0.115228
v 0.019870 -0.037083 0.115905
v 0.017500 -0.037083 0.117010
v 0.015358 -0.037083 0.118509
v 0.013509 -0.037083 0.120358
v 0.012010 -0.037083 0.122500
v 0.010905 -0.037083 0.124870
v 0.010228 -0.037083 0.127395
v 0.010000 -0.037083 0.130000
v 0.010000 -0.038287 0.129983
v 0.010099 -0.039748 0.128198
v 0.010383 -0.041246 0.126407
v 0.010837 -0.042776 0.124616
v 0.011438 -0.044343 0.122819
v 0.012988 -0.047608 0.119152
v 0.013864 -0.049332 0.117209
v 0.019575 -0.049298 0.112680
v 0.017763 -0.049762 0.113387
v 0.016080 -0.050356 0.114289
v 0.015952 -0.051469 0.113620
v 0.017604 -0.050813 0.112754
v 0.019385 -0.050294 0.112069
v 0.019211 -0.051237 0.111396
v 0.017460 -0.051809 0.112053
v 0.019055 -0.052121 0.110661
v 0.018914 -0.052943 0.109869
v 0.019785 -0.048250 0.113228
v 0.017938 -0.048660 0.113950
v 0.016221 -0.049189 0.114882
v 0.014663 -0.049827 0.116006
v 0.020262 -0.046019 0.114126
v 0.018338 -0.046320 0.114859
v 0.016543 -0.046719 0.115832
v 0.014910 -0.047208 0.117025
v 0.013471 -0.047779 0.118415
v 0.014781 -0.048540 0.116558
v 0.016375 -0.047975 0.115396
v 0.018130 -0.047511 0.114441
v 0.020013 -0.047157 0.113710
v 0.021140 -0.042385 0.114968
v 0.019077 -0.042534 0.115666
v 0.017140 -0.042744 0.116649
v 0.015370 -0.043011 0.117896
v 0.013803 -0.043329 0.119381
v 0.012473 -0.043691 0.121073
v 0.011409 -0.044089 0.122936
v 0.013573 -0.046326 0.118831
v 0.015050 -0.045840 0.117403
v 0.016726 -0.045425 0.116186
v 0.018565 -0.045091 0.115203
v 0.020532 -0.044843 0.114474
v 0.021844 -0.039796 0.115201
v 0.019674 -0.039860 0.115839
v 0.017626 -0.039957 0.116795
v 0.015745 -0.040084 0.118046
v 0.014075 -0.040238 0.119565
v 0.012653 -0.040415 0.121315
v 0.011513 -0.040612 0.123259
v 0.010679 -0.040824 0.125352
v -0.013862 -0.049331 0.117208
v -0.012986 -0.047609 0.119149
v -0.011438 -0.044343 0.122818
v -0.010837 -0.042776 0.124616
v -0.010384 -0.041244 0.126410
v -0.010099 -0.039747 0.128200
v -0.010000 -0.038287 0.129983
v -0.010000 -0.037083 0.130000
v -0.010228 -0.037083 0.127395
v -0.010905 -0.037083 0.124870
v -0.012010 -0.037083 0.122500
v -0.013509 -0.037083 0.120358
v -0.015358 -0.037083 0.118509
v -0.017500 -0.037083 0.117010
v -0.019870 -0.037083 0.115905
v -0.022395 -0.037083 0.115228
v -0.025000 -0.037083 0.115000
v -0.024086 -0.039764 0.114895
v -0.023284 -0.042300 0.114570
v -0.022588 -0.044686 0.114014
v -0.021990 -0.046917 0.113217
v -0.021484 -0.048970 0.112181
v -0.021061 -0.050820 0.110916
v -0.020715 -0.052442 0.109433
v -0.020441 -0.053809 0.107759
v -0.020428 -0.053804 0.107773
v -0.017483 -0.052574 0.111326
v -0.018914 -0.052943 0.109869
v -0.016080 -0.050356 0.114289
v -0.017763 -0.049762 0.113387
v -0.019575 -0.049298 0.112680
v -0.019385 -0.050294 0.112069
v -0.017604 -0.050813 0.112754
v -0.015952 -0.051469 0.113620
v -0.014781 -0.048540 0.116558
v -0.016375 -0.047975 0.115396
v -0.018130 -0.047511 0.114441
v -0.020013 -0.047157 0.113710
v -0.019785 -0.048250 0.113228
v -0.017938 -0.048660 0.113950
v -0.016221 -0.049189 0.114882
v -0.014663 -0.049827 0.116006
v -0.013573 -0.046326 0.118831
v -0.015050 -0.045840 0.117403
v -0.016726 -0.045425 0.116186
v -0.018565 -0.045091 0.115203
v -0.020532 -0.044843 0.114474
v -0.020262 -0.046019 0.114126
v -0.018338 -0.046320 0.114859
v -0.016543 -0.046719 0.115832
v -0.014910 -0.047208 0.117025
v -0.013471 -0.047779 0.118415
v -0.011409 -0.044089 0.122936
v -0.012473 -0.043691 0.121073
v -0.013803 -0.043329 0.119381
v -0.015370 -0.043011 0.117896
v -0.017140 -0.042744 0.116649
v -0.019077 -0.042534 0.115666
v -0.021140 -0.042385 0.114968
v -0.010679 -0.040824 0.125352
v -0.011513 -0.040612 0.123259
v -0.012653 -0.040415 0.121315
v -0.014075 -0.040238 0.119565
v -0.015745 -0.040084 0.118046
v -0.017626 -0.039957 0.116795
v -0.019674 -0.039860 0.115839
v -0.021844 -0.039796 0.115201
v -0.017460 -0.051809 0.112053
v -0.019211 -0.051237 0.111396
v -0.019055 -0.052121 0.110661
v -0.007790 -0.049366 0.121318
v -0.006314 -0.047164 0.124961
v -0.005760 -0.046033 0.126832
v -0.005347 -0.044887 0.128729
v -0.005089 -0.043730 0.130643
v -0.005000 -0.042566 0.132569
v -0.006545 -0.042356 0.132443
v -0.007939 -0.041749 0.132076
v -0.009045 -0.040802 0.131503
v -0.009755 -0.039609 0.130782
v -0.008628 -0.048668 0.122197
v -0.011992 -0.051592 0.116963
v -0.012398 -0.051318 0.117024
v -0.013043 -0.050778 0.117056
v -0.013611 -0.050160 0.116998
v -0.010275 -0.050899 0.118577
v -0.011164 -0.050417 0.118769
v -0.011604 -0.050102 0.118818
v -0.012289 -0.049481 0.118816
v -0.012874 -0.048773 0.118706
v -0.009673 -0.048099 0.122323
v -0.010179 -0.047719 0.122320
v -0.010937 -0.046965 0.122206
v -0.011538 -0.046108 0.121958
v -0.007029 -0.045535 0.127283
v -0.008272 -0.044917 0.127214
v -0.008853 -0.044483 0.127095
v -0.009678 -0.043603 0.126766
v -0.010253 -0.042597 0.126299
v -0.010796 -0.044333 0.124136
v -0.010201 -0.045272 0.124493
v -0.009403 -0.046096 0.124709
v -0.008857 -0.046509 0.124765
v -0.007708 -0.047111 0.124722
v -0.006625 -0.043948 0.129864
v -0.007947 -0.043333 0.129660
v -0.008555 -0.042885 0.129467
v -0.009394 -0.041964 0.129017
v -0.009936 -0.040900 0.128444
v -0.005000 -0.025675 0.160517
v -0.006545 -0.025466 0.160391
v -0.007939 -0.024858 0.160023
v -0.009045 -0.023911 0.159451
v -0.009755 -0.022718 0.158730
v -0.010000 -0.021396 0.157931
v -0.006545 0.025466 0.160391
v -0.007939 0.024858 0.160023
v -0.009045 0.023911 0.159451
v -0.009755 0.022718 0.158730
v -0.010000 0.021396 0.157931
v -0.010000 0.019430 0.160731
v -0.010000 0.017100 0.163237
v -0.010000 0.014451 0.165401
v -0.010000 0.011530 0.167182
v -0.010000 0.008393 0.168549
v -0.010000 0.005100 0.169474
v -0.010000 0.001711 0.169941
v -0.010000 -0.001711 0.169941
v -0.010000 -0.005100 0.169474
v -0.010000 -0.008393 0.168549
v -0.010000 -0.011530 0.167182
v -0.010000 -0.014451 0.165401
v -0.010000 -0.017100 0.163237
v -0.010000 -0.019430 0.160731
v -0.005000 -0.023477 0.163677
v -0.005000 -0.020892 0.166529
v -0.005000 -0.017964 0.169027
v -0.005000 -0.014739 0.171130
v -0.005000 -0.011272 0.172802
v -0.005000 -0.007619 0.174016
v -0.005000 -0.003841 0.174753
v -0.005000 -0.000000 0.175000
v -0.005000 0.003841 0.174753
v -0.005000 0.007619 0.174016
v -0.005000 0.011272 0.172802
v -0.005000 0.014739 0.171130
v -0.005000 0.017964 0.169027
v -0.005000 0.020892 0.166529
v -0.005000 0.023477 0.163677
v -0.009755 0.020773 0.161526
v -0.009045 0.021864 0.162394
v -0.007939 0.022730 0.163083
v -0.006545 0.023285 0.163525
v -0.009755 0.018486 0.164050
v -0.009045 0.019457 0.165050
v -0.007939 0.020227 0.165844
v -0.006545 0.020722 0.166354
v -0.009755 0.015895 0.166260
v -0.009045 0.016729 0.167377
v -0.007939 0.017392 0.168263
v -0.006545 0.017817 0.168831
v -0.009755 0.013042 0.168120
v -0.009045 0.013726 0.169334
v -0.007939 0.014270 0.170298
v -0.006545 0.014619 0.170917
v -0.009755 0.009974 0.169600
v -0.009045 0.010498 0.170892
v -0.007939 0.010913 0.171917
v -0.006545 0.011180 0.172575
v -0.009755 0.006742 0.170675
v -0.009045 0.007096 0.172023
v -0.007939 0.007377 0.173093
v -0.006545 0.007557 0.173780
v -0.009755 0.003399 0.171327
v -0.009045 0.003577 0.172709
v -0.007939 0.003719 0.173806
v -0.006545 0.003810 0.174510
v -0.009755 -0.000000 0.171545
v -0.009045 -0.000000 0.172939
v -0.007939 -0.000000 0.174045
v -0.006545 -0.000000 0.174755
v -0.009755 -0.003399 0.171327
v -0.009045 -0.003577 0.172709
v -0.007939 -0.003719 0.173806
v -0.006545 -0.003810 0.174510
v -0.009755 -0.006742 0.170675
v -0.009045 -0.007096 0.172023
v -0.007939 -0.007377 0.173093
v -0.006545 -0.007557 0.173780
v -0.009755 -0.009974 0.169600
v -0.009045 -0.010498 0.170892
v -0.007939 -0.010913 0.171917
v -0.006545 -0.011180 0.172575
v -0.009755 -0.013042 0.168120
v -0.009045 -0.013726 0.169334
v -0.007939 -0.014270 0.170298
v -0.006545 -0.014619 0.170917
v -0.009755 -0.015895 0.166260
v -0.009045 -0.016729 0.167377
v -0.007939 -0.017392 0.168263
v -0.006545 -0.017817 0.168831
v -0.009755 -0.018486 0.164050
v -0.009045 -0.019457 0.165050
v -0.007939 -0.020227 0.165844
v -0.006545 -0.020722 0.166354
v -0.009755 -0.020773 0.161526
v -0.009045 -0.021864 0.162394
v -0.007939 -0.022730 0.163083
v -0.006545 -0.023285 0.163525
v 0.005000 -0.025675 0.160517
v 0.005000 -0.023477 0.163677
v 0.005000 -0.020892 0.166529
v 0.005000 -0.017964 0.169027
v 0.005000 -0.014739 0.171130
v 0.005000 -0.011272 0.172802
v 0.005000 -0.007619 0.174016
v 0.005000 -0.003841 0.174753
v 0.005000 -0.000000 0.175000
v 0.005000 0.003841 0.174753
v 0.005000 0.007619 0.174016
v 0.005000 0.011272 0.172802
v 0.005000 0.014739 0.171130
v 0.005000 0.017964 0.169027
v 0.005000 0.020892 0.166529
v 0.005000 0.023477 0.163677
v 0.007788 -0.049367 0.121316
v 0.006315 -0.047164 0.124961
v 0.005759 -0.046035 0.126830
v 0.005345 -0.044889 0.128725
v 0.005088 -0.043731 0.130642
v 0.005000 -0.042566 0.132569
v 0.006545 0.025466 0.160391
v 0.007939 0.024858 0.160023
v 0.009045 0.023911 0.159451
v 0.009755 0.022718 0.158730
v 0.010000 0.021396 0.157931
v 0.006545 -0.025466 0.160391
v 0.007939 -0.024858 0.160023
v 0.009045 -0.023911 0.159451
v 0.009755 -0.022718 0.158730
v 0.010000 -0.021396 0.157931
v 0.010000 -0.019430 0.160731
v 0.010000 -0.017100 0.163237
v 0.010000 -0.014451 0.165401
v 0.010000 -0.011530 0.167182
v 0.010000 -0.008393 0.168549
v 0.010000 -0.005100 0.169474
v 0.010000 -0.001711 0.169941
v 0.010000 0.001711 0.169941
v 0.010000 0.005100 0.169474
v 0.010000 0.008393 0.168549
v 0.010000 0.011530 0.167182
v 0.010000 0.014451 0.165401
v 0.010000 0.017100 0.163237
v 0.010000 0.019430 0.160731
v 0.009755 -0.020773 0.161526
v 0.009045 -0.021864 0.162394
v 0.007939 -0.022730 0.163083
v 0.006545 -0.023285 0.163525
v 0.009755 -0.018486 0.164050
v 0.009045 -0.019457 0.165050
v 0.007939 -0.020227 0.165844
v 0.006545 -0.020722 0.166354
v 0.009755 -0.015895 0.166260
v 0.009045 -0.016729 0.167377
v 0.007939 -0.017392 0.168263
v 0.006545 -0.017817 0.168831
v 0.009755 -0.013042 0.168120
v 0.009045 -0.013726 0.169334
v 0.007939 -0.014270 0.170298
v 0.006545 -0.014619 0.170917
v 0.009755 -0.009974 0.169600
v 0.009045 -0.010498 0.170892
v 0.007939 -0.010913 0.171917
v 0.006545 -0.011180 0.172575
v 0.009755 -0.006742 0.170675
v 0.009045 -0.007096 0.172023
v 0.007939 -0.007377 0.173093
v 0.006545 -0.007557 0.173780
v 0.009755 -0.003399 0.171327
v 0.009045 -0.003577 0.172709
v 0.007939 -0.003719 0.173806
v 0.006545 -0.003810 0.174510
v 0.009755 -0.000000 0.171545
v 0.009045 -0.000000 0.172939
v 0.007939 -0.000000 0.174045
v 0.006545 -0.000000 0.174755
v 0.009755 0.003399 0.171327
v 0.009045 0.003577 0.172709
v 0.007939 0.003719 0.173806
v 0.006545 0.003810 0.174510
v 0.009755 0.006742 0.170675
v 0.009045 0.007096 0.172023
v 0.007939 0.007377 0.173093
v 0.006545 0.007557 0.173780
v 0.009755 0.009974 0.169600
v 0.009045 0.010498 0.170892
v 0.007939 0.010913 0.171917
v 0.006545 0.011180 0.172575
v 0.009755 0.013042 0.168120
v 0.009045 0.013726 0.169334
v 0.007939 0.014270 0.170298
v 0.006545 0.014619 0.170917
v 0.009755 0.015895 0.166260
v 0.009045 0.016729 0.167377
v 0.007939 0.017392 0.168263
v 0.006545 0.017817 0.168831
v 0.009755 0.018486 0.164050
v 0.009045 0.019457 0.165050
v 0.007939 0.020227 0.165844
v 0.006545 0.020722 0.166354
v 0.009755 0.020773 0.161526
v 0.009045 0.021864 0.162394
v 0.007939 0.022730 0.163083
v 0.006545 0.023285 0.163525
v 0.006545 -0.042356 0.132443
v 0.007939 -0.041749 0.132076
v 0.009045 -0.040802 0.131503
v 0.009755 -0.039609 0.130782
v 0.012153 -0.047942 0.120076
v 0.011441 -0.048766 0.120207
v 0.011007 -0.049152 0.120216
v 0.010196 -0.049710 0.120135
v 0.009323 -0.050125 0.119937
v 0.011357 -0.051307 0.117624
v 0.012083 -0.050833 0.117741
v 0.012480 -0.050508 0.117765
v 0.013156 -0.049810 0.117719
v 0.010315 -0.043656 0.125493
v 0.009568 -0.044703 0.125905
v 0.009064 -0.045188 0.126050
v 0.008067 -0.045873 0.126171
v 0.006949 -0.046345 0.126127
v 0.007980 -0.048253 0.123002
v 0.008980 -0.047795 0.123144
v 0.009889 -0.047161 0.123141
v 0.010362 -0.046718 0.123071
v 0.011102 -0.045769 0.122807
v 0.009851 -0.041596 0.128150
v 0.009119 -0.042719 0.128716
v 0.008596 -0.043234 0.128947
v 0.007530 -0.043946 0.129213
v 0.006308 -0.044407 0.129303
v 0.010000 0.037083 0.130000
v 0.010228 0.037083 0.127395
v 0.010905 0.037083 0.124870
v 0.012010 0.037083 0.122500
v 0.013509 0.037083 0.120358
v 0.015358 0.037083 0.118509
v 0.017500 0.037083 0.117010
v 0.019870 0.037083 0.115905
v 0.022395 0.037083 0.115228
v 0.025000 0.037083 0.115000
v 0.024086 0.039764 0.114895
v 0.023284 0.042300 0.114570
v 0.022588 0.044686 0.114014
v 0.021990 0.046917 0.113217
v 0.021484 0.048970 0.112181
v 0.021061 0.050820 0.110916
v 0.020715 0.052442 0.109433
v 0.020441 0.053809 0.107759
v 0.020428 0.053804 0.107773
v 0.017483 0.052574 0.111326
v 0.018914 0.052943 0.109869
v 0.016080 0.050356 0.114289
v 0.017763 0.049762 0.113387
v 0.019575 0.049298 0.112680
v 0.019385 0.050294 0.112069
v 0.017604 0.050813 0.112754
v 0.015952 0.051469 0.113620
v 0.014781 0.048540 0.116558
v 0.016375 0.047975 0.115396
v 0.018130 0.047511 0.114441
v 0.020013 0.047157 0.113710
v 0.019785 0.048250 0.113228
v 0.017938 0.048660 0.113950
v 0.016221 0.049189 0.114882
v 0.014663 0.049827 0.116006
v 0.013573 0.046326 0.118831
v 0.015050 0.045840 0.117403
v 0.016726 0.045425 0.116186
v 0.018565 0.045091 0.115203
v 0.020532 0.044843 0.114474
v 0.020262 0.046019 0.114126
v 0.018338 0.046320 0.114859
v 0.016543 0.046719 0.115832
v 0.014910 0.047208 0.117025
v 0.013471 0.047779 0.118415
v 0.011409 0.044089 0.122936
v 0.012473 0.043691 0.121073
v 0.013803 0.043329 0.119381
v 0.015370 0.043011 0.117896
v 0.017140 0.042744 0.116649
v 0.019077 0.042534 0.115666
v 0.021140 0.042385 0.114968
v 0.010679 0.040824 0.125352
v 0.011513 0.040612 0.123259
v 0.012653 0.040415 0.121315
v 0.014075 0.040238 0.119565
v 0.015745 0.040084 0.118046
v 0.017626 0.039957 0.116795
v 0.019674 0.039860 0.115839
v 0.021844 0.039796 0.115201
v 0.017460 0.051809 0.112053
v 0.019211 0.051237 0.111396
v 0.019055 0.052121 0.110661
v 0.010228 0.000000 0.127395
v 0.010905 0.000000 0.124870
v 0.012010 0.000000 0.122500
v 0.013509 0.000000 0.120358
v 0.015358 0.000000 0.118509
v 0.017500 0.000000 0.117010
v 0.019870 0.000000 0.115905
v 0.022395 0.000000 0.115228
v 0.010000 -0.009000 0.145000
v 0.010000 -0.008757 0.147076
v 0.010000 -0.008043 0.149039
v 0.010000 -0.006894 0.150785
v 0.010000 -0.005374 0.152219
v 0.010000 -0.003565 0.153264
v 0.010000 -0.001563 0.153863
v 0.010000 0.000523 0.153985
v 0.010000 0.002581 0.153622
v 0.010000 0.004500 0.152794
v 0.010000 0.006176 0.151546
v 0.010000 0.007519 0.149946
v 0.010000 0.008457 0.148078
v 0.010000 0.008939 0.146045
v 0.010000 0.008939 0.143955
v 0.010000 0.008457 0.141922
v 0.010000 0.007519 0.140054
v 0.010000 0.006176 0.138454
v 0.010000 0.004500 0.137206
v 0.010000 0.002581 0.136378
v 0.010000 0.000523 0.136015
v 0.010000 -0.001563 0.136137
v 0.010000 -0.003565 0.136736
v 0.010000 -0.005374 0.137781
v 0.010000 -0.006894 0.139215
v 0.010000 -0.008043 0.140961
v 0.010000 -0.008757 0.142924
v -0.010000 0.037083 0.130000
v -0.010228 0.037083 0.127395
v -0.010905 0.037083 0.124870
v -0.012010 0.037083 0.122500
v -0.013509 0.037083 0.120358
v -0.015358 0.037083 0.118509
v -0.017500 0.037083 0.117010
v -0.019870 0.037083 0.115905
v -0.022395 0.037083 0.115228
v -0.025000 0.037083 0.115000
v -0.010228 -0.000000 0.127395
v -0.010905 -0.000000 0.124870
v -0.012010 -0.000000 0.122500
v -0.013509 -0.000000 0.120358
v -0.015358 -0.000000 0.118509
v -0.017500 -0.000000 0.117010
v -0.019870 -0.000000 0.115905
v -0.022395 -0.000000 0.115228
v -0.017491 0.052577 0.111316
v -0.020428 0.053804 0.107773
v -0.020441 0.053809 0.107759
v -0.020715 0.052442 0.109433
v -0.021061 0.050820 0.110916
v -0.021484 0.048970 0.112181
v -0.021990 0.046917 0.113217
v -0.022588 0.044686 0.114014
v -0.023284 0.042300 0.114570
v -0.024086 0.039764 0.114895
v -0.019575 0.049298 0.112680
v -0.017763 0.049762 0.113387
v -0.016080 0.050356 0.114289
v -0.015952 0.051469 0.113620
v -0.017604 0.050813 0.112754
v -0.019385 0.050294 0.112069
v -0.019211 0.051237 0.111396
v -0.017460 0.051809 0.112053
v -0.019055 0.052121 0.110661
v -0.018914 0.052943 0.109869
v -0.019785 0.048250 0.113228
v -0.017938 0.048660 0.113950
v -0.016221 0.049189 0.114882
v -0.014663 0.049827 0.116006
v -0.020262 0.046019 0.114126
v -0.018338 0.046320 0.114859
v -0.016543 0.046719 0.115832
v -0.014910 0.047208 0.117025
v -0.013471 0.047779 0.118415
v -0.014781 0.048540 0.116558
v -0.016375 0.047975 0.115396
v -0.018130 0.047511 0.114441
v -0.020013 0.047157 0.113710
v -0.021140 0.042385 0.114968
v -0.019077 0.042534 0.115666
v -0.017140 0.042744 0.116649
v -0.015370 0.043011 0.117896
v -0.013803 0.043329 0.119381
v -0.012473 0.043691 0.121073
v -0.011409 0.044089 0.122936
v -0.013573 0.046326 0.118831
v -0.015050 0.045840 0.117403
v -0.016726 0.045425 0.116186
v -0.018565 0.045091 0.115203
v -0.020532 0.044843 0.114474
v -0.021844 0.039796 0.115201
v -0.019674 0.039860 0.115839
v -0.017626 0.039957 0.116795
v -0.015745 0.040084 0.118046
v -0.014075 0.040238 0.119565
v -0.012653 0.040415 0.121315
v -0.011513 0.040612 0.123259
v -0.010679 0.040824 0.125352
v -0.010000 -0.009000 0.145000
v -0.010000 -0.008757 0.142924
v -0.010000 -0.008043 0.140961
v -0.010000 -0.006894 0.139215
v -0.010000 -0.005374 0.137781
v -0.010000 -0.003565 0.136736
v -0.010000 -0.001563 0.136137
v -0.010000 0.000523 0.136015
v -0.010000 0.002581 0.136378
v -0.010000 0.004500 0.137206
v -0.010000 0.006176 0.138454
v -0.010000 0.007519 0.140054
v -0.010000 0.008457 0.141922
v -0.010000 0.008939 0.143955
v -0.010000 0.008939 0.146045
v -0.010000 0.008457 0.148078
v -0.010000 0.007519 0.149946
v -0.010000 0.006176 0.151546
v -0.010000 0.004500 0.152794
v -0.010000 0.002581 0.153622
v -0.010000 0.000523 0.153985
v -0.010000 -0.001563 0.153863
v -0.010000 -0.003565 0.153264
v -0.010000 -0.005374 0.152219
v -0.010000 -0.006894 0.150785
v -0.010000 -0.008043 0.149039
v -0.010000 -0.008757 0.147076
v 0.025345 -0.051681 0.107759
v 0.030030 -0.049106 0.107759
v 0.034456 -0.046109 0.107759
v 0.038585 -0.042713 0.107759
v 0.042381 -0.038950 0.107759
v 0.045812 -0.034850 0.107759
v 0.048847 -0.030450 0.107759
v 0.051461 -0.025787 0.107759
v 0.053632 -0.020902 0.107759
v 0.055340 -0.015836 0.107759
v 0.056570 -0.010634 0.107759
v 0.057313 -0.005340 0.107759
v 0.057561 0.000000 0.107759
v 0.057313 0.005340 0.107759
v 0.056570 0.010634 0.107759
v 0.055340 0.015836 0.107759
v 0.053632 0.020902 0.107759
v 0.051461 0.025787 0.107759
v 0.048847 0.030450 0.107759
v 0.045812 0.034850 0.107759
v 0.042381 0.038950 0.107759
v 0.038585 0.042713 0.107759
v 0.034456 0.046109 0.107759
v 0.030030 0.049106 0.107759
v 0.025345 0.051681 0.107759
v 0.028677 0.034319 0.115000
v 0.032051 0.031191 0.115000
v 0.035086 0.027734 0.115000
v 0.037749 0.023983 0.115000
v 0.040013 0.019978 0.115000
v 0.041853 0.015762 0.115000
v 0.043251 0.011379 0.115000
v 0.044191 0.006876 0.115000
v 0.044664 0.002300 0.115000
v 0.044664 -0.002300 0.115000
v 0.044191 -0.006876 0.115000
v 0.043251 -0.011379 0.115000
v 0.041853 -0.015762 0.115000
v 0.040013 -0.019978 0.115000
v 0.037749 -0.023983 0.115000
v 0.035086 -0.027734 0.115000
v 0.032051 -0.031191 0.115000
v 0.028677 -0.034319 0.115000
v 0.040122 0.025010 0.114781
v 0.040122 -0.025010 0.114781
v 0.033553 -0.044900 0.109832
v 0.032451 -0.043425 0.111618
v 0.031183 -0.041729 0.113065
v 0.029786 -0.039859 0.114129
v 0.028301 -0.037872 0.114781
v 0.024666 -0.040334 0.114781
v 0.025960 -0.042451 0.114129
v 0.027177 -0.044442 0.113065
v 0.028282 -0.046248 0.111618
v 0.029242 -0.047819 0.109832
v 0.022937 -0.046771 0.113065
v 0.023870 -0.048673 0.111618
v 0.024680 -0.050325 0.109832
v 0.037573 -0.041593 0.109832
v 0.036339 -0.040228 0.111618
v 0.034920 -0.038656 0.113065
v 0.033355 -0.036924 0.114129
v 0.031692 -0.035083 0.114781
v 0.041270 -0.037928 0.109832
v 0.039915 -0.036683 0.111618
v 0.038355 -0.035250 0.113065
v 0.036637 -0.033671 0.114129
v 0.034811 -0.031992 0.114781
v 0.044610 -0.033936 0.109832
v 0.043146 -0.032822 0.111618
v 0.041460 -0.031539 0.113065
v 0.039603 -0.030127 0.114129
v 0.037628 -0.028625 0.114781
v 0.047566 -0.029651 0.109832
v 0.046004 -0.028678 0.111618
v 0.044207 -0.027557 0.113065
v 0.042227 -0.026323 0.114129
v 0.050112 -0.025111 0.109832
v 0.048466 -0.024286 0.111618
v 0.046573 -0.023337 0.113065
v 0.044487 -0.022292 0.114129
v 0.042269 -0.021181 0.114781
v 0.052225 -0.020353 0.109832
v 0.050510 -0.019685 0.111618
v 0.048537 -0.018916 0.113065
v 0.046363 -0.018069 0.114129
v 0.044051 -0.017168 0.114781
v 0.053888 -0.015421 0.109832
v 0.052119 -0.014914 0.111618
v 0.050083 -0.014332 0.113065
v 0.047839 -0.013690 0.114129
v 0.045454 -0.013007 0.114781
v 0.055087 -0.010355 0.109832
v 0.053278 -0.010015 0.111618
v 0.051196 -0.009624 0.113065
v 0.048903 -0.009193 0.114129
v 0.046465 -0.008734 0.114781
v 0.055810 -0.005200 0.109832
v 0.053977 -0.005029 0.111618
v 0.051868 -0.004833 0.113065
v 0.049545 -0.004616 0.114129
v 0.047075 -0.004386 0.114781
v 0.056051 -0.000000 0.109832
v 0.054211 -0.000000 0.111618
v 0.052093 -0.000000 0.113065
v 0.049759 -0.000000 0.114129
v 0.047279 -0.000000 0.114781
v 0.055810 0.005200 0.109832
v 0.053977 0.005029 0.111618
v 0.051868 0.004833 0.113065
v 0.049545 0.004616 0.114129
v 0.047075 0.004386 0.114781
v 0.055087 0.010355 0.109832
v 0.053278 0.010015 0.111618
v 0.051196 0.009624 0.113065
v 0.048903 0.009193 0.114129
v 0.046465 0.008734 0.114781
v 0.053888 0.015421 0.109832
v 0.052119 0.014914 0.111618
v 0.050083 0.014332 0.113065
v 0.047839 0.013690 0.114129
v 0.045454 0.013007 0.114781
v 0.052225 0.020353 0.109832
v 0.050510 0.019685 0.111618
v 0.048537 0.018916 0.113065
v 0.046363 0.018069 0.114129
v 0.044051 0.017168 0.114781
v 0.050112 0.025111 0.109832
v 0.048466 0.024286 0.111618
v 0.046573 0.023337 0.113065
v 0.044487 0.022292 0.114129
v 0.042269 0.021181 0.114781
v 0.047566 0.029651 0.109832
v 0.046004 0.028678 0.111618
v 0.044207 0.027557 0.113065
v 0.042227 0.026323 0.114129
v 0.044610 0.033936 0.109832
v 0.043146 0.032822 0.111618
v 0.041460 0.031539 0.113065
v 0.039603 0.030127 0.114129
v 0.037628 0.028625 0.114781
v 0.041270 0.037928 0.109832
v 0.039915 0.036683 0.111618
v 0.038355 0.035250 0.113065
v 0.036637 0.033671 0.114129
v 0.034811 0.031992 0.114781
v 0.037573 0.041593 0.109832
v 0.036339 0.040228 0.111618
v 0.034920 0.038656 0.113065
v 0.033355 0.036924 0.114129
v 0.031692 0.035083 0.114781
v 0.033553 0.044900 0.109832
v 0.032451 0.043425 0.111618
v 0.031183 0.041729 0.113065
v 0.029786 0.039859 0.114129
v 0.028301 0.037872 0.114781
v 0.029242 0.047819 0.109832
v 0.028282 0.046248 0.111618
v 0.027177 0.044442 0.113065
v 0.025960 0.042451 0.114129
v 0.024666 0.040334 0.114781
v 0.024680 0.050325 0.109832
v 0.023870 0.048673 0.111618
v 0.022937 0.046771 0.113065
v -0.025345 0.051681 0.107759
v -0.030030 0.049106 0.107759
v -0.034456 0.046109 0.107759
v -0.038585 0.042713 0.107759
v -0.042381 0.038950 0.107759
v -0.045812 0.034850 0.107759
v -0.048847 0.030450 0.107759
v -0.051461 0.025787 0.107759
v -0.053632 0.020902 0.107759
v -0.055340 0.015836 0.107759
v -0.056570 0.010634 0.107759
v -0.057313 0.005340 0.107759
v -0.057561 -0.000000 0.107759
v -0.057313 -0.005340 0.107759
v -0.056570 -0.010634 0.107759
v -0.055340 -0.015836 0.107759
v -0.053632 -0.020902 0.107759
v -0.051461 -0.025787 0.107759
v -0.048847 -0.030450 0.107759
v -0.045812 -0.034850 0.107759
v -0.042381 -0.038950 0.107759
v -0.038585 -0.042713 0.107759
v -0.034456 -0.046109 0.107759
v -0.030030 -0.049106 0.107759
v -0.025345 -0.051681 0.107759
v -0.028677 -0.034319 0.115000
v -0.032051 -0.031191 0.115000
v -0.035086 -0.027734 0.115000
v -0.037749 -0.023983 0.115000
v -0.040013 -0.019978 0.115000
v -0.041853 -0.015762 0.115000
v -0.043251 -0.011379 0.115000
v -0.044191 -0.006876 0.115000
v -0.044664 -0.002300 0.115000
v -0.044664 0.002300 0.115000
v -0.044191 0.006876 0.115000
v -0.043251 0.011379 0.115000
v -0.041853 0.015762 0.115000
v -0.040013 0.019978 0.115000
v -0.037749 0.023983 0.115000
v -0.035086 0.027734 0.115000
v -0.032051 0.031191 0.115000
v -0.028677 0.034319 0.115000
v -0.040122 -0.025010 0.114781
v -0.040122 0.025010 0.114781
v -0.033553 0.044900 0.109832
v -0.032451 0.043425 0.111618
v -0.031183 0.041729 0.113065
v -0.029786 0.039859 0.114129
v -0.028301 0.037872 0.114781
v -0.024666 0.040334 0.114781
v -0.025960 0.042451 0.114129
v -0.027177 0.044442 0.113065
v -0.028282 0.046248 0.111618
v -0.029242 0.047819 0.109832
v -0.022937 0.046771 0.113065
v -0.023870 0.048673 0.111618
v -0.024680 0.050325 0.109832
v -0.037573 0.041593 0.109832
v -0.036339 0.040228 0.111618
v -0.034920 0.038656 0.113065
v -0.033355 0.036924 0.114129
v -0.031692 0.035083 0.114781
v -0.041270 0.037928 0.109832
v -0.039915 0.036683 0.111618
v -0.038355 0.035250 0.113065
v -0.036637 0.033671 0.114129
v -0.034811 0.031992 0.114781
v -0.044610 0.033936 0.109832
v -0.043146 0.032822 0.111618
v -0.041460 0.031539 0.113065
v -0.039603 0.030127 0.114129
v -0.037628 0.028625 0.114781
v -0.047566 0.029651 0.109832
v -0.046004 0.028678 0.111618
v -0.044207 0.027557 0.113065
v -0.042227 0.026323 0.114129
v -0.050112 0.025111 0.109832
v -0.048466 0.024286 0.111618
v -0.046573 0.023337 0.113065
v -0.044487 0.022292 0.114129
v -0.042269 0.021181 0.114781
v -0.052225 0.020353 0.109832
v -0.050510 0.019685 0.111618
v -0.048537 0.018916 0.113065
v -0.046363 0.018069 0.114129
v -0.044051 0.017168 0.114781
v -0.053888 0.015421 0.109832
v -0.052119 0.014914 0.111618
v -0.050083 0.014332 0.113065
v -0.047839 0.013690 0.114129
v -0.045454 0.013007 0.114781
v -0.055087 0.010355 0.109832
v -0.053278 0.010015 0.111618
v -0.051196 0.009624 0.113065
v -0.048903 0.009193 0.114129
v -0.046465 0.008734 0.114781
v -0.055810 0.005200 0.109832
v -0.053977 0.005029 0.111618
v -0.051868 0.004833 0.113065
v -0.049545 0.004616 0.114129
v -0.047075 0.004386 0.114781
v -0.056051 -0.000000 0.109832
v -0.054211 -0.000000 0.111618
v -0.052093 -0.000000 0.113065
v -0.049759 -0.000000 0.114129
v -0.047279 -0.000000 0.114781
v -0.055810 -0.005200 0.109832
v -0.053977 -0.005029 0.111618
v -0.051868 -0.004833 0.113065
v -0.049545 -0.004616 0.114129
v -0.047075 -0.004386 0.114781
v -0.055087 -0.010355 0.109832
v -0.053278 -0.010015 0.111618
v -0.051196 -0.009624 0.113065
v -0.048903 -0.009193 0.114129
v -0.046465 -0.008734 0.114781
v -0.053888 -0.015421 0.109832
v -0.052119 -0.014914 0.111618
v -0.050083 -0.014332 0.113065
v -0.047839 -0.013690 0.114129
v -0.045454 -0.013007 0.114781
v -0.052225 -0.020353 0.109832
v -0.050510 -0.019685 0.111618
v -0.048537 -0.018916 0.113065
v -0.046363 -0.018069 0.114129
v -0.044051 -0.017168 0.114781
v -0.050112 -0.025111 0.109832
v -0.048466 -0.024286 0.111618
v -0.046573 -0.023337 0.113065
v -0.044487 -0.022292 0.114129
v -0.042269 -0.021181 0.114781
v -0.047566 -0.029651 0.109832
v -0.046004 -0.028678 0.111618
v -0.044207 -0.027557 0.113065
v -0.042227 -0.026323 0.114129
v -0.044610 -0.033936 0.109832
v -0.043146 -0.032822 0.111618
v -0.041460 -0.031539 0.113065
v -0.039603 -0.030127 0.114129
v -0.037628 -0.028625 0.114781
v -0.041270 -0.037928 0.109832
v -0.039915 -0.036683 0.111618
v -0.038355 -0.035250 0.113065
v -0.036637 -0.033671 0.114129
v -0.034811 -0.031992 0.114781
v -0.037573 -0.041593 0.109832
v -0.036339 -0.040228 0.111618
v -0.034920 -0.038656 0.113065
v -0.033355 -0.036924 0.114129
v -0.031692 -0.035083 0.114781
v -0.033553 -0.044900 0.109832
v -0.032451 -0.043425 0.111618
v -0.031183 -0.041729 0.113065
v -0.029786 -0.039859 0.114129
v -0.028301 -0.037872 0.114781
v -0.029242 -0.047819 0.109832
v -0.028282 -0.046248 0.111618
v -0.027177 -0.044442 0.113065
v -0.025960 -0.042451 0.114129
v -0.024666 -0.040334 0.114781
v -0.024680 -0.050325 0.109832
v -0.023870 -0.048673 0.111618
v -0.022937 -0.046771 0.113065
v 0.000000 0.089863 0.054310
v -0.006796 0.089606 0.054310
v -0.013554 0.088835 0.054310
v -0.020233 0.087556 0.054310
v -0.026797 0.085775 0.054310
v -0.033207 0.083502 0.054310
v -0.039427 0.080752 0.054310
v -0.045422 0.077539 0.054310
v -0.051156 0.073882 0.054310
v -0.056597 0.069801 0.054310
v -0.061714 0.065321 0.054310
v -0.066477 0.060466 0.054310
v -0.070860 0.055266 0.054310
v -0.074836 0.049748 0.054310
v -0.078384 0.043946 0.054310
v -0.081484 0.037892 0.054310
v -0.084116 0.031621 0.054310
v -0.086266 0.025169 0.054310
v -0.087923 0.018573 0.054310
v -0.089076 0.011870 0.054310
v -0.089718 0.005099 0.054310
v -0.089847 -0.001701 0.054310
v -0.089461 -0.008491 0.054310
v -0.088563 -0.015232 0.054310
v -0.087157 -0.021887 0.054310
v -0.085252 -0.028415 0.054310
v -0.082859 -0.034782 0.054310
v -0.079991 -0.040948 0.054310
v -0.076665 -0.046881 0.054310
v -0.072900 -0.052545 0.054310
v -0.068718 -0.057908 0.054310
v -0.064141 -0.062939 0.054310
v -0.059198 -0.067609 0.054310
v -0.053915 -0.071893 0.054310
v -0.048323 -0.075764 0.054310
v -0.042455 -0.079202 0.054310
v -0.036343 -0.082186 0.054310
v -0.030024 -0.084699 0.054310
v -0.023532 -0.086727 0.054310
v -0.016905 -0.088259 0.054310
v -0.010182 -0.089284 0.054310
v -0.003401 -0.089799 0.054310
v 0.003401 -0.089799 0.054310
v 0.010182 -0.089284 0.054310
v 0.016905 -0.088259 0.054310
v 0.023532 -0.086727 0.054310
v 0.030024 -0.084699 0.054310
v 0.036343 -0.082186 0.054310
v 0.042455 -0.079202 0.054310
v 0.048323 -0.075764 0.054310
v 0.053915 -0.071893 0.054310
v 0.059198 -0.067609 0.054310
v 0.064141 -0.062939 0.054310
v 0.068718 -0.057908 0.054310
v 0.072900 -0.052545 0.054310
v 0.076665 -0.046881 0.054310
v 0.079991 -0.040948 0.054310
v 0.082859 -0.034782 0.054310
v 0.085252 -0.028415 0.054310
v 0.087157 -0.021887 0.054310
v 0.088563 -0.015232 0.054310
v 0.089461 -0.008491 0.054310
v 0.089847 -0.001701 0.054310
v 0.089718 0.005099 0.054310
v 0.089076 0.011870 0.054310
v 0.087923 0.018573 0.054310
v 0.086266 0.025169 0.054310
v 0.084116 0.031621 0.054310
v 0.081484 0.037892 0.054310
v 0.078384 0.043946 0.054310
v 0.074836 0.049748 0.054310
v 0.070860 0.055266 0.054310
v 0.066477 0.060466 0.054310
v 0.061714 0.065321 0.054310
v 0.056597 0.069801 0.054310
v 0.051156 0.073882 0.054310
v 0.045422 0.077539 0.054310
v 0.039427 0.080752 0.054310
v 0.033207 0.083502 0.054310
v 0.026797 0.085775 0.054310
v 0.020233 0.087556 0.054310
v 0.013554 0.088835 0.054310
v 0.006796 0.089606 0.054310
v -0.000000 -0.000000 -0.105000
v -0.093356 -0.000000 0.048060
v -0.096414 -0.000000 0.041585
v -0.099024 -0.000000 0.034917
v -0.101174 -0.000000 0.028087
v -0.102853 -0.000000 0.021127
v -0.104053 -0.000000 0.014068
v -0.104770 -0.000000 0.006943
v -0.105000 -0.000000 -0.000213
v -0.104741 -0.000000 -0.007369
v -0.103995 -0.000000 -0.014491
v -0.102766 -0.000000 -0.021545
v -0.101059 -0.000000 -0.028498
v -0.098881 -0.000000 -0.035320
v -0.096244 -0.000000 -0.041977
v -0.093160 -0.000000 -0.048439
v -0.089642 -0.000000 -0.054675
v -0.085707 -0.000000 -0.060658
v -0.081374 -0.000000 -0.066358
v -0.076662 -0.000000 -0.071749
v -0.071593 -0.000000 -0.076807
v -0.066192 -0.000000 -0.081508
v -0.060483 -0.000000 -0.085830
v -0.054493 -0.000000 -0.089753
v -0.048249 -0.000000 -0.093258
v -0.041781 -0.000000 -0.096329
v -0.035119 -0.000000 -0.098953
v -0.028293 -0.000000 -0.101116
v -0.021336 -0.000000 -0.102809
v -0.014279 -0.000000 -0.104025
v -0.007156 -0.000000 -0.104756
v -0.075526 -0.054873 0.048060
v 0.003258 -0.093299 0.048060
v 0.075526 -0.054873 0.048060
v 0.089739 0.025732 0.048060
v -0.034972 0.086558 0.048060
v -0.089739 0.025732 0.048060
v 0.003258 0.093299 0.048060
v 0.003365 0.096355 0.041585
v 0.003456 0.098964 0.034917
v 0.003531 0.101112 0.028087
v 0.003590 0.102790 0.021127
v 0.003631 0.103990 0.014068
v 0.003656 0.104706 0.006943
v 0.003664 0.104936 -0.000213
v 0.003655 0.104677 -0.007369
v 0.003629 0.103932 -0.014491
v 0.003586 0.102703 -0.021545
v 0.003527 0.100997 -0.028498
v 0.003451 0.098821 -0.035320
v 0.003359 0.096186 -0.041977
v 0.003251 0.093103 -0.048439
v 0.003128 0.089587 -0.054675
v 0.002991 0.085655 -0.060658
v 0.002840 0.081324 -0.066358
v 0.002675 0.076615 -0.071749
v 0.002499 0.071550 -0.076807
v 0.002310 0.066152 -0.081508
v 0.002111 0.060446 -0.085830
v 0.001902 0.054460 -0.089753
v 0.001684 0.048220 -0.093258
v 0.001458 0.041756 -0.096329
v 0.001226 0.035097 -0.098953
v 0.000987 0.028276 -0.101116
v 0.000745 0.021323 -0.102809
v 0.000498 0.014270 -0.104025
v 0.000250 0.007152 -0.104756
v -0.000250 0.007152 -0.104756
v -0.000498 0.014270 -0.104025
v -0.000745 0.021323 -0.102809
v -0.000987 0.028276 -0.101116
v -0.001226 0.035097 -0.098953
v -0.001458 0.041756 -0.096329
v -0.001684 0.048220 -0.093258
v -0.001902 0.054460 -0.089753
v -0.002111 0.060446 -0.085830
v -0.002310 0.066152 -0.081508
v -0.002499 0.071550 -0.076807
v -0.002675 0.076615 -0.071749
v -0.002840 0.081324 -0.066358
v -0.002991 0.085655 -0.060658
v -0.003128 0.089587 -0.054675
v -0.003251 0.093103 -0.048439
v -0.003359 0.096186 -0.041977
v -0.003451 0.098821 -0.035320
v -0.003527 0.100997 -0.028498
v -0.003586 0.102703 -0.021545
v -0.003629 0.103932 -0.014491
v -0.003655 0.104677 -0.007369
v -0.003664 0.104936 -0.000213
v -0.003656 0.104706 0.006943
v -0.003631 0.103990 0.014068
v -0.003590 0.102790 0.021127
v -0.003531 0.101112 0.028087
v -0.003456 0.098964 0.034917
v -0.003365 0.096355 0.041585
v -0.003258 0.093299 0.048060
v 0.009758 0.092844 0.048060
v 0.010078 0.095886 0.041585
v 0.010351 0.098482 0.034917
v 0.010576 0.100619 0.028087
v 0.010751 0.102289 0.021127
v 0.010877 0.103483 0.014068
v 0.010951 0.104196 0.006943
v 0.010975 0.104425 -0.000213
v 0.010948 0.104167 -0.007369
v 0.010870 0.103426 -0.014491
v 0.010742 0.102203 -0.021545
v 0.010564 0.100505 -0.028498
v 0.010336 0.098340 -0.035320
v 0.010060 0.095717 -0.041977
v 0.009738 0.092649 -0.048439
v 0.009370 0.089151 -0.054675
v 0.008959 0.085237 -0.060658
v 0.008506 0.080928 -0.066358
v 0.008013 0.076242 -0.071749
v 0.007484 0.071201 -0.076807
v 0.006919 0.065830 -0.081508
v 0.006322 0.060152 -0.085830
v 0.005696 0.054194 -0.089753
v 0.005043 0.047985 -0.093258
v 0.004367 0.041552 -0.096329
v 0.003671 0.034926 -0.098953
v 0.002957 0.028138 -0.101116
v 0.002230 0.021219 -0.102809
v 0.001493 0.014201 -0.104025
v 0.000748 0.007117 -0.104756
v 0.016211 0.091937 0.048060
v 0.016742 0.094949 0.041585
v 0.017195 0.097520 0.034917
v 0.017569 0.099637 0.028087
v 0.017860 0.101290 0.021127
v 0.018069 0.102473 0.014068
v 0.018193 0.103178 0.006943
v 0.018233 0.103405 -0.000213
v 0.018188 0.103150 -0.007369
v 0.018059 0.102415 -0.014491
v 0.017845 0.101205 -0.021545
v 0.017549 0.099523 -0.028498
v 0.017171 0.097379 -0.035320
v 0.016713 0.094782 -0.041977
v 0.016177 0.091744 -0.048439
v 0.015566 0.088280 -0.054675
v 0.014883 0.084405 -0.060658
v 0.014130 0.080137 -0.066358
v 0.013312 0.075497 -0.071749
v 0.012432 0.070506 -0.076807
v 0.011494 0.065187 -0.081508
v 0.010503 0.059564 -0.085830
v 0.009463 0.053665 -0.089753
v 0.008378 0.047516 -0.093258
v 0.007255 0.041146 -0.096329
v 0.006098 0.034585 -0.098953
v 0.004913 0.027863 -0.101116
v 0.003705 0.021011 -0.102809
v 0.002480 0.014062 -0.104025
v 0.001243 0.007047 -0.104756
v 0.022585 0.090583 0.048060
v 0.023325 0.093550 0.041585
v 0.023956 0.096083 0.034917
v 0.024476 0.098168 0.028087
v 0.024882 0.099797 0.021127
v 0.025173 0.100963 0.014068
v 0.025346 0.101658 0.006943
v 0.025402 0.101881 -0.000213
v 0.025339 0.101630 -0.007369
v 0.025159 0.100906 -0.014491
v 0.024861 0.099713 -0.021545
v 0.024448 0.098057 -0.028498
v 0.023922 0.095944 -0.035320
v 0.023284 0.093385 -0.041977
v 0.022537 0.090392 -0.048439
v 0.021686 0.086979 -0.054675
v 0.020734 0.083161 -0.060658
v 0.019686 0.078956 -0.066358
v 0.018546 0.074385 -0.071749
v 0.017320 0.069467 -0.076807
v 0.016013 0.064226 -0.081508
v 0.014632 0.058687 -0.085830
v 0.013183 0.052874 -0.089753
v 0.011673 0.046816 -0.093258
v 0.010108 0.040540 -0.096329
v 0.008496 0.034075 -0.098953
v 0.006845 0.027452 -0.101116
v 0.005162 0.020702 -0.102809
v 0.003454 0.013855 -0.104025
v 0.001731 0.006944 -0.104756
v 0.028848 0.088787 0.048060
v 0.029794 0.091695 0.041585
v 0.030600 0.094178 0.034917
v 0.031264 0.096222 0.028087
v 0.031783 0.097819 0.021127
v 0.032154 0.098961 0.014068
v 0.032376 0.099642 0.006943
v 0.032447 0.099861 -0.000213
v 0.032367 0.099615 -0.007369
v 0.032136 0.098905 -0.014491
v 0.031756 0.097736 -0.021545
v 0.031229 0.096112 -0.028498
v 0.030556 0.094042 -0.035320
v 0.029741 0.091534 -0.041977
v 0.028788 0.088600 -0.048439
v 0.027701 0.085254 -0.054675
v 0.026485 0.081512 -0.060658
v 0.025146 0.077391 -0.066358
v 0.023690 0.072910 -0.071749
v 0.022124 0.068089 -0.076807
v 0.020455 0.062953 -0.081508
v 0.018690 0.057523 -0.085830
v 0.016839 0.051826 -0.089753
v 0.014910 0.045888 -0.093258
v 0.012911 0.039736 -0.096329
v 0.010852 0.033400 -0.098953
v 0.008743 0.026908 -0.101116
v 0.006593 0.020291 -0.102809
v 0.004412 0.013580 -0.104025
v 0.002211 0.006806 -0.104756
v 0.034972 0.086558 0.048060
v 0.036117 0.089394 0.041585
v 0.037095 0.091814 0.034917
v 0.037900 0.093807 0.028087
v 0.038529 0.095363 0.021127
v 0.038979 0.096477 0.014068
v 0.039248 0.097141 0.006943
v 0.039334 0.097354 -0.000213
v 0.039237 0.097114 -0.007369
v 0.038957 0.096423 -0.014491
v 0.038497 0.095283 -0.021545
v 0.037857 0.093700 -0.028498
v 0.037042 0.091681 -0.035320
v 0.036054 0.089236 -0.041977
v 0.034898 0.086376 -0.048439
v 0.033580 0.083114 -0.054675
v 0.032106 0.079466 -0.060658
v 0.030483 0.075448 -0.066358
v 0.028718 0.071080 -0.071749
v 0.026819 0.066380 -0.076807
v 0.024796 0.061372 -0.081508
v 0.022657 0.056079 -0.085830
v 0.020413 0.050525 -0.089753
v 0.018074 0.044736 -0.093258
v 0.015651 0.038739 -0.096329
v 0.013156 0.032561 -0.098953
v 0.010599 0.026233 -0.101116
v 0.007992 0.019782 -0.102809
v 0.005349 0.013239 -0.104025
v 0.002681 0.006635 -0.104756
v 0.046678 0.080848 0.048060
v 0.048207 0.083497 0.041585
v 0.049512 0.085757 0.034917
v 0.050587 0.087619 0.028087
v 0.051426 0.089073 0.021127
v 0.052027 0.090113 0.014068
v 0.052385 0.090734 0.006943
v 0.052500 0.090932 -0.000213
v 0.052371 0.090708 -0.007369
v 0.051998 0.090063 -0.014491
v 0.051383 0.088998 -0.021545
v 0.050529 0.087519 -0.028498
v 0.049441 0.085634 -0.035320
v 0.048122 0.083350 -0.041977
v 0.046580 0.080679 -0.048439
v 0.044821 0.077632 -0.054675
v 0.042853 0.074224 -0.060658
v 0.040687 0.070472 -0.066358
v 0.038331 0.066391 -0.071749
v 0.035797 0.062002 -0.076807
v 0.033096 0.057324 -0.081508
v 0.030242 0.052380 -0.085830
v 0.027246 0.047192 -0.089753
v 0.024125 0.041785 -0.093258
v 0.020891 0.036183 -0.096329
v 0.017559 0.030414 -0.098953
v 0.014146 0.024502 -0.101116
v 0.010668 0.018477 -0.102809
v 0.007140 0.012366 -0.104025
v 0.003578 0.006197 -0.104756
v 0.003137 0.006432 -0.104756
v 0.006260 0.012834 -0.104025
v 0.009354 0.019176 -0.102809
v 0.012404 0.025429 -0.101116
v 0.015397 0.031563 -0.098953
v 0.018319 0.037551 -0.096329
v 0.021155 0.043364 -0.093258
v 0.023893 0.048975 -0.089753
v 0.026521 0.054359 -0.085830
v 0.029025 0.059489 -0.081508
v 0.031394 0.064343 -0.076807
v 0.033618 0.068898 -0.071749
v 0.035685 0.073132 -0.066358
v 0.037586 0.077026 -0.060658
v 0.039313 0.080561 -0.054675
v 0.040857 0.083722 -0.048439
v 0.042211 0.086494 -0.041977
v 0.043368 0.088863 -0.035320
v 0.044325 0.090819 -0.028498
v 0.045075 0.092353 -0.021545
v 0.045615 0.093457 -0.014491
v 0.045944 0.094127 -0.007369
v 0.046058 0.094359 -0.000213
v 0.045959 0.094152 0.006943
v 0.045646 0.093507 0.014068
v 0.045120 0.092427 0.021127
v 0.044385 0.090918 0.028087
v 0.043443 0.088986 0.034917
v 0.042299 0.086640 0.041585
v 0.040959 0.083891 0.048060
v 0.052204 0.077395 0.048060
v 0.053914 0.079931 0.041585
v 0.055374 0.082095 0.034917
v 0.056576 0.083877 0.028087
v 0.057514 0.085269 0.021127
v 0.058186 0.086264 0.014068
v 0.058587 0.086858 0.006943
v 0.058715 0.087049 -0.000213
v 0.058570 0.086834 -0.007369
v 0.058153 0.086216 -0.014491
v 0.057466 0.085197 -0.021545
v 0.056511 0.083781 -0.028498
v 0.055294 0.081976 -0.035320
v 0.053819 0.079790 -0.041977
v 0.052094 0.077233 -0.048439
v 0.050127 0.074316 -0.054675
v 0.047927 0.071054 -0.060658
v 0.045503 0.067462 -0.066358
v 0.042869 0.063555 -0.071749
v 0.040035 0.059354 -0.076807
v 0.037014 0.054876 -0.081508
v 0.033822 0.050143 -0.085830
v 0.030472 0.045177 -0.089753
v 0.026981 0.040000 -0.093258
v 0.023364 0.034638 -0.096329
v 0.019638 0.029115 -0.098953
v 0.015821 0.023456 -0.101116
v 0.011931 0.017688 -0.102809
v 0.007985 0.011838 -0.104025
v 0.004002 0.005933 -0.104756
v 0.057475 0.073565 0.048060
v 0.059358 0.075975 0.041585
v 0.060965 0.078032 0.034917
v 0.062289 0.079726 0.028087
v 0.063322 0.081049 0.021127
v 0.064062 0.081995 0.014068
v 0.064503 0.082560 0.006943
v 0.064644 0.082741 -0.000213
v 0.064485 0.082537 -0.007369
v 0.064026 0.081949 -0.014491
v 0.063269 0.080981 -0.021545
v 0.062218 0.079635 -0.028498
v 0.060877 0.077920 -0.035320
v 0.059254 0.075841 -0.041977
v 0.057355 0.073411 -0.048439
v 0.055189 0.070639 -0.054675
v 0.052766 0.067538 -0.060658
v 0.050099 0.064123 -0.066358
v 0.047198 0.060410 -0.071749
v 0.044077 0.056416 -0.076807
v 0.040752 0.052160 -0.081508
v 0.037237 0.047661 -0.085830
v 0.033549 0.042941 -0.089753
v 0.029705 0.038021 -0.093258
v 0.025723 0.032924 -0.096329
v 0.021621 0.027674 -0.098953
v 0.017419 0.022295 -0.101116
v 0.013136 0.016813 -0.102809
v 0.008791 0.011252 -0.104025
v 0.004406 0.005639 -0.104756
v 0.062467 0.069377 0.048060
v 0.064514 0.071650 0.041585
v 0.066260 0.073589 0.034917
v 0.067698 0.075187 0.028087
v 0.068822 0.076434 0.021127
v 0.069625 0.077327 0.014068
v 0.070105 0.077859 0.006943
v 0.070259 0.078030 -0.000213
v 0.070085 0.077838 -0.007369
v 0.069586 0.077284 -0.014491
v 0.068764 0.076370 -0.021545
v 0.067621 0.075101 -0.028498
v 0.066165 0.073483 -0.035320
v 0.064400 0.071523 -0.041977
v 0.062336 0.069231 -0.048439
v 0.059982 0.066617 -0.054675
v 0.057349 0.063693 -0.060658
v 0.054450 0.060472 -0.066358
v 0.051297 0.056971 -0.071749
v 0.047905 0.053204 -0.076807
v 0.044291 0.049190 -0.081508
v 0.040471 0.044948 -0.085830
v 0.036463 0.040496 -0.089753
v 0.032285 0.035856 -0.093258
v 0.027957 0.031049 -0.096329
v 0.023499 0.026098 -0.098953
v 0.018932 0.021026 -0.101116
v 0.014276 0.015855 -0.102809
v 0.009555 0.010611 -0.104025
v 0.004788 0.005318 -0.104756
v 0.067154 0.064850 0.048060
v 0.069354 0.066975 0.041585
v 0.071232 0.068788 0.034917
v 0.072778 0.070281 0.028087
v 0.073986 0.071447 0.021127
v 0.074850 0.072282 0.014068
v 0.075365 0.072779 0.006943
v 0.075531 0.072939 -0.000213
v 0.075344 0.072759 -0.007369
v 0.074808 0.072241 -0.014491
v 0.073924 0.071387 -0.021545
v 0.072695 0.070201 -0.028498
v 0.071129 0.068689 -0.035320
v 0.069232 0.066857 -0.041977
v 0.067013 0.064714 -0.048439
v 0.064483 0.062270 -0.054675
v 0.061652 0.059537 -0.060658
v 0.058535 0.056527 -0.066358
v 0.055146 0.053254 -0.071749
v 0.051500 0.049733 -0.076807
v 0.047615 0.045981 -0.081508
v 0.043508 0.042015 -0.085830
v 0.039199 0.037854 -0.089753
v 0.034708 0.033517 -0.093258
v 0.030055 0.029024 -0.096329
v 0.025262 0.024395 -0.098953
v 0.020352 0.019654 -0.101116
v 0.015348 0.014821 -0.102809
v 0.010272 0.009919 -0.104025
v 0.005148 0.004971 -0.104756
v 0.071515 0.060008 0.048060
v 0.073857 0.061974 0.041585
v 0.075857 0.063651 0.034917
v 0.077503 0.065033 0.028087
v 0.078790 0.066112 0.021127
v 0.079709 0.066884 0.014068
v 0.080259 0.067345 0.006943
v 0.080435 0.067493 -0.000213
v 0.080236 0.067326 -0.007369
v 0.079665 0.066847 -0.014491
v 0.078723 0.066057 -0.021545
v 0.077415 0.064959 -0.028498
v 0.075748 0.063560 -0.035320
v 0.073727 0.061865 -0.041977
v 0.071364 0.059882 -0.048439
v 0.068669 0.057621 -0.054675
v 0.065655 0.055091 -0.060658
v 0.062336 0.052306 -0.066358
v 0.058726 0.049277 -0.071749
v 0.054844 0.046019 -0.076807
v 0.050706 0.042548 -0.081508
v 0.046333 0.038878 -0.085830
v 0.041744 0.035027 -0.089753
v 0.036961 0.031014 -0.093258
v 0.032006 0.026856 -0.096329
v 0.026902 0.022574 -0.098953
v 0.021674 0.018186 -0.101116
v 0.016344 0.013714 -0.102809
v 0.010938 0.009178 -0.104025
v 0.005482 0.004600 -0.104756
v 0.075526 0.054873 0.048060
v 0.078001 0.056671 0.041585
v 0.080112 0.058205 0.034917
v 0.081851 0.059468 0.028087
v 0.083210 0.060455 0.021127
v 0.084181 0.061161 0.014068
v 0.084761 0.061582 0.006943
v 0.084947 0.061717 -0.000213
v 0.084737 0.061565 -0.007369
v 0.084134 0.061127 -0.014491
v 0.083139 0.060404 -0.021545
v 0.081758 0.059401 -0.028498
v 0.079997 0.058121 -0.035320
v 0.077863 0.056571 -0.041977
v 0.075368 0.054758 -0.048439
v 0.072522 0.052690 -0.054675
v 0.069338 0.050377 -0.060658
v 0.065833 0.047830 -0.066358
v 0.062021 0.045061 -0.071749
v 0.057920 0.042082 -0.076807
v 0.053551 0.038907 -0.081508
v 0.048932 0.035551 -0.085830
v 0.044086 0.032030 -0.089753
v 0.039034 0.028360 -0.093258
v 0.033802 0.024558 -0.096329
v 0.028412 0.020642 -0.098953
v 0.022889 0.016630 -0.101116
v 0.017261 0.012541 -0.102809
v 0.011552 0.008393 -0.104025
v 0.005789 0.004206 -0.104756
v 0.079170 0.049471 0.048060
v 0.081764 0.051092 0.041585
v 0.083977 0.052475 0.034917
v 0.085800 0.053614 0.028087
v 0.087224 0.054504 0.021127
v 0.088242 0.055140 0.014068
v 0.088850 0.055520 0.006943
v 0.089045 0.055641 -0.000213
v 0.088825 0.055504 -0.007369
v 0.088193 0.055109 -0.014491
v 0.087150 0.054458 -0.021545
v 0.085703 0.053553 -0.028498
v 0.083856 0.052399 -0.035320
v 0.081620 0.051002 -0.041977
v 0.079004 0.049367 -0.048439
v 0.076020 0.047503 -0.054675
v 0.072684 0.045418 -0.060658
v 0.069009 0.043121 -0.066358
v 0.065013 0.040625 -0.071749
v 0.060715 0.037939 -0.076807
v 0.056134 0.035077 -0.081508
v 0.051293 0.032051 -0.085830
v 0.046213 0.028877 -0.089753
v 0.040918 0.025568 -0.093258
v 0.035432 0.022141 -0.096329
v 0.029782 0.018610 -0.098953
v 0.023994 0.014993 -0.101116
v 0.018094 0.011306 -0.102809
v 0.012109 0.007567 -0.104025
v 0.006069 0.003792 -0.104756
v 0.082428 0.043828 0.048060
v 0.085129 0.045264 0.041585
v 0.087433 0.046489 0.034917
v 0.089331 0.047498 0.028087
v 0.090813 0.048286 0.021127
v 0.091874 0.048850 0.014068
v 0.092507 0.049187 0.006943
v 0.092709 0.049294 -0.000213
v 0.092481 0.049173 -0.007369
v 0.091822 0.048823 -0.014491
v 0.090737 0.048246 -0.021545
v 0.089229 0.047444 -0.028498
v 0.087307 0.046422 -0.035320
v 0.084979 0.045184 -0.041977
v 0.082255 0.043736 -0.048439
v 0.079149 0.042084 -0.054675
v 0.075675 0.040237 -0.060658
v 0.071849 0.038203 -0.066358
v 0.067688 0.035991 -0.071749
v 0.063213 0.033611 -0.076807
v 0.058444 0.031075 -0.081508
v 0.053403 0.028395 -0.085830
v 0.048114 0.025583 -0.089753
v 0.042601 0.022652 -0.093258
v 0.036890 0.019615 -0.096329
v 0.031008 0.016487 -0.098953
v 0.024981 0.013283 -0.101116
v 0.018838 0.010016 -0.102809
v 0.012608 0.006704 -0.104025
v 0.006319 0.003360 -0.104756
v 0.085285 0.037971 0.048060
v 0.088079 0.039215 0.041585
v 0.090463 0.040277 0.034917
v 0.092427 0.041151 0.028087
v 0.093961 0.041834 0.021127
v 0.095057 0.042322 0.014068
v 0.095712 0.042614 0.006943
v 0.095922 0.042707 -0.000213
v 0.095686 0.042602 -0.007369
v 0.095004 0.042299 -0.014491
v 0.093881 0.041799 -0.021545
v 0.092322 0.041104 -0.028498
v 0.090333 0.040219 -0.035320
v 0.087923 0.039146 -0.041977
v 0.085105 0.037891 -0.048439
v 0.081892 0.036461 -0.054675
v 0.078297 0.034860 -0.060658
v 0.074338 0.033098 -0.066358
v 0.070034 0.031181 -0.071749
v 0.065404 0.029120 -0.076807
v 0.060470 0.026923 -0.081508
v 0.055254 0.024601 -0.085830
v 0.049782 0.022164 -0.089753
v 0.044078 0.019625 -0.093258
v 0.038169 0.016994 -0.096329
v 0.032082 0.014284 -0.098953
v 0.025847 0.011508 -0.101116
v 0.019491 0.008678 -0.102809
v 0.013045 0.005808 -0.104025
v 0.006538 0.002911 -0.104756
v 0.087726 0.031930 0.048060
v 0.090600 0.032976 0.041585
v 0.093052 0.033868 0.034917
v 0.095072 0.034603 0.028087
v 0.096650 0.035178 0.021127
v 0.097778 0.035588 0.014068
v 0.098452 0.035834 0.006943
v 0.098668 0.035912 -0.000213
v 0.098424 0.035824 -0.007369
v 0.097724 0.035568 -0.014491
v 0.096568 0.035148 -0.021545
v 0.094964 0.034564 -0.028498
v 0.092918 0.033819 -0.035320
v 0.090440 0.032917 -0.041977
v 0.087541 0.031862 -0.048439
v 0.084236 0.030659 -0.054675
v 0.080538 0.029313 -0.060658
v 0.076466 0.027831 -0.066358
v 0.072038 0.026220 -0.071749
v 0.067276 0.024486 -0.076807
v 0.062200 0.022639 -0.081508
v 0.056836 0.020686 -0.085830
v 0.051207 0.018638 -0.089753
v 0.045339 0.016502 -0.093258
v 0.039261 0.014290 -0.096329
v 0.033001 0.012011 -0.098953
v 0.026587 0.009677 -0.101116
v 0.020049 0.007297 -0.102809
v 0.013418 0.004884 -0.104025
v 0.006725 0.002448 -0.104756
v 0.092679 0.026575 0.041585
v 0.095188 0.027295 0.034917
v 0.097254 0.027887 0.028087
v 0.098868 0.028350 0.021127
v 0.100023 0.028681 0.014068
v 0.100712 0.028879 0.006943
v 0.100932 0.028942 -0.000213
v 0.100684 0.028871 -0.007369
v 0.099967 0.028665 -0.014491
v 0.098785 0.028326 -0.021545
v 0.097144 0.027856 -0.028498
v 0.095051 0.027255 -0.035320
v 0.092516 0.026529 -0.041977
v 0.089551 0.025678 -0.048439
v 0.086169 0.024709 -0.054675
v 0.082387 0.023624 -0.060658
v 0.078221 0.022430 -0.066358
v 0.073692 0.021131 -0.071749
v 0.068820 0.019734 -0.076807
v 0.063628 0.018245 -0.081508
v 0.058140 0.016671 -0.085830
v 0.052382 0.015020 -0.089753
v 0.046380 0.013299 -0.093258
v 0.040163 0.011516 -0.096329
v 0.033758 0.009680 -0.098953
v 0.027197 0.007799 -0.101116
v 0.020509 0.005881 -0.102809
v 0.013726 0.003936 -0.104025
v 0.006879 0.001973 -0.104756
v 0.092447 0.012993 0.048060
v 0.095476 0.013418 0.041585
v 0.098060 0.013781 0.034917
v 0.100189 0.014081 0.028087
v 0.101852 0.014314 0.021127
v 0.103041 0.014481 0.014068
v 0.103751 0.014581 0.006943
v 0.103978 0.014613 -0.000213
v 0.103722 0.014577 -0.007369
v 0.102983 0.014473 -0.014491
v 0.101766 0.014302 -0.021545
v 0.100075 0.014065 -0.028498
v 0.097919 0.013762 -0.035320
v 0.095308 0.013395 -0.041977
v 0.092253 0.012965 -0.048439
v 0.088769 0.012476 -0.054675
v 0.084873 0.011928 -0.060658
v 0.080582 0.011325 -0.066358
v 0.075916 0.010669 -0.071749
v 0.070897 0.009964 -0.076807
v 0.065548 0.009212 -0.081508
v 0.059895 0.008418 -0.085830
v 0.053963 0.007584 -0.089753
v 0.047780 0.006715 -0.093258
v 0.041374 0.005815 -0.096329
v 0.034777 0.004888 -0.098953
v 0.028018 0.003938 -0.101116
v 0.021128 0.002969 -0.102809
v 0.014140 0.001987 -0.104025
v 0.007087 0.000996 -0.104756
v 0.007000 0.001488 -0.104756
v 0.013967 0.002969 -0.104025
v 0.020869 0.004436 -0.102809
v 0.027675 0.005882 -0.101116
v 0.034351 0.007302 -0.098953
v 0.040868 0.008687 -0.096329
v 0.047195 0.010032 -0.093258
v 0.053302 0.011330 -0.089753
v 0.059161 0.012575 -0.085830
v 0.064746 0.013762 -0.081508
v 0.070029 0.014885 -0.076807
v 0.074986 0.015939 -0.071749
v 0.079595 0.016919 -0.066358
v 0.083834 0.017819 -0.060658
v 0.087683 0.018638 -0.054675
v 0.091124 0.019369 -0.048439
v 0.094141 0.020010 -0.041977
v 0.096721 0.020559 -0.035320
v 0.098850 0.021011 -0.028498
v 0.100520 0.021366 -0.021545
v 0.101723 0.021622 -0.014491
v 0.102452 0.021777 -0.007369
v 0.102705 0.021831 -0.000213
v 0.102481 0.021783 0.006943
v 0.101780 0.021634 0.014068
v 0.100605 0.021384 0.021127
v 0.098963 0.021035 0.028087
v 0.096860 0.020588 0.034917
v 0.094307 0.020046 0.041585
v 0.091316 0.019410 0.048060
v 0.093128 0.006512 0.048060
v 0.096179 0.006726 0.041585
v 0.098783 0.006908 0.034917
v 0.100927 0.007058 0.028087
v 0.102602 0.007175 0.021127
v 0.103800 0.007258 0.014068
v 0.104515 0.007308 0.006943
v 0.104744 0.007324 -0.000213
v 0.104486 0.007306 -0.007369
v 0.103742 0.007254 -0.014491
v 0.102516 0.007169 -0.021545
v 0.100812 0.007049 -0.028498
v 0.098640 0.006898 -0.035320
v 0.096010 0.006714 -0.041977
v 0.092933 0.006498 -0.048439
v 0.089423 0.006253 -0.054675
v 0.085498 0.005979 -0.060658
v 0.081175 0.005676 -0.066358
v 0.076475 0.005348 -0.071749
v 0.071419 0.004994 -0.076807
v 0.066031 0.004617 -0.081508
v 0.060336 0.004219 -0.085830
v 0.054360 0.003801 -0.089753
v 0.048132 0.003366 -0.093258
v 0.041679 0.002914 -0.096329
v 0.035033 0.002450 -0.098953
v 0.028224 0.001974 -0.101116
v 0.021284 0.001488 -0.102809
v 0.014244 0.000996 -0.104025
v 0.007139 0.000499 -0.104756
v 0.093356 0.000000 0.048060
v 0.096414 0.000000 0.041585
v 0.099024 0.000000 0.034917
v 0.101174 0.000000 0.028087
v 0.102853 0.000000 0.021127
v 0.104053 0.000000 0.014068
v 0.104770 0.000000 0.006943
v 0.105000 0.000000 -0.000213
v 0.104741 0.000000 -0.007369
v 0.103995 0.000000 -0.014491
v 0.102766 0.000000 -0.021545
v 0.101059 0.000000 -0.028498
v 0.098881 0.000000 -0.035320
v 0.096244 0.000000 -0.041977
v 0.093160 0.000000 -0.048439
v 0.089642 0.000000 -0.054675
v 0.085707 0.000000 -0.060658
v 0.081374 0.000000 -0.066358
v 0.076662 0.000000 -0.071749
v 0.071593 0.000000 -0.076807
v 0.066192 0.000000 -0.081508
v 0.060483 0.000000 -0.085830
v 0.054493 0.000000 -0.089753
v 0.048249 0.000000 -0.093258
v 0.041781 0.000000 -0.096329
v 0.035119 0.000000 -0.098953
v 0.028293 0.000000 -0.101116
v 0.021336 0.000000 -0.102809
v 0.014279 0.000000 -0.104025
v 0.007156 0.000000 -0.104756
v 0.093128 -0.006512 0.048060
v 0.096179 -0.006726 0.041585
v 0.098783 -0.006908 0.034917
v 0.100927 -0.007058 0.028087
v 0.102602 -0.007175 0.021127
v 0.103800 -0.007258 0.014068
v 0.104515 -0.007308 0.006943
v 0.104744 -0.007324 -0.000213
v 0.104486 -0.007306 -0.007369
v 0.103742 -0.007254 -0.014491
v 0.102516 -0.007169 -0.021545
v 0.100812 -0.007049 -0.028498
v 0.098640 -0.006898 -0.035320
v 0.096010 -0.006714 -0.041977
v 0.092933 -0.006498 -0.048439
v 0.089423 -0.006253 -0.054675
v 0.085498 -0.005979 -0.060658
v 0.081175 -0.005676 -0.066358
v 0.076475 -0.005348 -0.071749
v 0.071419 -0.004994 -0.076807
v 0.066031 -0.004617 -0.081508
v 0.060336 -0.004219 -0.085830
v 0.054360 -0.003801 -0.089753
v 0.048132 -0.003366 -0.093258
v 0.041679 -0.002914 -0.096329
v 0.035033 -0.002450 -0.098953
v 0.028224 -0.001974 -0.101116
v 0.021284 -0.001488 -0.102809
v 0.014244 -0.000996 -0.104025
v 0.007139 -0.000499 -0.104756
v 0.092447 -0.012993 0.048060
v 0.095476 -0.013418 0.041585
v 0.098060 -0.013781 0.034917
v 0.100189 -0.014081 0.028087
v 0.101852 -0.014314 0.021127
v 0.103041 -0.014481 0.014068
v 0.103751 -0.014581 0.006943
v 0.103978 -0.014613 -0.000213
v 0.103722 -0.014577 -0.007369
v 0.102983 -0.014473 -0.014491
v 0.101766 -0.014302 -0.021545
v 0.100075 -0.014065 -0.028498
v 0.097919 -0.013762 -0.035320
v 0.095308 -0.013395 -0.041977
v 0.092253 -0.012965 -0.048439
v 0.088769 -0.012476 -0.054675
v 0.084873 -0.011928 -0.060658
v 0.080582 -0.011325 -0.066358
v 0.075916 -0.010669 -0.071749
v 0.070897 -0.009964 -0.076807
v 0.065548 -0.009212 -0.081508
v 0.059895 -0.008418 -0.085830
v 0.053963 -0.007584 -0.089753
v 0.047780 -0.006715 -0.093258
v 0.041374 -0.005815 -0.096329
v 0.034777 -0.004888 -0.098953
v 0.028018 -0.003938 -0.101116
v 0.021128 -0.002969 -0.102809
v 0.014140 -0.001987 -0.104025
v 0.007087 -0.000996 -0.104756
v 0.091316 -0.019410 0.048060
v 0.094307 -0.020046 0.041585
v 0.096860 -0.020588 0.034917
v 0.098963 -0.021035 0.028087
v 0.100605 -0.021384 0.021127
v 0.101780 -0.021634 0.014068
v 0.102481 -0.021783 0.006943
v 0.102705 -0.021831 -0.000213
v 0.102452 -0.021777 -0.007369
v 0.101723 -0.021622 -0.014491
v 0.100520 -0.021366 -0.021545
v 0.098850 -0.021011 -0.028498
v 0.096721 -0.020559 -0.035320
v 0.094141 -0.020010 -0.041977
v 0.091124 -0.019369 -0.048439
v 0.087683 -0.018638 -0.054675
v 0.083834 -0.017819 -0.060658
v 0.079595 -0.016919 -0.066358
v 0.074986 -0.015939 -0.071749
v 0.070029 -0.014885 -0.076807
v 0.064746 -0.013762 -0.081508
v 0.059161 -0.012575 -0.085830
v 0.053302 -0.011330 -0.089753
v 0.047195 -0.010032 -0.093258
v 0.040868 -0.008687 -0.096329
v 0.034351 -0.007302 -0.098953
v 0.027675 -0.005882 -0.101116
v 0.020869 -0.004436 -0.102809
v 0.013967 -0.002969 -0.104025
v 0.007000 -0.001488 -0.104756
v 0.089739 -0.025732 0.048060
v 0.092679 -0.026575 0.041585
v 0.095188 -0.027295 0.034917
v 0.097254 -0.027887 0.028087
v 0.098868 -0.028350 0.021127
v 0.100023 -0.028681 0.014068
v 0.100712 -0.028879 0.006943
v 0.100932 -0.028942 -0.000213
v 0.100684 -0.028871 -0.007369
v 0.099967 -0.028665 -0.014491
v 0.098785 -0.028326 -0.021545
v 0.097144 -0.027856 -0.028498
v 0.095051 -0.027255 -0.035320
v 0.092516 -0.026529 -0.041977
v 0.089551 -0.025678 -0.048439
v 0.086169 -0.024709 -0.054675
v 0.082387 -0.023624 -0.060658
v 0.078221 -0.022430 -0.066358
v 0.073692 -0.021131 -0.071749
v 0.068820 -0.019734 -0.076807
v 0.063628 -0.018245 -0.081508
v 0.058140 -0.016671 -0.085830
v 0.052382 -0.015020 -0.089753
v 0.046380 -0.013299 -0.093258
v 0.040163 -0.011516 -0.096329
v 0.033758 -0.009680 -0.098953
v 0.027197 -0.007799 -0.101116
v 0.020509 -0.005881 -0.102809
v 0.013726 -0.003936 -0.104025
v 0.006879 -0.001973 -0.104756
v 0.087726 -0.031930 0.048060
v 0.090600 -0.032976 0.041585
v 0.093052 -0.033868 0.034917
v 0.095072 -0.034603 0.028087
v 0.096650 -0.035178 0.021127
v 0.097778 -0.035588 0.014068
v 0.098452 -0.035834 0.006943
v 0.098668 -0.035912 -0.000213
v 0.098424 -0.035824 -0.007369
v 0.097724 -0.035568 -0.014491
v 0.096568 -0.035148 -0.021545
v 0.094964 -0.034564 -0.028498
v 0.092918 -0.033819 -0.035320
v 0.090440 -0.032917 -0.041977
v 0.087541 -0.031862 -0.048439
v 0.084236 -0.030659 -0.054675
v 0.080538 -0.029313 -0.060658
v 0.076466 -0.027831 -0.066358
v 0.072038 -0.026220 -0.071749
v 0.067276 -0.024486 -0.076807
v 0.062200 -0.022639 -0.081508
v 0.056836 -0.020686 -0.085830
v 0.051207 -0.018638 -0.089753
v 0.045339 -0.016502 -0.093258
v 0.039261 -0.014290 -0.096329
v 0.033001 -0.012011 -0.098953
v 0.026587 -0.009677 -0.101116
v 0.020049 -0.007297 -0.102809
v 0.013418 -0.004884 -0.104025
v 0.006725 -0.002448 -0.104756
v 0.085285 -0.037971 0.048060
v 0.088079 -0.039215 0.041585
v 0.090463 -0.040277 0.034917
v 0.092427 -0.041151 0.028087
v 0.093961 -0.041834 0.021127
v 0.095057 -0.042322 0.014068
v 0.095712 -0.042614 0.006943
v 0.095922 -0.042707 -0.000213
v 0.095686 -0.042602 -0.007369
v 0.095004 -0.042299 -0.014491
v 0.093881 -0.041799 -0.021545
v 0.092322 -0.041104 -0.028498
v 0.090333 -0.040219 -0.035320
v 0.087923 -0.039146 -0.041977
v 0.085105 -0.037891 -0.048439
v 0.081892 -0.036461 -0.054675
v 0.078297 -0.034860 -0.060658
v 0.074338 -0.033098 -0.066358
v 0.070034 -0.031181 -0.071749
v 0.065404 -0.029120 -0.076807
v 0.060470 -0.026923 -0.081508
v 0.055254 -0.024601 -0.085830
v 0.049782 -0.022164 -0.089753
v 0.044078 -0.019625 -0.093258
v 0.038169 -0.016994 -0.096329
v 0.032082 -0.014284 -0.098953
v 0.025847 -0.011508 -0.101116
v 0.019491 -0.008678 -0.102809
v 0.013045 -0.005808 -0.104025
v 0.006538 -0.002911 -0.104756
v 0.082428 -0.043828 0.048060
v 0.085129 -0.045264 0.041585
v 0.087433 -0.046489 0.034917
v 0.089331 -0.047498 0.028087
v 0.090813 -0.048286 0.021127
v 0.091874 -0.048850 0.014068
v 0.092507 -0.049187 0.006943
v 0.092709 -0.049294 -0.000213
v 0.092481 -0.049173 -0.007369
v 0.091822 -0.048823 -0.014491
v 0.090737 -0.048246 -0.021545
v 0.089229 -0.047444 -0.028498
v 0.087307 -0.046422 -0.035320
v 0.084979 -0.045184 -0.041977
v 0.082255 -0.043736 -0.048439
v 0.079149 -0.042084 -0.054675
v 0.075675 -0.040237 -0.060658
v 0.071849 -0.038203 -0.066358
v 0.067688 -0.035991 -0.071749
v 0.063213 -0.033611 -0.076807
v 0.058444 -0.031075 -0.081508
v 0.053403 -0.028395 -0.085830
v 0.048114 -0.025583 -0.089753
v 0.042601 -0.022652 -0.093258
v 0.036890 -0.019615 -0.096329
v 0.031008 -0.016487 -0.098953
v 0.024981 -0.013283 -0.101116
v 0.018838 -0.010016 -0.102809
v 0.012608 -0.006704 -0.104025
v 0.006319 -0.003360 -0.104756
v 0.079170 -0.049471 0.048060
v 0.081764 -0.051092 0.041585
v 0.083977 -0.052475 0.034917
v 0.085800 -0.053614 0.028087
v 0.087224 -0.054504 0.021127
v 0.088242 -0.055140 0.014068
v 0.088850 -0.055520 0.006943
v 0.089045 -0.055641 -0.000213
v 0.088825 -0.055504 -0.007369
v 0.088193 -0.055109 -0.014491
v 0.087150 -0.054458 -0.021545
v 0.085703 -0.053553 -0.028498
v 0.083856 -0.052399 -0.035320
v 0.081620 -0.051002 -0.041977
v 0.079004 -0.049367 -0.048439
v 0.076020 -0.047503 -0.054675
v 0.072684 -0.045418 -0.060658
v 0.069009 -0.043121 -0.066358
v 0.065013 -0.040625 -0.071749
v 0.060715 -0.037939 -0.076807
v 0.056134 -0.035077 -0.081508
v 0.051293 -0.032051 -0.085830
v 0.046213 -0.028877 -0.089753
v 0.040918 -0.025568 -0.093258
v 0.035432 -0.022141 -0.096329
v 0.029782 -0.018610 -0.098953
v 0.023994 -0.014993 -0.101116
v 0.018094 -0.011306 -0.102809
v 0.012109 -0.007567 -0.104025
v 0.006069 -0.003792 -0.104756
v 0.078001 -0.056671 0.041585
v 0.080112 -0.058205 0.034917
v 0.081851 -0.059468 0.028087
v 0.083210 -0.060455 0.021127
v 0.084181 -0.061161 0.014068
v 0.084761 -0.061582 0.006943
v 0.084947 -0.061717 -0.000213
v 0.084737 -0.061565 -0.007369
v 0.084134 -0.061127 -0.014491
v 0.083139 -0.060404 -0.021545
v 0.081758 -0.059401 -0.028498
v 0.079997 -0.058121 -0.035320
v 0.077863 -0.056571 -0.041977
v 0.075368 -0.054758 -0.048439
v 0.072522 -0.052690 -0.054675
v 0.069338 -0.050377 -0.060658
v 0.065833 -0.047830 -0.066358
v 0.062021 -0.045061 -0.071749
v 0.057920 -0.042082 -0.076807
v 0.053551 -0.038907 -0.081508
v 0.048932 -0.035551 -0.085830
v 0.044086 -0.032030 -0.089753
v 0.039034 -0.028360 -0.093258
v 0.033802 -0.024558 -0.096329
v 0.028412 -0.020642 -0.098953
v 0.022889 -0.016630 -0.101116
v 0.017261 -0.012541 -0.102809
v 0.011552 -0.008393 -0.104025
v 0.005789 -0.004206 -0.104756
v 0.067154 -0.064850 0.048060
v 0.069354 -0.066975 0.041585
v 0.071232 -0.068788 0.034917
v 0.072778 -0.070281 0.028087
v 0.073986 -0.071447 0.021127
v 0.074850 -0.072282 0.014068
v 0.075365 -0.072779 0.006943
v 0.075531 -0.072939 -0.000213
v 0.075344 -0.072759 -0.007369
v 0.074808 -0.072241 -0.014491
v 0.073924 -0.071387 -0.021545
v 0.072695 -0.070201 -0.028498
v 0.071129 -0.068689 -0.035320
v 0.069232 -0.066857 -0.041977
v 0.067013 -0.064714 -0.048439
v 0.064483 -0.062270 -0.054675
v 0.061652 -0.059537 -0.060658
v 0.058535 -0.056527 -0.066358
v 0.055146 -0.053254 -0.071749
v 0.051500 -0.049733 -0.076807
v 0.047615 -0.045981 -0.081508
v 0.043508 -0.042015 -0.085830
v 0.039199 -0.037854 -0.089753
v 0.034708 -0.033517 -0.093258
v 0.030055 -0.029024 -0.096329
v 0.025262 -0.024395 -0.098953
v 0.020352 -0.019654 -0.101116
v 0.015348 -0.014821 -0.102809
v 0.010272 -0.009919 -0.104025
v 0.005148 -0.004971 -0.104756
v 0.005482 -0.004600 -0.104756
v 0.010938 -0.009178 -0.104025
v 0.016344 -0.013714 -0.102809
v 0.021674 -0.018186 -0.101116
v 0.026902 -0.022574 -0.098953
v 0.032006 -0.026856 -0.096329
v 0.036961 -0.031014 -0.093258
v 0.041744 -0.035027 -0.089753
v 0.046333 -0.038878 -0.085830
v 0.050706 -0.042548 -0.081508
v 0.054844 -0.046019 -0.076807
v 0.058726 -0.049277 -0.071749
v 0.062336 -0.052306 -0.066358
v 0.065655 -0.055091 -0.060658
v 0.068669 -0.057621 -0.054675
v 0.071364 -0.059882 -0.048439
v 0.073727 -0.061865 -0.041977
v 0.075748 -0.063560 -0.035320
v 0.077415 -0.064959 -0.028498
v 0.078723 -0.066057 -0.021545
v 0.079665 -0.066847 -0.014491
v 0.080236 -0.067326 -0.007369
v 0.080435 -0.067493 -0.000213
v 0.080259 -0.067345 0.006943
v 0.079709 -0.066884 0.014068
v 0.078790 -0.066112 0.021127
v 0.077503 -0.065033 0.028087
v 0.075857 -0.063651 0.034917
v 0.073857 -0.061974 0.041585
v 0.071515 -0.060008 0.048060
v 0.062467 -0.069377 0.048060
v 0.064514 -0.071650 0.041585
v 0.066260 -0.073589 0.034917
v 0.067698 -0.075187 0.028087
v 0.068822 -0.076434 0.021127
v 0.069625 -0.077327 0.014068
v 0.070105 -0.077859 0.006943
v 0.070259 -0.078030 -0.000213
v 0.070085 -0.077838 -0.007369
v 0.069586 -0.077284 -0.014491
v 0.068764 -0.076370 -0.021545
v 0.067621 -0.075101 -0.028498
v 0.066165 -0.073483 -0.035320
v 0.064400 -0.071523 -0.041977
v 0.062336 -0.069231 -0.048439
v 0.059982 -0.066617 -0.054675
v 0.057349 -0.063693 -0.060658
v 0.054450 -0.060472 -0.066358
v 0.051297 -0.056971 -0.071749
v 0.047905 -0.053204 -0.076807
v 0.044291 -0.049190 -0.081508
v 0.040471 -0.044948 -0.085830
v 0.036463 -0.040496 -0.089753
v 0.032285 -0.035856 -0.093258
v 0.027957 -0.031049 -0.096329
v 0.023499 -0.026098 -0.098953
v 0.018932 -0.021026 -0.101116
v 0.014276 -0.015855 -0.102809
v 0.009555 -0.010611 -0.104025
v 0.004788 -0.005318 -0.104756
v 0.057475 -0.073565 0.048060
v 0.059358 -0.075975 0.041585
v 0.060965 -0.078032 0.034917
v 0.062289 -0.079726 0.028087
v 0.063322 -0.081049 0.021127
v 0.064062 -0.081995 0.014068
v 0.064503 -0.082560 0.006943
v 0.064644 -0.082741 -0.000213
v 0.064485 -0.082537 -0.007369
v 0.064026 -0.081949 -0.014491
v 0.063269 -0.080981 -0.021545
v 0.062218 -0.079635 -0.028498
v 0.060877 -0.077920 -0.035320
v 0.059254 -0.075841 -0.041977
v 0.057355 -0.073411 -0.048439
v 0.055189 -0.070639 -0.054675
v 0.052766 -0.067538 -0.060658
v 0.050099 -0.064123 -0.066358
v 0.047198 -0.060410 -0.071749
v 0.044077 -0.056416 -0.076807
v 0.040752 -0.052160 -0.081508
v 0.037237 -0.047661 -0.085830
v 0.033549 -0.042941 -0.089753
v 0.029705 -0.038021 -0.093258
v 0.025723 -0.032924 -0.096329
v 0.021621 -0.027674 -0.098953
v 0.017419 -0.022295 -0.101116
v 0.013136 -0.016813 -0.102809
v 0.008791 -0.011252 -0.104025
v 0.004406 -0.005639 -0.104756
v 0.052204 -0.077395 0.048060
v 0.053914 -0.079931 0.041585
v 0.055374 -0.082095 0.034917
v 0.056576 -0.083877 0.028087
v 0.057514 -0.085269 0.021127
v 0.058186 -0.086264 0.014068
v 0.058587 -0.086858 0.006943
v 0.058715 -0.087049 -0.000213
v 0.058570 -0.086834 -0.007369
v 0.058153 -0.086216 -0.014491
v 0.057466 -0.085197 -0.021545
v 0.056511 -0.083781 -0.028498
v 0.055294 -0.081976 -0.035320
v 0.053819 -0.079790 -0.041977
v 0.052094 -0.077233 -0.048439
v 0.050127 -0.074316 -0.054675
v 0.047927 -0.071054 -0.060658
v 0.045503 -0.067462 -0.066358
v 0.042869 -0.063555 -0.071749
v 0.040035 -0.059354 -0.076807
v 0.037014 -0.054876 -0.081508
v 0.033822 -0.050143 -0.085830
v 0.030472 -0.045177 -0.089753
v 0.026981 -0.040000 -0.093258
v 0.023364 -0.034638 -0.096329
v 0.019638 -0.029115 -0.098953
v 0.015821 -0.023456 -0.101116
v 0.011931 -0.017688 -0.102809
v 0.007985 -0.011838 -0.104025
v 0.004002 -0.005933 -0.104756
v 0.046678 -0.080848 0.048060
v 0.048207 -0.083497 0.041585
v 0.049512 -0.085757 0.034917
v 0.050587 -0.087619 0.028087
v 0.051426 -0.089073 0.021127
v 0.052027 -0.090113 0.014068
v 0.052385 -0.090734 0.006943
v 0.052500 -0.090932 -0.000213
v 0.052371 -0.090708 -0.007369
v 0.051998 -0.090063 -0.014491
v 0.051383 -0.088998 -0.021545
v 0.050529 -0.087519 -0.028498
v 0.049441 -0.085634 -0.035320
v 0.048122 -0.083350 -0.041977
v 0.046580 -0.080679 -0.048439
v 0.044821 -0.077632 -0.054675
v 0.042853 -0.074224 -0.060658
v 0.040687 -0.070472 -0.066358
v 0.038331 -0.066391 -0.071749
v 0.035797 -0.062002 -0.076807
v 0.033096 -0.057324 -0.081508
v 0.030242 -0.052380 -0.085830
v 0.027246 -0.047192 -0.089753
v 0.024125 -0.041785 -0.093258
v 0.020891 -0.036183 -0.096329
v 0.017559 -0.030414 -0.098953
v 0.014146 -0.024502 -0.101116
v 0.010668 -0.018477 -0.102809
v 0.007140 -0.012366 -0.104025
v 0.003578 -0.006197 -0.104756
v 0.040924 -0.083908 0.048060
v 0.042265 -0.086656 0.041585
v 0.043409 -0.089002 0.034917
v 0.044352 -0.090934 0.028087
v 0.045088 -0.092443 0.021127
v 0.045614 -0.093523 0.014068
v 0.045928 -0.094167 0.006943
v 0.046029 -0.094373 -0.000213
v 0.045915 -0.094141 -0.007369
v 0.045589 -0.093470 -0.014491
v 0.045050 -0.092365 -0.021545
v 0.044301 -0.090831 -0.028498
v 0.043347 -0.088874 -0.035320
v 0.042191 -0.086504 -0.041977
v 0.040838 -0.083731 -0.048439
v 0.039296 -0.080569 -0.054675
v 0.037571 -0.077033 -0.060658
v 0.035672 -0.073138 -0.066358
v 0.033606 -0.068903 -0.071749
v 0.031385 -0.064348 -0.076807
v 0.029017 -0.059493 -0.081508
v 0.026514 -0.054362 -0.085830
v 0.023888 -0.048978 -0.089753
v 0.021151 -0.043366 -0.093258
v 0.018316 -0.037553 -0.096329
v 0.015395 -0.031564 -0.098953
v 0.012403 -0.025430 -0.101116
v 0.009353 -0.019176 -0.102809
v 0.006260 -0.012834 -0.104025
v 0.003137 -0.006432 -0.104756
v 0.034972 -0.086558 0.048060
v 0.036117 -0.089394 0.041585
v 0.037095 -0.091814 0.034917
v 0.037900 -0.093807 0.028087
v 0.038529 -0.095363 0.021127
v 0.038979 -0.096477 0.014068
v 0.039248 -0.097141 0.006943
v 0.039334 -0.097354 -0.000213
v 0.039237 -0.097114 -0.007369
v 0.038957 -0.096423 -0.014491
v 0.038497 -0.095283 -0.021545
v 0.037857 -0.093700 -0.028498
v 0.037042 -0.091681 -0.035320
v 0.036054 -0.089236 -0.041977
v 0.034898 -0.086376 -0.048439
v 0.033580 -0.083114 -0.054675
v 0.032106 -0.079466 -0.060658
v 0.030483 -0.075448 -0.066358
v 0.028718 -0.071080 -0.071749
v 0.026819 -0.066380 -0.076807
v 0.024796 -0.061372 -0.081508
v 0.022657 -0.056079 -0.085830
v 0.020413 -0.050525 -0.089753
v 0.018074 -0.044736 -0.093258
v 0.015651 -0.038739 -0.096329
v 0.013156 -0.032561 -0.098953
v 0.010599 -0.026233 -0.101116
v 0.007992 -0.019782 -0.102809
v 0.005349 -0.013239 -0.104025
v 0.002681 -0.006635 -0.104756
v 0.028848 -0.088787 0.048060
v 0.029794 -0.091695 0.041585
v 0.030600 -0.094178 0.034917
v 0.031264 -0.096222 0.028087
v 0.031783 -0.097819 0.021127
v 0.032154 -0.098961 0.014068
v 0.032376 -0.099642 0.006943
v 0.032447 -0.099861 -0.000213
v 0.032367 -0.099615 -0.007369
v 0.032136 -0.098905 -0.014491
v 0.031756 -0.097736 -0.021545
v 0.031229 -0.096112 -0.028498
v 0.030556 -0.094042 -0.035320
v 0.029741 -0.091534 -0.041977
v 0.028788 -0.088600 -0.048439
v 0.027701 -0.085254 -0.054675
v 0.026485 -0.081512 -0.060658
v 0.025146 -0.077391 -0.066358
v 0.023690 -0.072910 -0.071749
v 0.022124 -0.068089 -0.076807
v 0.020455 -0.062953 -0.081508
v 0.018690 -0.057523 -0.085830
v 0.016839 -0.051826 -0.089753
v 0.014910 -0.045888 -0.093258
v 0.012911 -0.039736 -0.096329
v 0.010852 -0.033400 -0.098953
v 0.008743 -0.026908 -0.101116
v 0.006593 -0.020291 -0.102809
v 0.004412 -0.013580 -0.104025
v 0.002211 -0.006806 -0.104756
v 0.022585 -0.090583 0.048060
v 0.023325 -0.093550 0.041585
v 0.023956 -0.096083 0.034917
v 0.024476 -0.098168 0.028087
v 0.024882 -0.099797 0.021127
v 0.025173 -0.100963 0.014068
v 0.025346 -0.101658 0.006943
v 0.025402 -0.101881 -0.000213
v 0.025339 -0.101630 -0.007369
v 0.025159 -0.100906 -0.014491
v 0.024861 -0.099713 -0.021545
v 0.024448 -0.098057 -0.028498
v 0.023922 -0.095944 -0.035320
v 0.023284 -0.093385 -0.041977
v 0.022537 -0.090392 -0.048439
v 0.021686 -0.086979 -0.054675
v 0.020734 -0.083161 -0.060658
v 0.019686 -0.078956 -0.066358
v 0.018546 -0.074385 -0.071749
v 0.017320 -0.069467 -0.076807
v 0.016013 -0.064226 -0.081508
v 0.014632 -0.058687 -0.085830
v 0.013183 -0.052874 -0.089753
v 0.011673 -0.046816 -0.093258
v 0.010108 -0.040540 -0.096329
v 0.008496 -0.034075 -0.098953
v 0.006845 -0.027452 -0.101116
v 0.005162 -0.020702 -0.102809
v 0.003454 -0.013855 -0.104025
v 0.001731 -0.006944 -0.104756
v 0.016211 -0.091937 0.048060
v 0.016742 -0.094949 0.041585
v 0.017195 -0.097520 0.034917
v 0.017569 -0.099637 0.028087
v 0.017860 -0.101290 0.021127
v 0.018069 -0.102473 0.014068
v 0.018193 -0.103178 0.006943
v 0.018233 -0.103405 -0.000213
v 0.018188 -0.103150 -0.007369
v 0.018059 -0.102415 -0.014491
v 0.017845 -0.101205 -0.021545
v 0.017549 -0.099523 -0.028498
v 0.017171 -0.097379 -0.035320
v 0.016713 -0.094782 -0.041977
v 0.016177 -0.091744 -0.048439
v 0.015566 -0.088280 -0.054675
v 0.014883 -0.084405 -0.060658
v 0.014130 -0.080137 -0.066358
v 0.013312 -0.075497 -0.071749
v 0.012432 -0.070506 -0.076807
v 0.011494 -0.065187 -0.081508
v 0.010503 -0.059564 -0.085830
v 0.009463 -0.053665 -0.089753
v 0.008378 -0.047516 -0.093258
v 0.007255 -0.041146 -0.096329
v 0.006098 -0.034585 -0.098953
v 0.004913 -0.027863 -0.101116
v 0.003705 -0.021011 -0.102809
v 0.002480 -0.014062 -0.104025
v 0.001243 -0.007047 -0.104756
v 0.009758 -0.092844 0.048060
v 0.010078 -0.095886 0.041585
v 0.010351 -0.098482 0.034917
v 0.010576 -0.100619 0.028087
v 0.010751 -0.102289 0.021127
v 0.010877 -0.103483 0.014068
v 0.010951 -0.104196 0.006943
v 0.010975 -0.104425 -0.000213
v 0.010948 -0.104167 -0.007369
v 0.010870 -0.103426 -0.014491
v 0.010742 -0.102203 -0.021545
v 0.010564 -0.100505 -0.028498
v 0.010336 -0.098340 -0.035320
v 0.010060 -0.095717 -0.041977
v 0.009738 -0.092649 -0.048439
v 0.009370 -0.089151 -0.054675
v 0.008959 -0.085237 -0.060658
v 0.008506 -0.080928 -0.066358
v 0.008013 -0.076242 -0.071749
v 0.007484 -0.071201 -0.076807
v 0.006919 -0.065830 -0.081508
v 0.006322 -0.060152 -0.085830
v 0.005696 -0.054194 -0.089753
v 0.005043 -0.047985 -0.093258
v 0.004367 -0.041552 -0.096329
v 0.003671 -0.034926 -0.098953
v 0.002957 -0.028138 -0.101116
v 0.002230 -0.021219 -0.102809
v 0.001493 -0.014201 -0.104025
v 0.000748 -0.007117 -0.104756
v 0.003365 -0.096355 0.041585
v 0.003456 -0.098964 0.034917
v 0.003531 -0.101112 0.028087
v 0.003590 -0.102790 0.021127
v 0.003631 -0.103990 0.014068
v 0.003656 -0.104706 0.006943
v 0.003664 -0.104936 -0.000213
v 0.003655 -0.104677 -0.007369
v 0.003629 -0.103932 -0.014491
v 0.003586 -0.102703 -0.021545
v 0.003527 -0.100997 -0.028498
v 0.003451 -0.098821 -0.035320
v 0.003359 -0.096186 -0.041977
v 0.003251 -0.093103 -0.048439
v 0.003128 -0.089587 -0.054675
v 0.002991 -0.085655 -0.060658
v 0.002840 -0.081324 -0.066358
v 0.002675 -0.076615 -0.071749
v 0.002499 -0.071550 -0.076807
v 0.002310 -0.066152 -0.081508
v 0.002111 -0.060446 -0.085830
v 0.001902 -0.054460 -0.089753
v 0.001684 -0.048220 -0.093258
v 0.001458 -0.041756 -0.096329
v 0.001226 -0.035097 -0.098953
v 0.000987 -0.028276 -0.101116
v 0.000745 -0.021323 -0.102809
v 0.000498 -0.014270 -0.104025
v 0.000250 -0.007152 -0.104756
v -0.009758 -0.092844 0.048060
v -0.010078 -0.095886 0.041585
v -0.010351 -0.098482 0.034917
v -0.010576 -0.100619 0.028087
v -0.010751 -0.102289 0.021127
v -0.010877 -0.103483 0.014068
v -0.010951 -0.104196 0.006943
v -0.010975 -0.104425 -0.000213
v -0.010948 -0.104167 -0.007369
v -0.010870 -0.103426 -0.014491
v -0.010742 -0.102203 -0.021545
v -0.010564 -0.100505 -0.028498
v -0.010336 -0.098340 -0.035320
v -0.010060 -0.095717 -0.041977
v -0.009738 -0.092649 -0.048439
v -0.009370 -0.089151 -0.054675
v -0.008959 -0.085237 -0.060658
v -0.008506 -0.080928 -0.066358
v -0.008013 -0.076242 -0.071749
v -0.007484 -0.071201 -0.076807
v -0.006919 -0.065830 -0.081508
v -0.006322 -0.060152 -0.085830
v -0.005696 -0.054194 -0.089753
v -0.005043 -0.047985 -0.093258
v -0.004367 -0.041552 -0.096329
v -0.003671 -0.034926 -0.098953
v -0.002957 -0.028138 -0.101116
v -0.002230 -0.021219 -0.102809
v -0.001493 -0.014201 -0.104025
v -0.000748 -0.007117 -0.104756
v -0.000250 -0.007152 -0.104756
v -0.000498 -0.014270 -0.104025
v -0.000745 -0.021323 -0.102809
v -0.000987 -0.028276 -0.101116
v -0.001226 -0.035097 -0.098953
v -0.001458 -0.041756 -0.096329
v -0.001684 -0.048220 -0.093258
v -0.001902 -0.054460 -0.089753
v -0.002111 -0.060446 -0.085830
v -0.002310 -0.066152 -0.081508
v -0.002499 -0.071550 -0.076807
v -0.002675 -0.076615 -0.071749
v -0.002840 -0.081324 -0.066358
v -0.002991 -0.085655 -0.060658
v -0.003128 -0.089587 -0.054675
v -0.003251 -0.093103 -0.048439
v -0.003359 -0.096186 -0.041977
v -0.003451 -0.098821 -0.035320
v -0.003527 -0.100997 -0.028498
v -0.003586 -0.102703 -0.021545
v -0.003629 -0.103932 -0.014491
v -0.003655 -0.104677 -0.007369
v -0.003664 -0.104936 -0.000213
v -0.003656 -0.104706 0.006943
v -0.003631 -0.103990 0.014068
v -0.003590 -0.102790 0.021127
v -0.003531 -0.101112 0.028087
v -0.003456 -0.098964 0.034917
v -0.003365 -0.096355 0.041585
v -0.003258 -0.093299 0.048060
v -0.016211 -0.091937 0.048060
v -0.016742 -0.094949 0.041585
v -0.017195 -0.097520 0.034917
v -0.017569 -0.099637 0.028087
v -0.017860 -0.101290 0.021127
v -0.018069 -0.102473 0.014068
v -0.018193 -0.103178 0.006943
v -0.018233 -0.103405 -0.000213
v -0.018188 -0.103150 -0.007369
v -0.018059 -0.102415 -0.014491
v -0.017845 -0.101205 -0.021545
v -0.017549 -0.099523 -0.028498
v -0.017171 -0.097379 -0.035320
v -0.016713 -0.094782 -0.041977
v -0.016177 -0.091744 -0.048439
v -0.015566 -0.088280 -0.054675
v -0.014883 -0.084405 -0.060658
v -0.014130 -0.080137 -0.066358
v -0.013312 -0.075497 -0.071749
v -0.012432 -0.070506 -0.076807
v -0.011494 -0.065187 -0.081508
v -0.010503 -0.059564 -0.085830
v -0.009463 -0.053665 -0.089753
v -0.008378 -0.047516 -0.093258
v -0.007255 -0.041146 -0.096329
v -0.006098 -0.034585 -0.098953
v -0.004913 -0.027863 -0.101116
v -0.003705 -0.021011 -0.102809
v -0.002480 -0.014062 -0.104025
v -0.001243 -0.007047 -0.104756
v -0.022585 -0.090583 0.048060
v -0.023325 -0.093550 0.041585
v -0.023956 -0.096083 0.034917
v -0.024476 -0.098168 0.028087
v -0.024882 -0.099797 0.021127
v -0.025173 -0.100963 0.014068
v -0.025346 -0.101658 0.006943
v -0.025402 -0.101881 -0.000213
v -0.025339 -0.101630 -0.007369
v -0.025159 -0.100906 -0.014491
v -0.024861 -0.099713 -0.021545
v -0.024448 -0.098057 -0.028498
v -0.023922 -0.095944 -0.035320
v -0.023284 -0.093385 -0.041977
v -0.022537 -0.090392 -0.048439
v -0.021686 -0.086979 -0.054675
v -0.020734 -0.083161 -0.060658
v -0.019686 -0.078956 -0.066358
v -0.018546 -0.074385 -0.071749
v -0.017320 -0.069467 -0.076807
v -0.016013 -0.064226 -0.081508
v -0.014632 -0.058687 -0.085830
v -0.013183 -0.052874 -0.089753
v -0.011673 -0.046816 -0.093258
v -0.010108 -0.040540 -0.096329
v -0.008496 -0.034075 -0.098953
v -0.006845 -0.027452 -0.101116
v -0.005162 -0.020702 -0.102809
v -0.003454 -0.013855 -0.104025
v -0.001731 -0.006944 -0.104756
v -0.028848 -0.088787 0.048060
v -0.029794 -0.091695 0.041585
v -0.030600 -0.094178 0.034917
v -0.031264 -0.096222 0.028087
v -0.031783 -0.097819 0.021127
v -0.032154 -0.098961 0.014068
v -0.032376 -0.099642 0.006943
v -0.032447 -0.099861 -0.000213
v -0.032367 -0.099615 -0.007369
v -0.032136 -0.098905 -0.014491
v -0.031756 -0.097736 -0.021545
v -0.031229 -0.096112 -0.028498
v -0.030556 -0.094042 -0.035320
v -0.029741 -0.091534 -0.041977
v -0.028788 -0.088600 -0.048439
v -0.027701 -0.085254 -0.054675
v -0.026485 -0.081512 -0.060658
v -0.025146 -0.077391 -0.066358
v -0.023690 -0.072910 -0.071749
v -0.022124 -0.068089 -0.076807
v -0.020455 -0.062953 -0.081508
v -0.018690 -0.057523 -0.085830
v -0.016839 -0.051826 -0.089753
v -0.014910 -0.045888 -0.093258
v -0.012911 -0.039736 -0.096329
v -0.010852 -0.033400 -0.098953
v -0.008743 -0.026908 -0.101116
v -0.006593 -0.020291 -0.102809
v -0.004412 -0.013580 -0.104025
v -0.002211 -0.006806 -0.104756
v -0.034972 -0.086558 0.048060
v -0.036117 -0.089394 0.041585
v -0.037095 -0.091814 0.034917
v -0.037900 -0.093807 0.028087
v -0.038529 -0.095363 0.021127
v -0.038979 -0.096477 0.014068
v -0.039248 -0.097141 0.006943
v -0.039334 -0.097354 -0.000213
v -0.039237 -0.097114 -0.007369
v -0.038957 -0.096423 -0.014491
v -0.038497 -0.095283 -0.021545
v -0.037857 -0.093700 -0.028498
v -0.037042 -0.091681 -0.035320
v -0.036054 -0.089236 -0.041977
v -0.034898 -0.086376 -0.048439
v -0.033580 -0.083114 -0.054675
v -0.032106 -0.079466 -0.060658
v -0.030483 -0.075448 -0.066358
v -0.028718 -0.071080 -0.071749
v -0.026819 -0.066380 -0.076807
v -0.024796 -0.061372 -0.081508
v -0.022657 -0.056079 -0.085830
v -0.020413 -0.050525 -0.089753
v -0.018074 -0.044736 -0.093258
v -0.015651 -0.038739 -0.096329
v -0.013156 -0.032561 -0.098953
v -0.010599 -0.026233 -0.101116
v -0.007992 -0.019782 -0.102809
v -0.005349 -0.013239 -0.104025
v -0.002681 -0.006635 -0.104756
v -0.040924 -0.083908 0.048060
v -0.042265 -0.086656 0.041585
v -0.043409 -0.089002 0.034917
v -0.044352 -0.090934 0.028087
v -0.045088 -0.092443 0.021127
v -0.045614 -0.093523 0.014068
v -0.045928 -0.094167 0.006943
v -0.046029 -0.094373 -0.000213
v -0.045915 -0.094141 -0.007369
v -0.045589 -0.093470 -0.014491
v -0.045050 -0.092365 -0.021545
v -0.044301 -0.090831 -0.028498
v -0.043347 -0.088874 -0.035320
v -0.042191 -0.086504 -0.041977
v -0.040838 -0.083731 -0.048439
v -0.039296 -0.080569 -0.054675
v -0.037571 -0.077033 -0.060658
v -0.035672 -0.073138 -0.066358
v -0.033606 -0.068903 -0.071749
v -0.031385 -0.064348 -0.076807
v -0.029017 -0.059493 -0.081508
v -0.026514 -0.054362 -0.085830
v -0.023888 -0.048978 -0.089753
v -0.021151 -0.043366 -0.093258
v -0.018316 -0.037553 -0.096329
v -0.015395 -0.031564 -0.098953
v -0.012403 -0.025430 -0.101116
v -0.009353 -0.019176 -0.102809
v -0.006260 -0.012834 -0.104025
v -0.003137 -0.006432 -0.104756
v -0.046678 -0.080848 0.048060
v -0.048207 -0.083497 0.041585
v -0.049512 -0.085757 0.034917
v -0.050587 -0.087619 0.028087
v -0.051426 -0.089073 0.021127
v -0.052027 -0.090113 0.014068
v -0.052385 -0.090734 0.006943
v -0.052500 -0.090932 -0.000213
v -0.052371 -0.090708 -0.007369
v -0.051998 -0.090063 -0.014491
v -0.051383 -0.088998 -0.021545
v -0.050529 -0.087519 -0.028498
v -0.049441 -0.085634 -0.035320
v -0.048122 -0.083350 -0.041977
v -0.046580 -0.080679 -0.048439
v -0.044821 -0.077632 -0.054675
v -0.042853 -0.074224 -0.060658
v -0.040687 -0.070472 -0.066358
v -0.038331 -0.066391 -0.071749
v -0.035797 -0.062002 -0.076807
v -0.033096 -0.057324 -0.081508
v -0.030242 -0.052380 -0.085830
v -0.027246 -0.047192 -0.089753
v -0.024125 -0.041785 -0.093258
v -0.020891 -0.036183 -0.096329
v -0.017559 -0.030414 -0.098953
v -0.014146 -0.024502 -0.101116
v -0.010668 -0.018477 -0.102809
v -0.007140 -0.012366 -0.104025
v -0.003578 -0.006197 -0.104756
v -0.052204 -0.077395 0.048060
v -0.053914 -0.079931 0.041585
v -0.055374 -0.082095 0.034917
v -0.056576 -0.083877 0.028087
v -0.057514 -0.085269 0.021127
v -0.058186 -0.086264 0.014068
v -0.058587 -0.086858 0.006943
v -0.058715 -0.087049 -0.000213
v -0.058570 -0.086834 -0.007369
v -0.058153 -0.086216 -0.014491
v -0.057466 -0.085197 -0.021545
v -0.056511 -0.083781 -0.028498
v -0.055294 -0.081976 -0.035320
v -0.053819 -0.079790 -0.041977
v -0.052094 -0.077233 -0.048439
v -0.050127 -0.074316 -0.054675
v -0.047927 -0.071054 -0.060658
v -0.045503 -0.067462 -0.066358
v -0.042869 -0.063555 -0.071749
v -0.040035 -0.059354 -0.076807
v -0.037014 -0.054876 -0.081508
v -0.033822 -0.050143 -0.085830
v -0.030472 -0.045177 -0.089753
v -0.026981 -0.040000 -0.093258
v -0.023364 -0.034638 -0.096329
v -0.019638 -0.029115 -0.098953
v -0.015821 -0.023456 -0.101116
v -0.011931 -0.017688 -0.102809
v -0.007985 -0.011838 -0.104025
v -0.004002 -0.005933 -0.104756
v -0.057475 -0.073565 0.048060
v -0.059358 -0.075975 0.041585
v -0.060965 -0.078032 0.034917
v -0.062289 -0.079726 0.028087
v -0.063322 -0.081049 0.021127
v -0.064062 -0.081995 0.014068
v -0.064503 -0.082560 0.006943
v -0.064644 -0.082741 -0.000213
v -0.064485 -0.082537 -0.007369
v -0.064026 -0.081949 -0.014491
v -0.063269 -0.080981 -0.021545
v -0.062218 -0.079635 -0.028498
v -0.060877 -0.077920 -0.035320
v -0.059254 -0.075841 -0.041977
v -0.057355 -0.073411 -0.048439
v -0.055189 -0.070639 -0.054675
v -0.052766 -0.067538 -0.060658
v -0.050099 -0.064123 -0.066358
v -0.047198 -0.060410 -0.071749
v -0.044077 -0.056416 -0.076807
v -0.040752 -0.052160 -0.081508
v -0.037237 -0.047661 -0.085830
v -0.033549 -0.042941 -0.089753
v -0.029705 -0.038021 -0.093258
v -0.025723 -0.032924 -0.096329
v -0.021621 -0.027674 -0.098953
v -0.017419 -0.022295 -0.101116
v -0.013136 -0.016813 -0.102809
v -0.008791 -0.011252 -0.104025
v -0.004406 -0.005639 -0.104756
v -0.062467 -0.069377 0.048060
v -0.064514 -0.071650 0.041585
v -0.066260 -0.073589 0.034917
v -0.067698 -0.075187 0.028087
v -0.068822 -0.076434 0.021127
v -0.069625 -0.077327 0.014068
v -0.070105 -0.077859 0.006943
v -0.070259 -0.078030 -0.000213
v -0.070085 -0.077838 -0.007369
v -0.069586 -0.077284 -0.014491
v -0.068764 -0.076370 -0.021545
v -0.067621 -0.075101 -0.028498
v -0.066165 -0.073483 -0.035320
v -0.064400 -0.071523 -0.041977
v -0.062336 -0.069231 -0.048439
v -0.059982 -0.066617 -0.054675
v -0.057349 -0.063693 -0.060658
v -0.054450 -0.060472 -0.066358
v -0.051297 -0.056971 -0.071749
v -0.047905 -0.053204 -0.076807
v -0.044291 -0.049190 -0.081508
v -0.040471 -0.044948 -0.085830
v -0.036463 -0.040496 -0.089753
v -0.032285 -0.035856 -0.093258
v -0.027957 -0.031049 -0.096329
v -0.023499 -0.026098 -0.098953
v -0.018932 -0.021026 -0.101116
v -0.014276 -0.015855 -0.102809
v -0.009555 -0.010611 -0.104025
v -0.004788 -0.005318 -0.104756
v -0.067154 -0.064850 0.048060
v -0.069354 -0.066975 0.041585
v -0.071232 -0.068788 0.034917
v -0.072778 -0.070281 0.028087
v -0.073986 -0.071447 0.021127
v -0.074850 -0.072282 0.014068
v -0.075365 -0.072779 0.006943
v -0.075531 -0.072939 -0.000213
v -0.075344 -0.072759 -0.007369
v -0.074808 -0.072241 -0.014491
v -0.073924 -0.071387 -0.021545
v -0.072695 -0.070201 -0.028498
v -0.071129 -0.068689 -0.035320
v -0.069232 -0.066857 -0.041977
v -0.067013 -0.064714 -0.048439
v -0.064483 -0.062270 -0.054675
v -0.061652 -0.059537 -0.060658
v -0.058535 -0.056527 -0.066358
v -0.055146 -0.053254 -0.071749
v -0.051500 -0.049733 -0.076807
v -0.047615 -0.045981 -0.081508
v -0.043508 -0.042015 -0.085830
v -0.039199 -0.037854 -0.089753
v -0.034708 -0.033517 -0.093258
v -0.030055 -0.029024 -0.096329
v -0.025262 -0.024395 -0.098953
v -0.020352 -0.019654 -0.101116
v -0.015348 -0.014821 -0.102809
v -0.010272 -0.009919 -0.104025
v -0.005148 -0.004971 -0.104756
v -0.071515 -0.060008 0.048060
v -0.073857 -0.061974 0.041585
v -0.075857 -0.063651 0.034917
v -0.077503 -0.065033 0.028087
v -0.078790 -0.066112 0.021127
v -0.079709 -0.066884 0.014068
v -0.080259 -0.067345 0.006943
v -0.080435 -0.067493 -0.000213
v -0.080236 -0.067326 -0.007369
v -0.079665 -0.066847 -0.014491
v -0.078723 -0.066057 -0.021545
v -0.077415 -0.064959 -0.028498
v -0.075748 -0.063560 -0.035320
v -0.073727 -0.061865 -0.041977
v -0.071364 -0.059882 -0.048439
v -0.068669 -0.057621 -0.054675
v -0.065655 -0.055091 -0.060658
v -0.062336 -0.052306 -0.066358
v -0.058726 -0.049277 -0.071749
v -0.054844 -0.046019 -0.076807
v -0.050706 -0.042548 -0.081508
v -0.046333 -0.038878 -0.085830
v -0.041744 -0.035027 -0.089753
v -0.036961 -0.031014 -0.093258
v -0.032006 -0.026856 -0.096329
v -0.026902 -0.022574 -0.098953
v -0.021674 -0.018186 -0.101116
v -0.016344 -0.013714 -0.102809
v -0.010938 -0.009178 -0.104025
v -0.005482 -0.004600 -0.104756
v -0.079170 -0.049471 0.048060
v -0.081764 -0.051092 0.041585
v -0.083977 -0.052475 0.034917
v -0.085800 -0.053614 0.028087
v -0.087224 -0.054504 0.021127
v -0.088242 -0.055140 0.014068
v -0.088850 -0.055520 0.006943
v -0.089045 -0.055641 -0.000213
v -0.088825 -0.055504 -0.007369
v -0.088193 -0.055109 -0.014491
v -0.087150 -0.054458 -0.021545
v -0.085703 -0.053553 -0.028498
v -0.083856 -0.052399 -0.035320
v -0.081620 -0.051002 -0.041977
v -0.079004 -0.049367 -0.048439
v -0.076020 -0.047503 -0.054675
v -0.072684 -0.045418 -0.060658
v -0.069009 -0.043121 -0.066358
v -0.065013 -0.040625 -0.071749
v -0.060715 -0.037939 -0.076807
v -0.056134 -0.035077 -0.081508
v -0.051293 -0.032051 -0.085830
v -0.046213 -0.028877 -0.089753
v -0.040918 -0.025568 -0.093258
v -0.035432 -0.022141 -0.096329
v -0.029782 -0.018610 -0.098953
v -0.023994 -0.014993 -0.101116
v -0.018094 -0.011306 -0.102809
v -0.012109 -0.007567 -0.104025
v -0.006069 -0.003792 -0.104756
v -0.005789 -0.004206 -0.104756
v -0.011552 -0.008393 -0.104025
v -0.017261 -0.012541 -0.102809
v -0.022889 -0.016630 -0.101116
v -0.028412 -0.020642 -0.098953
v -0.033802 -0.024558 -0.096329
v -0.039034 -0.028360 -0.093258
v -0.044086 -0.032030 -0.089753
v -0.048932 -0.035551 -0.085830
v -0.053551 -0.038907 -0.081508
v -0.057920 -0.042082 -0.076807
v -0.062021 -0.045061 -0.071749
v -0.065833 -0.047830 -0.066358
v -0.069338 -0.050377 -0.060658
v -0.072522 -0.052690 -0.054675
v -0.075368 -0.054758 -0.048439
v -0.077863 -0.056571 -0.041977
v -0.079997 -0.058121 -0.035320
v -0.081758 -0.059401 -0.028498
v -0.083139 -0.060404 -0.021545
v -0.084134 -0.061127 -0.014491
v -0.084737 -0.061565 -0.007369
v -0.084947 -0.061717 -0.000213
v -0.084761 -0.061582 0.006943
v -0.084181 -0.061161 0.014068
v -0.083210 -0.060455 0.021127
v -0.081851 -0.059468 0.028087
v -0.080112 -0.058205 0.034917
v -0.078001 -0.056671 0.041585
v -0.082428 -0.043828 0.048060
v -0.085129 -0.045264 0.041585
v -0.087433 -0.046489 0.034917
v -0.089331 -0.047498 0.028087
v -0.090813 -0.048286 0.021127
v -0.091874 -0.048850 0.014068
v -0.092507 -0.049187 0.006943
v -0.092709 -0.049294 -0.000213
v -0.092481 -0.049173 -0.007369
v -0.091822 -0.048823 -0.014491
v -0.090737 -0.048246 -0.021545
v -0.089229 -0.047444 -0.028498
v -0.087307 -0.046422 -0.035320
v -0.084979 -0.045184 -0.041977
v -0.082255 -0.043736 -0.048439
v -0.079149 -0.042084 -0.054675
v -0.075675 -0.040237 -0.060658
v -0.071849 -0.038203 -0.066358
v -0.067688 -0.035991 -0.071749
v -0.063213 -0.033611 -0.076807
v -0.058444 -0.031075 -0.081508
v -0.053403 -0.028395 -0.085830
v -0.048114 -0.025583 -0.089753
v -0.042601 -0.022652 -0.093258
v -0.036890 -0.019615 -0.096329
v -0.031008 -0.016487 -0.098953
v -0.024981 -0.013283 -0.101116
v -0.018838 -0.010016 -0.102809
v -0.012608 -0.006704 -0.104025
v -0.006319 -0.003360 -0.104756
v -0.085285 -0.037971 0.048060
v -0.088079 -0.039215 0.041585
v -0.090463 -0.040277 0.034917
v -0.092427 -0.041151 0.028087
v -0.093961 -0.041834 0.021127
v -0.095057 -0.042322 0.014068
v -0.095712 -0.042614 0.006943
v -0.095922 -0.042707 -0.000213
v -0.095686 -0.042602 -0.007369
v -0.095004 -0.042299 -0.014491
v -0.093881 -0.041799 -0.021545
v -0.092322 -0.041104 -0.028498
v -0.090333 -0.040219 -0.035320
v -0.087923 -0.039146 -0.041977
v -0.085105 -0.037891 -0.048439
v -0.081892 -0.036461 -0.054675
v -0.078297 -0.034860 -0.060658
v -0.074338 -0.033098 -0.066358
v -0.070034 -0.031181 -0.071749
v -0.065404 -0.029120 -0.076807
v -0.060470 -0.026923 -0.081508
v -0.055254 -0.024601 -0.085830
v -0.049782 -0.022164 -0.089753
v -0.044078 -0.019625 -0.093258
v -0.038169 -0.016994 -0.096329
v -0.032082 -0.014284 -0.098953
v -0.025847 -0.011508 -0.101116
v -0.019491 -0.008678 -0.102809
v -0.013045 -0.005808 -0.104025
v -0.006538 -0.002911 -0.104756
v -0.087726 -0.031930 0.048060
v -0.090600 -0.032976 0.041585
v -0.093052 -0.033868 0.034917
v -0.095072 -0.034603 0.028087
v -0.096650 -0.035178 0.021127
v -0.097778 -0.035588 0.014068
v -0.098452 -0.035834 0.006943
v -0.098668 -0.035912 -0.000213
v -0.098424 -0.035824 -0.007369
v -0.097724 -0.035568 -0.014491
v -0.096568 -0.035148 -0.021545
v -0.094964 -0.034564 -0.028498
v -0.092918 -0.033819 -0.035320
v -0.090440 -0.032917 -0.041977
v -0.087541 -0.031862 -0.048439
v -0.084236 -0.030659 -0.054675
v -0.080538 -0.029313 -0.060658
v -0.076466 -0.027831 -0.066358
v -0.072038 -0.026220 -0.071749
v -0.067276 -0.024486 -0.076807
v -0.062200 -0.022639 -0.081508
v -0.056836 -0.020686 -0.085830
v -0.051207 -0.018638 -0.089753
v -0.045339 -0.016502 -0.093258
v -0.039261 -0.014290 -0.096329
v -0.033001 -0.012011 -0.098953
v -0.026587 -0.009677 -0.101116
v -0.020049 -0.007297 -0.102809
v -0.013418 -0.004884 -0.104025
v -0.006725 -0.002448 -0.104756
v -0.089739 -0.025732 0.048060
v -0.092679 -0.026575 0.041585
v -0.095188 -0.027295 0.034917
v -0.097254 -0.027887 0.028087
v -0.098868 -0.028350 0.021127
v -0.100023 -0.028681 0.014068
v -0.100712 -0.028879 0.006943
v -0.100932 -0.028942 -0.000213
v -0.100684 -0.028871 -0.007369
v -0.099967 -0.028665 -0.014491
v -0.098785 -0.028326 -0.021545
v -0.097144 -0.027856 -0.028498
v -0.095051 -0.027255 -0.035320
v -0.092516 -0.026529 -0.041977
v -0.089551 -0.025678 -0.048439
v -0.086169 -0.024709 -0.054675
v -0.082387 -0.023624 -0.060658
v -0.078221 -0.022430 -0.066358
v -0.073692 -0.021131 -0.071749
v -0.068820 -0.019734 -0.076807
v -0.063628 -0.018245 -0.081508
v -0.058140 -0.016671 -0.085830
v -0.052382 -0.015020 -0.089753
v -0.046380 -0.013299 -0.093258
v -0.040163 -0.011516 -0.096329
v -0.033758 -0.009680 -0.098953
v -0.027197 -0.007799 -0.101116
v -0.020509 -0.005881 -0.102809
v -0.013726 -0.003936 -0.104025
v -0.006879 -0.001973 -0.104756
v -0.091316 -0.019410 0.048060
v -0.094307 -0.020046 0.041585
v -0.096860 -0.020588 0.034917
v -0.098963 -0.021035 0.028087
v -0.100605 -0.021384 0.021127
v -0.101780 -0.021634 0.014068
v -0.102481 -0.021783 0.006943
v -0.102705 -0.021831 -0.000213
v -0.102452 -0.021777 -0.007369
v -0.101723 -0.021622 -0.014491
v -0.100520 -0.021366 -0.021545
v -0.098850 -0.021011 -0.028498
v -0.096721 -0.020559 -0.035320
v -0.094141 -0.020010 -0.041977
v -0.091124 -0.019369 -0.048439
v -0.087683 -0.018638 -0.054675
v -0.083834 -0.017819 -0.060658
v -0.079595 -0.016919 -0.066358
v -0.074986 -0.015939 -0.071749
v -0.070029 -0.014885 -0.076807
v -0.064746 -0.013762 -0.081508
v -0.059161 -0.012575 -0.085830
v -0.053302 -0.011330 -0.089753
v -0.047195 -0.010032 -0.093258
v -0.040868 -0.008687 -0.096329
v -0.034351 -0.007302 -0.098953
v -0.027675 -0.005882 -0.101116
v -0.020869 -0.004436 -0.102809
v -0.013967 -0.002969 -0.104025
v -0.007000 -0.001488 -0.104756
v -0.092447 -0.012993 0.048060
v -0.095476 -0.013418 0.041585
v -0.098060 -0.013781 0.034917
v -0.100189 -0.014081 0.028087
v -0.101852 -0.014314 0.021127
v -0.103041 -0.014481 0.014068
v -0.103751 -0.014581 0.006943
v -0.103978 -0.014613 -0.000213
v -0.103722 -0.014577 -0.007369
v -0.102983 -0.014473 -0.014491
v -0.101766 -0.014302 -0.021545
v -0.100075 -0.014065 -0.028498
v -0.097919 -0.013762 -0.035320
v -0.095308 -0.013395 -0.041977
v -0.092253 -0.012965 -0.048439
v -0.088769 -0.012476 -0.054675
v -0.084873 -0.011928 -0.060658
v -0.080582 -0.011325 -0.066358
v -0.075916 -0.010669 -0.071749
v -0.070897 -0.009964 -0.076807
v -0.065548 -0.009212 -0.081508
v -0.059895 -0.008418 -0.085830
v -0.053963 -0.007584 -0.089753
v -0.047780 -0.006715 -0.093258
v -0.041374 -0.005815 -0.096329
v -0.034777 -0.004888 -0.098953
v -0.028018 -0.003938 -0.101116
v -0.021128 -0.002969 -0.102809
v -0.014140 -0.001987 -0.104025
v -0.007087 -0.000996 -0.104756
v -0.093128 -0.006512 0.048060
v -0.096179 -0.006726 0.041585
v -0.098783 -0.006908 0.034917
v -0.100927 -0.007058 0.028087
v -0.102602 -0.007175 0.021127
v -0.103800 -0.007258 0.014068
v -0.104515 -0.007308 0.006943
v -0.104744 -0.007324 -0.000213
v -0.104486 -0.007306 -0.007369
v -0.103742 -0.007254 -0.014491
v -0.102516 -0.007169 -0.021545
v -0.100812 -0.007049 -0.028498
v -0.098640 -0.006898 -0.035320
v -0.096010 -0.006714 -0.041977
v -0.092933 -0.006498 -0.048439
v -0.089423 -0.006253 -0.054675
v -0.085498 -0.005979 -0.060658
v -0.081175 -0.005676 -0.066358
v -0.076475 -0.005348 -0.071749
v -0.071419 -0.004994 -0.076807
v -0.066031 -0.004617 -0.081508
v -0.060336 -0.004219 -0.085830
v -0.054360 -0.003801 -0.089753
v -0.048132 -0.003366 -0.093258
v -0.041679 -0.002914 -0.096329
v -0.035033 -0.002450 -0.098953
v -0.028224 -0.001974 -0.101116
v -0.021284 -0.001488 -0.102809
v -0.014244 -0.000996 -0.104025
v -0.007139 -0.000499 -0.104756
v -0.093128 0.006512 0.048060
v -0.096179 0.006726 0.041585
v -0.098783 0.006908 0.034917
v -0.100927 0.007058 0.028087
v -0.102602 0.007175 0.021127
v -0.103800 0.007258 0.014068
v -0.104515 0.007308 0.006943
v -0.104744 0.007324 -0.000213
v -0.104486 0.007306 -0.007369
v -0.103742 0.007254 -0.014491
v -0.102516 0.007169 -0.021545
v -0.100812 0.007049 -0.028498
v -0.098640 0.006898 -0.035320
v -0.096010 0.006714 -0.041977
v -0.092933 0.006498 -0.048439
v -0.089423 0.006253 -0.054675
v -0.085498 0.005979 -0.060658
v -0.081175 0.005676 -0.066358
v -0.076475 0.005348 -0.071749
v -0.071419 0.004994 -0.076807
v -0.066031 0.004617 -0.081508
v -0.060336 0.004219 -0.085830
v -0.054360 0.003801 -0.089753
v -0.048132 0.003366 -0.093258
v -0.041679 0.002914 -0.096329
v -0.035033 0.002450 -0.098953
v -0.028224 0.001974 -0.101116
v -0.021284 0.001488 -0.102809
v -0.014244 0.000996 -0.104025
v -0.007139 0.000499 -0.104756
v -0.092447 0.012993 0.048060
v -0.095476 0.013418 0.041585
v -0.098060 0.013781 0.034917
v -0.100189 0.014081 0.028087
v -0.101852 0.014314 0.021127
v -0.103041 0.014481 0.014068
v -0.103751 0.014581 0.006943
v -0.103978 0.014613 -0.000213
v -0.103722 0.014577 -0.007369
v -0.102983 0.014473 -0.014491
v -0.101766 0.014302 -0.021545
v -0.100075 0.014065 -0.028498
v -0.097919 0.013762 -0.035320
v -0.095308 0.013395 -0.041977
v -0.092253 0.012965 -0.048439
v -0.088769 0.012476 -0.054675
v -0.084873 0.011928 -0.060658
v -0.080582 0.011325 -0.066358
v -0.075916 0.010669 -0.071749
v -0.070897 0.009964 -0.076807
v -0.065548 0.009212 -0.081508
v -0.059895 0.008418 -0.085830
v -0.053963 0.007584 -0.089753
v -0.047780 0.006715 -0.093258
v -0.041374 0.005815 -0.096329
v -0.034777 0.004888 -0.098953
v -0.028018 0.003938 -0.101116
v -0.021128 0.002969 -0.102809
v -0.014140 0.001987 -0.104025
v -0.007087 0.000996 -0.104756
v -0.091316 0.019410 0.048060
v -0.094307 0.020046 0.041585
v -0.096860 0.020588 0.034917
v -0.098963 0.021035 0.028087
v -0.100605 0.021384 0.021127
v -0.101780 0.021634 0.014068
v -0.102481 0.021783 0.006943
v -0.102705 0.021831 -0.000213
v -0.102452 0.021777 -0.007369
v -0.101723 0.021622 -0.014491
v -0.100520 0.021366 -0.021545
v -0.098850 0.021011 -0.028498
v -0.096721 0.020559 -0.035320
v -0.094141 0.020010 -0.041977
v -0.091124 0.019369 -0.048439
v -0.087683 0.018638 -0.054675
v -0.083834 0.017819 -0.060658
v -0.079595 0.016919 -0.066358
v -0.074986 0.015939 -0.071749
v -0.070029 0.014885 -0.076807
v -0.064746 0.013762 -0.081508
v -0.059161 0.012575 -0.085830
v -0.053302 0.011330 -0.089753
v -0.047195 0.010032 -0.093258
v -0.040868 0.008687 -0.096329
v -0.034351 0.007302 -0.098953
v -0.027675 0.005882 -0.101116
v -0.020869 0.004436 -0.102809
v -0.013967 0.002969 -0.104025
v -0.007000 0.001488 -0.104756
v -0.087726 0.031930 0.048060
v -0.090600 0.032976 0.041585
v -0.093052 0.033868 0.034917
v -0.095072 0.034603 0.028087
v -0.096650 0.035178 0.021127
v -0.097778 0.035588 0.014068
v -0.098452 0.035834 0.006943
v -0.098668 0.035912 -0.000213
v -0.098424 0.035824 -0.007369
v -0.097724 0.035568 -0.014491
v -0.096568 0.035148 -0.021545
v -0.094964 0.034564 -0.028498
v -0.092918 0.033819 -0.035320
v -0.090440 0.032917 -0.041977
v -0.087541 0.031862 -0.048439
v -0.084236 0.030659 -0.054675
v -0.080538 0.029313 -0.060658
v -0.076466 0.027831 -0.066358
v -0.072038 0.026220 -0.071749
v -0.067276 0.024486 -0.076807
v -0.062200 0.022639 -0.081508
v -0.056836 0.020686 -0.085830
v -0.051207 0.018638 -0.089753
v -0.045339 0.016502 -0.093258
v -0.039261 0.014290 -0.096329
v -0.033001 0.012011 -0.098953
v -0.026587 0.009677 -0.101116
v -0.020049 0.007297 -0.102809
v -0.013418 0.004884 -0.104025
v -0.006725 0.002448 -0.104756
v -0.006879 0.001973 -0.104756
v -0.013726 0.003936 -0.104025
v -0.020509 0.005881 -0.102809
v -0.027197 0.007799 -0.101116
v -0.033758 0.009680 -0.098953
v -0.040163 0.011516 -0.096329
v -0.046380 0.013299 -0.093258
v -0.052382 0.015020 -0.089753
v -0.058140 0.016671 -0.085830
v -0.063628 0.018245 -0.081508
v -0.068820 0.019734 -0.076807
v -0.073692 0.021131 -0.071749
v -0.078221 0.022430 -0.066358
v -0.082387 0.023624 -0.060658
v -0.086169 0.024709 -0.054675
v -0.089551 0.025678 -0.048439
v -0.092516 0.026529 -0.041977
v -0.095051 0.027255 -0.035320
v -0.097144 0.027856 -0.028498
v -0.098785 0.028326 -0.021545
v -0.099967 0.028665 -0.014491
v -0.100684 0.028871 -0.007369
v -0.100932 0.028942 -0.000213
v -0.100712 0.028879 0.006943
v -0.100023 0.028681 0.014068
v -0.098868 0.028350 0.021127
v -0.097254 0.027887 0.028087
v -0.095188 0.027295 0.034917
v -0.092679 0.026575 0.041585
v -0.085285 0.037971 0.048060
v -0.088079 0.039215 0.041585
v -0.090463 0.040277 0.034917
v -0.092427 0.041151 0.028087
v -0.093961 0.041834 0.021127
v -0.095057 0.042322 0.014068
v -0.095712 0.042614 0.006943
v -0.095922 0.042707 -0.000213
v -0.095686 0.042602 -0.007369
v -0.095004 0.042299 -0.014491
v -0.093881 0.041799 -0.021545
v -0.092322 0.041104 -0.028498
v -0.090333 0.040219 -0.035320
v -0.087923 0.039146 -0.041977
v -0.085105 0.037891 -0.048439
v -0.081892 0.036461 -0.054675
v -0.078297 0.034860 -0.060658
v -0.074338 0.033098 -0.066358
v -0.070034 0.031181 -0.071749
v -0.065404 0.029120 -0.076807
v -0.060470 0.026923 -0.081508
v -0.055254 0.024601 -0.085830
v -0.049782 0.022164 -0.089753
v -0.044078 0.019625 -0.093258
v -0.038169 0.016994 -0.096329
v -0.032082 0.014284 -0.098953
v -0.025847 0.011508 -0.101116
v -0.019491 0.008678 -0.102809
v -0.013045 0.005808 -0.104025
v -0.006538 0.002911 -0.104756
v -0.082428 0.043828 0.048060
v -0.085129 0.045264 0.041585
v -0.087433 0.046489 0.034917
v -0.089331 0.047498 0.028087
v -0.090813 0.048286 0.021127
v -0.091874 0.048850 0.014068
v -0.092507 0.049187 0.006943
v -0.092709 0.049294 -0.000213
v -0.092481 0.049173 -0.007369
v -0.091822 0.048823 -0.014491
v -0.090737 0.048246 -0.021545
v -0.089229 0.047444 -0.028498
v -0.087307 0.046422 -0.035320
v -0.084979 0.045184 -0.041977
v -0.082255 0.043736 -0.048439
v -0.079149 0.042084 -0.054675
v -0.075675 0.040237 -0.060658
v -0.071849 0.038203 -0.066358
v -0.067688 0.035991 -0.071749
v -0.063213 0.033611 -0.076807
v -0.058444 0.031075 -0.081508
v -0.053403 0.028395 -0.085830
v -0.048114 0.025583 -0.089753
v -0.042601 0.022652 -0.093258
v -0.036890 0.019615 -0.096329
v -0.031008 0.016487 -0.098953
v -0.024981 0.013283 -0.101116
v -0.018838 0.010016 -0.102809
v -0.012608 0.006704 -0.104025
v -0.006319 0.003360 -0.104756
v -0.079170 0.049471 0.048060
v -0.081764 0.051092 0.041585
v -0.083977 0.052475 0.034917
v -0.085800 0.053614 0.028087
v -0.087224 0.054504 0.021127
v -0.088242 0.055140 0.014068
v -0.088850 0.055520 0.006943
v -0.089045 0.055641 -0.000213
v -0.088825 0.055504 -0.007369
v -0.088193 0.055109 -0.014491
v -0.087150 0.054458 -0.021545
v -0.085703 0.053553 -0.028498
v -0.083856 0.052399 -0.035320
v -0.081620 0.051002 -0.041977
v -0.079004 0.049367 -0.048439
v -0.076020 0.047503 -0.054675
v -0.072684 0.045418 -0.060658
v -0.069009 0.043121 -0.066358
v -0.065013 0.040625 -0.071749
v -0.060715 0.037939 -0.076807
v -0.056134 0.035077 -0.081508
v -0.051293 0.032051 -0.085830
v -0.046213 0.028877 -0.089753
v -0.040918 0.025568 -0.093258
v -0.035432 0.022141 -0.096329
v -0.029782 0.018610 -0.098953
v -0.023994 0.014993 -0.101116
v -0.018094 0.011306 -0.102809
v -0.012109 0.007567 -0.104025
v -0.006069 0.003792 -0.104756
v -0.075526 0.054873 0.048060
v -0.078001 0.056671 0.041585
v -0.080112 0.058205 0.034917
v -0.081851 0.059468 0.028087
v -0.083210 0.060455 0.021127
v -0.084181 0.061161 0.014068
v -0.084761 0.061582 0.006943
v -0.084947 0.061717 -0.000213
v -0.084737 0.061565 -0.007369
v -0.084134 0.061127 -0.014491
v -0.083139 0.060404 -0.021545
v -0.081758 0.059401 -0.028498
v -0.079997 0.058121 -0.035320
v -0.077863 0.056571 -0.041977
v -0.075368 0.054758 -0.048439
v -0.072522 0.052690 -0.054675
v -0.069338 0.050377 -0.060658
v -0.065833 0.047830 -0.066358
v -0.062021 0.045061 -0.071749
v -0.057920 0.042082 -0.076807
v -0.053551 0.038907 -0.081508
v -0.048932 0.035551 -0.085830
v -0.044086 0.032030 -0.089753
v -0.039034 0.028360 -0.093258
v -0.033802 0.024558 -0.096329
v -0.028412 0.020642 -0.098953
v -0.022889 0.016630 -0.101116
v -0.017261 0.012541 -0.102809
v -0.011552 0.008393 -0.104025
v -0.005789 0.004206 -0.104756
v -0.071515 0.060008 0.048060
v -0.073857 0.061974 0.041585
v -0.075857 0.063651 0.034917
v -0.077503 0.065033 0.028087
v -0.078790 0.066112 0.021127
v -0.079709 0.066884 0.014068
v -0.080259 0.067345 0.006943
v -0.080435 0.067493 -0.000213
v -0.080236 0.067326 -0.007369
v -0.079665 0.066847 -0.014491
v -0.078723 0.066057 -0.021545
v -0.077415 0.064959 -0.028498
v -0.075748 0.063560 -0.035320
v -0.073727 0.061865 -0.041977
v -0.071364 0.059882 -0.048439
v -0.068669 0.057621 -0.054675
v -0.065655 0.055091 -0.060658
v -0.062336 0.052306 -0.066358
v -0.058726 0.049277 -0.071749
v -0.054844 0.046019 -0.076807
v -0.050706 0.042548 -0.081508
v -0.046333 0.038878 -0.085830
v -0.041744 0.035027 -0.089753
v -0.036961 0.031014 -0.093258
v -0.032006 0.026856 -0.096329
v -0.026902 0.022574 -0.098953
v -0.021674 0.018186 -0.101116
v -0.016344 0.013714 -0.102809
v -0.010938 0.009178 -0.104025
v -0.005482 0.004600 -0.104756
v -0.067154 0.064850 0.048060
v -0.069354 0.066975 0.041585
v -0.071232 0.068788 0.034917
v -0.072778 0.070281 0.028087
v -0.073986 0.071447 0.021127
v -0.074850 0.072282 0.014068
v -0.075365 0.072779 0.006943
v -0.075531 0.072939 -0.000213
v -0.075344 0.072759 -0.007369
v -0.074808 0.072241 -0.014491
v -0.073924 0.071387 -0.021545
v -0.072695 0.070201 -0.028498
v -0.071129 0.068689 -0.035320
v -0.069232 0.066857 -0.041977
v -0.067013 0.064714 -0.048439
v -0.064483 0.062270 -0.054675
v -0.061652 0.059537 -0.060658
v -0.058535 0.056527 -0.066358
v -0.055146 0.053254 -0.071749
v -0.051500 0.049733 -0.076807
v -0.047615 0.045981 -0.081508
v -0.043508 0.042015 -0.085830
v -0.039199 0.037854 -0.089753
v -0.034708 0.033517 -0.093258
v -0.030055 0.029024 -0.096329
v -0.025262 0.024395 -0.098953
v -0.020352 0.019654 -0.101116
v -0.015348 0.014821 -0.102809
v -0.010272 0.009919 -0.104025
v -0.005148 0.004971 -0.104756
v -0.062467 0.069377 0.048060
v -0.064514 0.071650 0.041585
v -0.066260 0.073589 0.034917
v -0.067698 0.075187 0.028087
v -0.068822 0.076434 0.021127
v -0.069625 0.077327 0.014068
v -0.070105 0.077859 0.006943
v -0.070259 0.078030 -0.000213
v -0.070085 0.077838 -0.007369
v -0.069586 0.077284 -0.014491
v -0.068764 0.076370 -0.021545
v -0.067621 0.075101 -0.028498
v -0.066165 0.073483 -0.035320
v -0.064400 0.071523 -0.041977
v -0.062336 0.069231 -0.048439
v -0.059982 0.066617 -0.054675
v -0.057349 0.063693 -0.060658
v -0.054450 0.060472 -0.066358
v -0.051297 0.056971 -0.071749
v -0.047905 0.053204 -0.076807
v -0.044291 0.049190 -0.081508
v -0.040471 0.044948 -0.085830
v -0.036463 0.040496 -0.089753
v -0.032285 0.035856 -0.093258
v -0.027957 0.031049 -0.096329
v -0.023499 0.026098 -0.098953
v -0.018932 0.021026 -0.101116
v -0.014276 0.015855 -0.102809
v -0.009555 0.010611 -0.104025
v -0.004788 0.005318 -0.104756
v -0.057475 0.073565 0.048060
v -0.059358 0.075975 0.041585
v -0.060965 0.078032 0.034917
v -0.062289 0.079726 0.028087
v -0.063322 0.081049 0.021127
v -0.064062 0.081995 0.014068
v -0.064503 0.082560 0.006943
v -0.064644 0.082741 -0.000213
v -0.064485 0.082537 -0.007369
v -0.064026 0.081949 -0.014491
v -0.063269 0.080981 -0.021545
v -0.062218 0.079635 -0.028498
v -0.060877 0.077920 -0.035320
v -0.059254 0.075841 -0.041977
v -0.057355 0.073411 -0.048439
v -0.055189 0.070639 -0.054675
v -0.052766 0.067538 -0.060658
v -0.050099 0.064123 -0.066358
v -0.047198 0.060410 -0.071749
v -0.044077 0.056416 -0.076807
v -0.040752 0.052160 -0.081508
v -0.037237 0.047661 -0.085830
v -0.033549 0.042941 -0.089753
v -0.029705 0.038021 -0.093258
v -0.025723 0.032924 -0.096329
v -0.021621 0.027674 -0.098953
v -0.017419 0.022295 -0.101116
v -0.013136 0.016813 -0.102809
v -0.008791 0.011252 -0.104025
v -0.004406 0.005639 -0.104756
v -0.052204 0.077395 0.048060
v -0.053914 0.079931 0.041585
v -0.055374 0.082095 0.034917
v -0.056576 0.083877 0.028087
v -0.057514 0.085269 0.021127
v -0.058186 0.086264 0.014068
v -0.058587 0.086858 0.006943
v -0.058715 0.087049 -0.000213
v -0.058570 0.086834 -0.007369
v -0.058153 0.086216 -0.014491
v -0.057466 0.085197 -0.021545
v -0.056511 0.083781 -0.028498
v -0.055294 0.081976 -0.035320
v -0.053819 0.079790 -0.041977
v -0.052094 0.077233 -0.048439
v -0.050127 0.074316 -0.054675
v -0.047927 0.071054 -0.060658
v -0.045503 0.067462 -0.066358
v -0.042869 0.063555 -0.071749
v -0.040035 0.059354 -0.076807
v -0.037014 0.054876 -0.081508
v -0.033822 0.050143 -0.085830
v -0.030472 0.045177 -0.089753
v -0.026981 0.040000 -0.093258
v -0.023364 0.034638 -0.096329
v -0.019638 0.029115 -0.098953
v -0.015821 0.023456 -0.101116
v -0.011931 0.017688 -0.102809
v -0.007985 0.011838 -0.104025
v -0.004002 0.005933 -0.104756
v -0.046678 0.080848 0.048060
v -0.048207 0.083497 0.041585
v -0.049512 0.085757 0.034917
v -0.050587 0.087619 0.028087
v -0.051426 0.089073 0.021127
v -0.052027 0.090113 0.014068
v -0.052385 0.090734 0.006943
v -0.052500 0.090932 -0.000213
v -0.052371 0.090708 -0.007369
v -0.051998 0.090063 -0.014491
v -0.051383 0.088998 -0.021545
v -0.050529 0.087519 -0.028498
v -0.049441 0.085634 -0.035320
v -0.048122 0.083350 -0.041977
v -0.046580 0.080679 -0.048439
v -0.044821 0.077632 -0.054675
v -0.042853 0.074224 -0.060658
v -0.040687 0.070472 -0.066358
v -0.038331 0.066391 -0.071749
v -0.035797 0.062002 -0.076807
v -0.033096 0.057324 -0.081508
v -0.030242 0.052380 -0.085830
v -0.027246 0.047192 -0.089753
v -0.024125 0.041785 -0.093258
v -0.020891 0.036183 -0.096329
v -0.017559 0.030414 -0.098953
v -0.014146 0.024502 -0.101116
v -0.010668 0.018477 -0.102809
v -0.007140 0.012366 -0.104025
v -0.003578 0.006197 -0.104756
v -0.036117 0.089394 0.041585
v -0.037095 0.091814 0.034917
v -0.037900 0.093807 0.028087
v -0.038529 0.095363 0.021127
v -0.038979 0.096477 0.014068
v -0.039248 0.097141 0.006943
v -0.039334 0.097354 -0.000213
v -0.039237 0.097114 -0.007369
v -0.038957 0.096423 -0.014491
v -0.038497 0.095283 -0.021545
v -0.037857 0.093700 -0.028498
v -0.037042 0.091681 -0.035320
v -0.036054 0.089236 -0.041977
v -0.034898 0.086376 -0.048439
v -0.033580 0.083114 -0.054675
v -0.032106 0.079466 -0.060658
v -0.030483 0.075448 -0.066358
v -0.028718 0.071080 -0.071749
v -0.026819 0.066380 -0.076807
v -0.024796 0.061372 -0.081508
v -0.022657 0.056079 -0.085830
v -0.020413 0.050525 -0.089753
v -0.018074 0.044736 -0.093258
v -0.015651 0.038739 -0.096329
v -0.013156 0.032561 -0.098953
v -0.010599 0.026233 -0.101116
v -0.007992 0.019782 -0.102809
v -0.005349 0.013239 -0.104025
v -0.002681 0.006635 -0.104756
v -0.003137 0.006432 -0.104756
v -0.006260 0.012834 -0.104025
v -0.009354 0.019176 -0.102809
v -0.012404 0.025429 -0.101116
v -0.015397 0.031563 -0.098953
v -0.018319 0.037551 -0.096329
v -0.021155 0.043364 -0.093258
v -0.023893 0.048975 -0.089753
v -0.026521 0.054359 -0.085830
v -0.029025 0.059489 -0.081508
v -0.031394 0.064343 -0.076807
v -0.033618 0.068898 -0.071749
v -0.035685 0.073132 -0.066358
v -0.037586 0.077026 -0.060658
v -0.039313 0.080561 -0.054675
v -0.040857 0.083722 -0.048439
v -0.042211 0.086494 -0.041977
v -0.043368 0.088863 -0.035320
v -0.044325 0.090819 -0.028498
v -0.045075 0.092353 -0.021545
v -0.045615 0.093457 -0.014491
v -0.045944 0.094127 -0.007369
v -0.046058 0.094359 -0.000213
v -0.045959 0.094152 0.006943
v -0.045646 0.093507 0.014068
v -0.045120 0.092427 0.021127
v -0.044385 0.090918 0.028087
v -0.043443 0.088986 0.034917
v -0.042299 0.086640 0.041585
v -0.040959 0.083891 0.048060
v -0.028848 0.088787 0.048060
v -0.029794 0.091695 0.041585
v -0.030600 0.094178 0.034917
v -0.031264 0.096222 0.028087
v -0.031783 0.097819 0.021127
v -0.032154 0.098961 0.014068
v -0.032376 0.099642 0.006943
v -0.032447 0.099861 -0.000213
v -0.032367 0.099615 -0.007369
v -0.032136 0.098905 -0.014491
v -0.031756 0.097736 -0.021545
v -0.031229 0.096112 -0.028498
v -0.030556 0.094042 -0.035320
v -0.029741 0.091534 -0.041977
v -0.028788 0.088600 -0.048439
v -0.027701 0.085254 -0.054675
v -0.026485 0.081512 -0.060658
v -0.025146 0.077391 -0.066358
v -0.023690 0.072910 -0.071749
v -0.022124 0.068089 -0.076807
v -0.020455 0.062953 -0.081508
v -0.018690 0.057523 -0.085830
v -0.016839 0.051826 -0.089753
v -0.014910 0.045888 -0.093258
v -0.012911 0.039736 -0.096329
v -0.010852 0.033400 -0.098953
v -0.008743 0.026908 -0.101116
v -0.006593 0.020291 -0.102809
v -0.004412 0.013580 -0.104025
v -0.002211 0.006806 -0.104756
v -0.022585 0.090583 0.048060
v -0.023325 0.093550 0.041585
v -0.023956 0.096083 0.034917
v -0.024476 0.098168 0.028087
v -0.024882 0.099797 0.021127
v -0.025173 0.100963 0.014068
v -0.025346 0.101658 0.006943
v -0.025402 0.101881 -0.000213
v -0.025339 0.101630 -0.007369
v -0.025159 0.100906 -0.014491
v -0.024861 0.099713 -0.021545
v -0.024448 0.098057 -0.028498
v -0.023922 0.095944 -0.035320
v -0.023284 0.093385 -0.041977
v -0.022537 0.090392 -0.048439
v -0.021686 0.086979 -0.054675
v -0.020734 0.083161 -0.060658
v -0.019686 0.078956 -0.066358
v -0.018546 0.074385 -0.071749
v -0.017320 0.069467 -0.076807
v -0.016013 0.064226 -0.081508
v -0.014632 0.058687 -0.085830
v -0.013183 0.052874 -0.089753
v -0.011673 0.046816 -0.093258
v -0.010108 0.040540 -0.096329
v -0.008496 0.034075 -0.098953
v -0.006845 0.027452 -0.101116
v -0.005162 0.020702 -0.102809
v -0.003454 0.013855 -0.104025
v -0.001731 0.006944 -0.104756
v -0.016211 0.091937 0.048060
v -0.016742 0.094949 0.041585
v -0.017195 0.097520 0.034917
v -0.017569 0.099637 0.028087
v -0.017860 0.101290 0.021127
v -0.018069 0.102473 0.014068
v -0.018193 0.103178 0.006943
v -0.018233 0.103405 -0.000213
v -0.018188 0.103150 -0.007369
v -0.018059 0.102415 -0.014491
v -0.017845 0.101205 -0.021545
v -0.017549 0.099523 -0.028498
v -0.017171 0.097379 -0.035320
v -0.016713 0.094782 -0.041977
v -0.016177 0.091744 -0.048439
v -0.015566 0.088280 -0.054675
v -0.014883 0.084405 -0.060658
v -0.014130 0.080137 -0.066358
v -0.013312 0.075497 -0.071749
v -0.012432 0.070506 -0.076807
v -0.011494 0.065187 -0.081508
v -0.010503 0.059564 -0.085830
v -0.009463 0.053665 -0.089753
v -0.008378 0.047516 -0.093258
v -0.007255 0.041146 -0.096329
v -0.006098 0.034585 -0.098953
v -0.004913 0.027863 -0.101116
v -0.003705 0.021011 -0.102809
v -0.002480 0.014062 -0.104025
v -0.001243 0.007047 -0.104756
v -0.009758 0.092844 0.048060
v -0.010078 0.095886 0.041585
v -0.010351 0.098482 0.034917
v -0.010576 0.100619 0.028087
v -0.010751 0.102289 0.021127
v -0.010877 0.103483 0.014068
v -0.010951 0.104196 0.006943
v -0.010975 0.104425 -0.000213
v -0.010948 0.104167 -0.007369
v -0.010870 0.103426 -0.014491
v -0.010742 0.102203 -0.021545
v -0.010564 0.100505 -0.028498
v -0.010336 0.098340 -0.035320
v -0.010060 0.095717 -0.041977
v -0.009738 0.092649 -0.048439
v -0.009370 0.089151 -0.054675
v -0.008959 0.085237 -0.060658
v -0.008506 0.080928 -0.066358
v -0.008013 0.076242 -0.071749
v -0.007484 0.071201 -0.076807
v -0.006919 0.065830 -0.081508
v -0.006322 0.060152 -0.085830
v -0.005696 0.054194 -0.089753
v -0.005043 0.047985 -0.093258
v -0.004367 0.041552 -0.096329
v -0.003671 0.034926 -0.098953
v -0.002957 0.028138 -0.101116
v -0.002230 0.021219 -0.102809
v -0.001493 0.014201 -0.104025
v -0.000748 0.007117 -0.104756
vt -0.000007 -1.456046 0.000000
vt -0.000000 -0.969342 0.000000
vt -0.006216 -1.443719 0.000000
vt -0.035104 -1.052311 0.000000
vt -0.051498 -1.350560 0.000000
vt -0.098620 -1.248130 0.000000
vt -0.107664 -1.052311 0.000000
vt -0.130028 -1.052311 0.000000
vt -0.130028 -0.648577 0.000000
vt -0.172672 -0.648577 0.000000
vt -0.172672 -0.291483 0.000000
vt -0.215316 -0.512852 0.000000
vt -0.172672 0.000000 0.000000
vt -0.215316 0.002995 0.000000
vt -0.035104 -0.648577 0.000000
vt -0.000000 -0.484610 0.000000
vt -0.035104 -0.291483 0.000000
vt -0.035104 0.000000 0.000000
vt -0.107664 0.000000 0.000000
vt -0.107664 0.002995 0.000000
vt -0.000000 0.002995 0.000000
vt -0.215309 -1.028696 0.000000
vt -0.214613 -1.029799 0.000000
vt -0.172672 -1.052311 0.000000
vt -0.151630 -1.140043 0.000000
vt -0.130028 0.002995 0.000000
vt -0.130028 0.000000 0.000000
vt -0.172672 0.002995 0.000000
vt -0.107664 -0.648577 0.000000
vt -0.107664 -0.291483 0.000000
vt -0.130028 -0.291483 0.000000
vt -0.051498 -0.789010 0.000000
vt -0.035104 -0.938158 0.000000
vt -0.006216 -0.695851 0.000000
vt -0.000000 -1.170227 0.000000
vt -0.000007 -0.683524 0.000000
vt -0.098620 -0.891440 0.000000
vt -0.035104 -1.192793 0.000000
vt -0.035104 -1.490991 0.000000
vt -0.000000 -1.654959 0.000000
vt -0.035104 -1.848085 0.000000
vt -0.035104 -2.139567 0.000000
vt -0.107664 -1.848085 0.000000
vt -0.107664 -2.139567 0.000000
vt -0.130028 -1.848085 0.000000
vt -0.130028 -2.139567 0.000000
vt -0.172678 -1.848085 0.000000
vt -0.172678 -2.139567 0.000000
vt -0.215328 -2.139567 0.000000
vt -0.172678 -2.142562 0.000000
vt -0.107664 -0.938158 0.000000
vt -0.151630 -0.999526 0.000000
vt -0.107664 -1.192793 0.000000
vt -0.130028 -1.192793 0.000000
vt -0.107664 -1.490991 0.000000
vt -0.130028 -1.490991 0.000000
vt -0.172678 -1.192793 0.000000
vt -0.214613 -1.109770 0.000000
vt -0.215309 -1.110873 0.000000
vt -0.172678 -1.490991 0.000000
vt -0.215316 -1.625219 0.000000
vt -0.130028 -2.142562 0.000000
vt -0.107664 -2.142562 0.000000
vt -0.035104 -2.142562 0.000000
vt -0.000000 -2.142562 0.000000
vt -0.000000 1.803979 0.000000
vt -0.000001 2.061687 0.000000
vt -0.091722 1.845082 0.000000
vt -0.190988 1.980231 0.000000
vt -0.204724 1.845082 0.000000
vt -0.317727 1.845082 0.000000
vt -0.204724 1.628477 0.000000
vt -0.317727 1.628477 0.000000
vt -0.204724 1.195268 0.000000
vt -0.317727 1.195268 0.000000
vt -0.204724 0.896451 0.000000
vt -0.317727 0.896451 0.000000
vt -0.204724 0.597634 0.000000
vt -0.317727 0.597634 0.000000
vt -0.204724 0.298817 0.000000
vt -0.317727 0.298817 0.000000
vt -0.254181 0.000000 0.000000
vt -0.381273 0.000000 0.000000
vt -0.384052 0.298817 0.000000
vt -0.508367 0.000000 0.000000
vt -0.509753 0.298817 0.000000
vt -0.635454 0.210716 0.000000
vt -0.635454 0.421431 0.000000
vt -0.509753 0.597634 0.000000
vt -0.635454 0.632147 0.000000
vt -0.635454 0.842863 0.000000
vt -0.509753 0.896451 0.000000
vt -0.509753 1.195268 0.000000
vt -0.384052 0.896451 0.000000
vt -0.384052 1.195268 0.000000
vt -0.357143 1.887718 0.000000
vt -0.384052 1.845082 0.000000
vt -0.384052 1.628477 0.000000
vt -0.503522 1.788389 0.000000
vt -0.509753 1.628477 0.000000
vt -0.634212 1.686740 0.000000
vt -0.635454 1.264295 0.000000
vt -0.635454 1.685725 0.000000
vt -0.635454 0.000000 0.000000
vt -0.127086 0.000000 0.000000
vt -0.091722 0.298817 0.000000
vt -0.091722 0.597634 0.000000
vt -0.091722 0.896451 0.000000
vt -0.091722 1.195268 0.000000
vt -0.091722 1.628477 0.000000
vt -0.000000 0.000000 0.000000
vt -0.000000 0.257711 0.000000
vt -0.000000 0.515423 0.000000
vt -0.000000 0.773134 0.000000
vt -0.000000 1.030845 0.000000
vt -0.000000 1.546268 0.000000
vt -0.384052 0.597634 0.000000
vt 0.325621 0.960757 0.000000
vt 0.154904 0.483016 0.000000
vt 0.738217 0.779000 0.000000
vt 1.163886 0.631427 0.000000
vt 1.382495 0.575965 0.000000
vt -0.000000 0.000000 0.000000
vt 1.604098 0.534668 0.000000
vt 1.827846 0.508893 0.000000
vt 0.000836 -0.002824 0.000000
vt 1.827664 -0.508830 0.000000
vt 1.603692 -0.534520 0.000000
vt 1.382227 -0.575884 0.000000
vt 0.155381 -0.484409 0.000000
vt 1.163915 -0.631504 0.000000
vt 0.738043 -0.778776 0.000000
vt 0.325621 -0.960757 0.000000
vt 2.052889 0.500000 0.000000
vt 2.052889 -0.500000 0.000000
vt 5.318432 -0.500000 0.000000
vt 5.318432 0.500000 0.000000
vt -0.000000 1.264283 0.000000
vt -0.000000 1.685699 0.000000
vt -0.091752 1.456840 0.000000
vt -0.000636 1.686713 0.000000
vt -0.131630 1.788321 0.000000
vt -0.278314 1.887593 0.000000
vt -0.204739 1.759232 0.000000
vt -0.204739 1.456840 0.000000
vt -0.091752 1.092630 0.000000
vt -0.000000 0.842855 0.000000
vt -0.091752 0.728420 0.000000
vt -0.000000 0.632141 0.000000
vt -0.091752 0.364210 0.000000
vt -0.000000 0.421427 0.000000
vt -0.000000 0.210714 0.000000
vt -0.000000 0.000000 0.000000
vt -0.127086 0.000000 0.000000
vt -0.204739 0.364210 0.000000
vt -0.254181 0.000000 0.000000
vt -0.317727 0.364210 0.000000
vt -0.384088 0.364210 0.000000
vt -0.384088 0.728420 0.000000
vt -0.509771 0.728420 0.000000
vt -0.509771 1.092630 0.000000
vt -0.635454 1.030817 0.000000
vt -0.509771 1.456840 0.000000
vt -0.635454 1.546225 0.000000
vt -0.509771 1.759232 0.000000
vt -0.635454 1.803929 0.000000
vt -0.635444 2.061623 0.000000
vt -0.444479 1.980114 0.000000
vt -0.384088 1.759232 0.000000
vt -0.317727 1.759232 0.000000
vt -0.317727 1.456840 0.000000
vt -0.204739 1.092630 0.000000
vt -0.635454 0.773113 0.000000
vt -0.635454 0.515408 0.000000
vt -0.509771 0.364210 0.000000
vt -0.635454 0.257704 0.000000
vt -0.508368 0.000000 0.000000
vt -0.635454 0.000000 0.000000
vt -0.381274 0.000000 0.000000
vt -0.384088 1.456840 0.000000
vt -0.384088 1.092630 0.000000
vt -0.317727 1.092630 0.000000
vt -0.204739 0.728420 0.000000
vt -0.317727 0.728420 0.000000
vt -0.000007 -1.456046 0.000000
vt -0.000000 -0.969342 0.000000
vt -0.006216 -1.443719 0.000000
vt -0.035104 -1.052311 0.000000
vt -0.051498 -1.350560 0.000000
vt -0.098620 -1.248130 0.000000
vt -0.107664 -1.052311 0.000000
vt -0.130028 -1.052311 0.000000
vt -0.130028 -0.648577 0.000000
vt -0.172672 -0.648577 0.000000
vt -0.172672 -0.291483 0.000000
vt -0.215316 -0.512852 0.000000
vt -0.172672 0.000000 0.000000
vt -0.215316 0.002995 0.000000
vt -0.035104 -0.648577 0.000000
vt -0.000000 -0.484610 0.000000
vt -0.035104 -0.291483 0.000000
vt -0.035104 0.000000 0.000000
vt -0.107664 0.000000 0.000000
vt -0.107664 0.002995 0.000000
vt -0.000000 0.002995 0.000000
vt -0.215309 -1.028696 0.000000
vt -0.214613 -1.029799 0.000000
vt -0.172672 -1.052311 0.000000
vt -0.151630 -1.140043 0.000000
vt -0.130028 0.002995 0.000000
vt -0.130028 0.000000 0.000000
vt -0.172672 0.002995 0.000000
vt -0.107664 -0.648577 0.000000
vt -0.107664 -0.291483 0.000000
vt -0.130028 -0.291483 0.000000
vt -0.051498 -0.789011 0.000000
vt -0.035104 -0.938160 0.000000
vt -0.006216 -0.695852 0.000000
vt -0.000000 -1.170229 0.000000
vt -0.000007 -0.683525 0.000000
vt -0.098620 -0.891441 0.000000
vt -0.035104 -1.192795 0.000000
vt -0.035104 -1.490993 0.000000
vt -0.000000 -1.654961 0.000000
vt -0.035104 -1.848088 0.000000
vt -0.000000 -2.142566 0.000000
vt -0.107664 -0.938160 0.000000
vt -0.151630 -0.999528 0.000000
vt -0.107664 -1.192795 0.000000
vt -0.130028 -1.192795 0.000000
vt -0.107664 -1.490993 0.000000
vt -0.130028 -1.490993 0.000000
vt -0.107664 -1.848088 0.000000
vt -0.130028 -1.848088 0.000000
vt -0.107664 -2.142566 0.000000
vt -0.172672 -1.192795 0.000000
vt -0.214613 -1.109772 0.000000
vt -0.172672 -1.490993 0.000000
vt -0.215316 -1.626719 0.000000
vt -0.172672 -1.848088 0.000000
vt -0.215316 -2.142566 0.000000
vt -0.215309 -1.110875 0.000000
vt -0.130028 -2.142566 0.000000
vt -0.035104 -2.142566 0.000000
vt 1.105271 2.857754 0.000000
vt 1.259947 2.579821 0.000000
vt 1.231917 2.751633 0.000000
vt 1.280965 2.579801 0.000000
vt 1.437237 2.601381 0.000000
vt 1.437237 2.451167 0.000000
vt 1.642556 2.601359 0.000000
vt 1.642556 2.451167 0.000000
vt 1.847876 2.601338 0.000000
vt 1.847876 2.451167 0.000000
vt 2.053195 2.601317 0.000000
vt 2.053195 2.300834 0.000000
vt 1.847876 2.300874 0.000000
vt 1.847876 2.150701 0.000000
vt 1.660595 2.168312 0.000000
vt 1.847876 2.000455 0.000000
vt 2.051499 1.702071 0.000000
vt 2.053175 2.000396 0.000000
vt 2.053159 1.700002 0.000000
vt 1.642556 2.300914 0.000000
vt 1.847876 2.751633 0.000000
vt 2.053195 2.901800 0.000000
vt 1.847876 2.901814 0.000000
vt 1.847876 3.052099 0.000000
vt 1.642556 3.052099 0.000000
vt 1.847876 3.202291 0.000000
vt 1.642556 3.202300 0.000000
vt 1.847876 3.502770 0.000000
vt 1.642556 3.502775 0.000000
vt 1.847876 3.803250 0.000000
vt 1.642556 3.803252 0.000000
vt 1.596927 4.103731 0.000000
vt 1.368799 4.103731 0.000000
vt 2.053195 3.202282 0.000000
vt 2.053195 3.502765 0.000000
vt 2.053195 3.803248 0.000000
vt 2.053195 4.103731 0.000000
vt 1.825067 4.103731 0.000000
vt 1.140661 4.103731 0.000000
vt 1.231917 3.803256 0.000000
vt 1.437237 3.803254 0.000000
vt 1.437237 3.502779 0.000000
vt 1.437237 3.202308 0.000000
vt 1.437237 3.052099 0.000000
vt 1.642556 2.901828 0.000000
vt 1.642556 2.751633 0.000000
vt 1.026598 3.803258 0.000000
vt 0.912534 4.103731 0.000000
vt 0.821278 3.803259 0.000000
vt 0.684396 4.103731 0.000000
vt 0.615959 3.803261 0.000000
vt 0.456268 4.103731 0.000000
vt 0.410639 3.803263 0.000000
vt 0.228128 4.103731 0.000000
vt 0.153763 3.904710 0.000000
vt 0.000000 4.103731 0.000000
vt 0.000000 4.017546 0.000000
vt 0.308846 3.778737 0.000000
vt 0.465430 3.637793 0.000000
vt 0.615959 3.502798 0.000000
vt 0.821278 3.502793 0.000000
vt 1.026598 3.502789 0.000000
vt 1.231917 3.502784 0.000000
vt 0.623970 3.479146 0.000000
vt 0.945124 3.094679 0.000000
vt 1.026598 3.202325 0.000000
vt 1.026598 3.052099 0.000000
vt 1.231917 2.901856 0.000000
vt 1.437237 2.901842 0.000000
vt 1.437237 2.751633 0.000000
vt 1.231917 3.052099 0.000000
vt 1.231917 3.202317 0.000000
vt 0.793248 2.579821 0.000000
vt 0.821278 2.751633 0.000000
vt 0.772230 2.579801 0.000000
vt 0.615959 2.601381 0.000000
vt 0.615959 2.451167 0.000000
vt 0.410639 2.601359 0.000000
vt 0.410639 2.451167 0.000000
vt 0.205320 2.601338 0.000000
vt 0.205320 2.451167 0.000000
vt 0.000000 2.601317 0.000000
vt 0.000000 2.300834 0.000000
vt 0.947933 2.857721 0.000000
vt 0.821278 2.901856 0.000000
vt 0.615959 2.901842 0.000000
vt 0.615959 3.052099 0.000000
vt 0.410639 3.052099 0.000000
vt 0.410639 3.202300 0.000000
vt 0.205320 3.202291 0.000000
vt 0.205320 3.502770 0.000000
vt 0.000000 3.502765 0.000000
vt 0.000000 3.803248 0.000000
vt 0.205320 3.803250 0.000000
vt 0.000000 4.103731 0.000000
vt 0.228128 4.103731 0.000000
vt 0.410639 3.803252 0.000000
vt 0.456268 4.103731 0.000000
vt 0.615959 3.803254 0.000000
vt 0.684396 4.103731 0.000000
vt 0.821278 3.803256 0.000000
vt 0.912534 4.103731 0.000000
vt 1.026598 3.803258 0.000000
vt 1.140661 4.103731 0.000000
vt 1.231917 3.803259 0.000000
vt 1.368799 4.103731 0.000000
vt 1.437237 3.803261 0.000000
vt 1.596927 4.103731 0.000000
vt 1.642556 3.803263 0.000000
vt 1.825067 4.103731 0.000000
vt 1.899620 3.904818 0.000000
vt 2.053195 4.017546 0.000000
vt 1.026598 3.052099 0.000000
vt 1.107990 3.094556 0.000000
vt 1.026598 3.202325 0.000000
vt 1.231917 3.502793 0.000000
vt 1.026598 3.502789 0.000000
vt 1.429200 3.479122 0.000000
vt 1.437237 3.502798 0.000000
vt 1.587773 3.637816 0.000000
vt 1.744644 3.778931 0.000000
vt 2.053195 4.103731 0.000000
vt 0.000000 3.202282 0.000000
vt 0.205320 3.052099 0.000000
vt 0.410639 2.901828 0.000000
vt 0.615959 2.751633 0.000000
vt 0.000000 2.901800 0.000000
vt 0.205320 2.901814 0.000000
vt 0.410639 2.751633 0.000000
vt 0.205320 2.751633 0.000000
vt 0.000020 2.000396 0.000000
vt 0.205320 2.150701 0.000000
vt 0.205320 2.300874 0.000000
vt 0.410639 2.300914 0.000000
vt 0.000036 1.700002 0.000000
vt 0.001696 1.702071 0.000000
vt 0.205320 2.000455 0.000000
vt 0.393667 2.169513 0.000000
vt 0.821278 3.202317 0.000000
vt 0.821278 3.052099 0.000000
vt 0.615959 3.202308 0.000000
vt 0.615959 3.502779 0.000000
vt 0.821278 3.502784 0.000000
vt 0.410639 3.502775 0.000000
vt -0.000000 1.803979 0.000000
vt -0.000001 2.061687 0.000000
vt -0.091745 1.845082 0.000000
vt -0.190988 1.980231 0.000000
vt -0.204736 1.845082 0.000000
vt -0.317727 1.845082 0.000000
vt -0.204736 1.628477 0.000000
vt -0.317727 1.628477 0.000000
vt -0.204736 1.195268 0.000000
vt -0.317727 1.195268 0.000000
vt -0.204736 0.896451 0.000000
vt -0.317727 0.896451 0.000000
vt -0.204736 0.597634 0.000000
vt -0.317727 0.597634 0.000000
vt -0.204736 0.298817 0.000000
vt -0.317727 0.298817 0.000000
vt -0.254181 0.000000 0.000000
vt -0.381273 0.000000 0.000000
vt -0.384071 0.298817 0.000000
vt -0.508367 0.000000 0.000000
vt -0.509762 0.298817 0.000000
vt -0.635454 0.210716 0.000000
vt -0.635454 0.421431 0.000000
vt -0.509762 0.597634 0.000000
vt -0.635454 0.632147 0.000000
vt -0.635454 0.842863 0.000000
vt -0.509762 0.896451 0.000000
vt -0.509762 1.195268 0.000000
vt -0.384071 0.896451 0.000000
vt -0.384071 1.195268 0.000000
vt -0.357143 1.887718 0.000000
vt -0.384071 1.845082 0.000000
vt -0.384071 1.628477 0.000000
vt -0.503522 1.788389 0.000000
vt -0.509762 1.628477 0.000000
vt -0.634212 1.686740 0.000000
vt -0.635454 1.264295 0.000000
vt -0.635454 1.685725 0.000000
vt -0.635454 0.000000 0.000000
vt -0.127086 0.000000 0.000000
vt -0.091745 0.298817 0.000000
vt -0.091745 0.597634 0.000000
vt -0.091745 0.896451 0.000000
vt -0.091745 1.195268 0.000000
vt -0.091745 1.628477 0.000000
vt -0.000000 0.000000 0.000000
vt -0.000000 0.257711 0.000000
vt -0.000000 0.515423 0.000000
vt -0.000000 0.773134 0.000000
vt -0.000000 1.030845 0.000000
vt -0.000000 1.546268 0.000000
vt -0.384071 0.597634 0.000000
vt 3.265542 0.392699 0.000000
vt 0.000000 0.392699 0.000000
vt 3.265542 0.235619 0.000000
vt 0.000000 0.235619 0.000000
vt 3.265542 0.078540 0.000000
vt 0.000000 0.078540 0.000000
vt 3.265542 -0.078540 0.000000
vt 0.000000 -0.078540 0.000000
vt 3.265542 -0.235619 0.000000
vt 0.000000 -0.235619 0.000000
vt 3.265542 -0.392699 0.000000
vt 0.000000 -0.392699 0.000000
vt 0.000000 2.931090 0.000000
vt -0.157080 2.931090 0.000000
vt 0.000000 2.564703 0.000000
vt -0.157080 2.564703 0.000000
vt 0.000000 2.198317 0.000000
vt -0.157080 2.198317 0.000000
vt 0.000000 1.831931 0.000000
vt -0.157080 1.831931 0.000000
vt 0.000000 1.465545 0.000000
vt -0.157080 1.465545 0.000000
vt 0.000000 1.099159 0.000000
vt -0.157080 1.099159 0.000000
vt 0.000000 0.732772 0.000000
vt -0.157080 0.732772 0.000000
vt 0.000000 0.366386 0.000000
vt -0.157080 0.366386 0.000000
vt -0.000000 -0.000000 0.000000
vt -0.157080 -0.000000 0.000000
vt -0.000000 -0.366386 0.000000
vt -0.157080 -0.366386 0.000000
vt -0.000000 -0.732772 0.000000
vt -0.157080 -0.732772 0.000000
vt -0.000000 -1.099159 0.000000
vt -0.157080 -1.099159 0.000000
vt -0.000000 -1.465545 0.000000
vt -0.157080 -1.465545 0.000000
vt -0.000000 -1.831931 0.000000
vt -0.157080 -1.831931 0.000000
vt -0.000000 -2.198317 0.000000
vt -0.157080 -2.198317 0.000000
vt -0.000000 -2.564703 0.000000
vt -0.157080 -2.564703 0.000000
vt -0.000000 -2.931090 0.000000
vt -0.157080 -2.931090 0.000000
vt -0.314159 -2.564703 0.000000
vt -0.314159 -2.931090 0.000000
vt -0.471239 -2.564703 0.000000
vt -0.471239 -2.931090 0.000000
vt -0.628319 -2.564703 0.000000
vt -0.628319 -2.931090 0.000000
vt -0.785398 -2.931090 0.000000
vt -0.785398 -2.540278 0.000000
vt -0.628319 -2.198317 0.000000
vt -0.785398 -2.149466 0.000000
vt -0.628319 -1.831931 0.000000
vt -0.785398 -1.758654 0.000000
vt -0.628319 -1.465545 0.000000
vt -0.785398 -1.367842 0.000000
vt -0.628319 -1.099159 0.000000
vt -0.785398 -0.977030 0.000000
vt -0.628319 -0.732772 0.000000
vt -0.785398 -0.586218 0.000000
vt -0.628319 -0.366386 0.000000
vt -0.785398 -0.195406 0.000000
vt -0.628319 -0.000000 0.000000
vt -0.785398 0.195406 0.000000
vt -0.628319 0.366386 0.000000
vt -0.785398 0.586218 0.000000
vt -0.628319 0.732772 0.000000
vt -0.785398 0.977030 0.000000
vt -0.628319 1.099159 0.000000
vt -0.785398 1.367842 0.000000
vt -0.628319 1.465545 0.000000
vt -0.785398 1.758654 0.000000
vt -0.628319 1.831931 0.000000
vt -0.785398 2.149466 0.000000
vt -0.628319 2.198317 0.000000
vt -0.785398 2.540278 0.000000
vt -0.628319 2.564703 0.000000
vt -0.785398 2.931090 0.000000
vt -0.628319 2.931090 0.000000
vt -0.471239 2.564703 0.000000
vt -0.471239 2.931090 0.000000
vt -0.314159 2.564703 0.000000
vt -0.314159 2.931090 0.000000
vt -0.471239 2.198317 0.000000
vt -0.471239 1.831931 0.000000
vt -0.471239 1.465545 0.000000
vt -0.471239 1.099159 0.000000
vt -0.471239 0.732772 0.000000
vt -0.471239 0.366386 0.000000
vt -0.471239 -0.000000 0.000000
vt -0.471239 -0.366386 0.000000
vt -0.471239 -0.732772 0.000000
vt -0.471239 -1.099159 0.000000
vt -0.471239 -1.465545 0.000000
vt -0.471239 -1.831931 0.000000
vt -0.471239 -2.198317 0.000000
vt -0.314159 2.198317 0.000000
vt -0.314159 1.831931 0.000000
vt -0.314159 1.465545 0.000000
vt -0.314159 1.099159 0.000000
vt -0.314159 0.732772 0.000000
vt -0.314159 0.366386 0.000000
vt -0.314159 -0.000000 0.000000
vt -0.314159 -0.366386 0.000000
vt -0.314159 -0.732772 0.000000
vt -0.314159 -1.099159 0.000000
vt -0.314159 -1.465545 0.000000
vt -0.314159 -1.831931 0.000000
vt -0.314159 -2.198317 0.000000
vt 2.659216 0.392699 0.000000
vt -0.606326 0.392699 0.000000
vt 2.659216 0.235619 0.000000
vt -0.606326 0.235619 0.000000
vt 2.659216 0.078540 0.000000
vt -0.606326 0.078540 0.000000
vt 2.659216 -0.078540 0.000000
vt -0.606326 -0.078540 0.000000
vt 2.659216 -0.235619 0.000000
vt -0.606326 -0.235619 0.000000
vt 2.659216 -0.392699 0.000000
vt -0.606326 -0.392699 0.000000
vt -0.500000 1.630874 0.000000
vt 0.500000 1.630874 0.000000
vt -0.500000 2.016063 0.000000
vt 0.500000 2.016063 0.000000
vt -0.500000 2.401252 0.000000
vt 0.500000 2.401252 0.000000
vt -0.500000 2.786442 0.000000
vt 0.500000 2.786442 0.000000
vt -0.500000 3.171631 0.000000
vt 0.500000 3.171631 0.000000
vt -0.500000 3.556821 0.000000
vt 0.500000 3.556821 0.000000
vt -0.500000 3.942010 0.000000
vt 0.500000 3.942010 0.000000
vt -0.500000 4.327200 0.000000
vt 0.500000 4.327200 0.000000
vt -0.500000 4.712389 0.000000
vt 0.500000 4.712389 0.000000
vt -0.500000 5.097578 0.000000
vt 0.500000 5.097578 0.000000
vt -0.500000 5.482768 0.000000
vt 0.500000 5.482768 0.000000
vt -0.500000 5.867957 0.000000
vt 0.500000 5.867957 0.000000
vt -0.500000 6.253147 0.000000
vt 0.500000 6.253147 0.000000
vt -0.500000 6.638336 0.000000
vt 0.500000 6.638336 0.000000
vt -0.500000 7.023526 0.000000
vt 0.500000 7.023526 0.000000
vt -0.500000 7.408715 0.000000
vt 0.500000 7.408715 0.000000
vt -0.500000 7.793904 0.000000
vt 0.500000 7.793904 0.000000
vt 5.163528 0.483016 0.000000
vt 3.936205 0.575884 0.000000
vt 5.318432 0.000000 0.000000
vt 3.714739 0.534520 0.000000
vt 3.490767 0.508830 0.000000
vt 4.992811 0.960757 0.000000
vt 4.580388 0.778776 0.000000
vt 4.154516 0.631504 0.000000
vt 3.265542 0.500000 0.000000
vt 3.265542 -0.500000 0.000000
vt 3.490585 -0.508893 0.000000
vt 3.714334 -0.534668 0.000000
vt 3.935937 -0.575965 0.000000
vt 0.000000 0.500000 0.000000
vt -0.000000 -0.500000 0.000000
vt 5.163528 -0.483016 0.000000
vt 4.154545 -0.631427 0.000000
vt 4.580214 -0.779000 0.000000
vt 4.992811 -0.960757 0.000000
vt 0.606326 0.392699 0.000000
vt -2.659216 0.392699 0.000000
vt 0.606326 0.235619 0.000000
vt -2.659216 0.235619 0.000000
vt 0.606326 0.078540 0.000000
vt -2.659216 0.078540 0.000000
vt 0.606326 -0.078540 0.000000
vt -2.659216 -0.078540 0.000000
vt 0.606326 -0.235619 0.000000
vt -2.659216 -0.235619 0.000000
vt 0.606326 -0.392699 0.000000
vt -2.659216 -0.392699 0.000000
vt -0.000000 -6.033613 0.000000
vt -0.157080 -6.033613 0.000000
vt -0.000000 -6.399999 0.000000
vt -0.157080 -6.399999 0.000000
vt -0.000000 -6.766385 0.000000
vt -0.157080 -6.766385 0.000000
vt -0.000000 -7.132771 0.000000
vt -0.157080 -7.132771 0.000000
vt -0.000000 -7.499158 0.000000
vt -0.157080 -7.499158 0.000000
vt -0.000000 -7.865544 0.000000
vt -0.157080 -7.865544 0.000000
vt -0.000000 -8.231930 0.000000
vt -0.157080 -8.231930 0.000000
vt -0.000000 -8.598316 0.000000
vt -0.157080 -8.598316 0.000000
vt -0.000000 -8.964702 0.000000
vt -0.157080 -8.964702 0.000000
vt -0.000000 -9.331089 0.000000
vt -0.157080 -9.331089 0.000000
vt -0.000000 -9.697475 0.000000
vt -0.157080 -9.697475 0.000000
vt -0.000000 -10.063861 0.000000
vt -0.157080 -10.063861 0.000000
vt -0.000000 -10.430247 0.000000
vt -0.157080 -10.430247 0.000000
vt -0.000000 -10.796633 0.000000
vt -0.157080 -10.796633 0.000000
vt -0.000000 -11.163020 0.000000
vt -0.157080 -11.163020 0.000000
vt -0.000000 -11.529406 0.000000
vt -0.157080 -11.529406 0.000000
vt -0.000000 -11.895792 0.000000
vt -0.157080 -11.895792 0.000000
vt -0.314159 -11.529406 0.000000
vt -0.314159 -11.895792 0.000000
vt -0.471239 -11.529406 0.000000
vt -0.471239 -11.895792 0.000000
vt -0.628319 -11.529406 0.000000
vt -0.628319 -11.895792 0.000000
vt -0.785398 -11.895792 0.000000
vt -0.785398 -11.504980 0.000000
vt -0.628319 -11.163020 0.000000
vt -0.785398 -11.114168 0.000000
vt -0.628319 -10.796633 0.000000
vt -0.785398 -10.723356 0.000000
vt -0.628319 -10.430247 0.000000
vt -0.785398 -10.332544 0.000000
vt -0.628319 -10.063861 0.000000
vt -0.785398 -9.941732 0.000000
vt -0.628319 -9.697475 0.000000
vt -0.785398 -9.550920 0.000000
vt -0.628319 -9.331089 0.000000
vt -0.785398 -9.160108 0.000000
vt -0.628319 -8.964702 0.000000
vt -0.785398 -8.769296 0.000000
vt -0.628319 -8.598316 0.000000
vt -0.785398 -8.378484 0.000000
vt -0.628319 -8.231930 0.000000
vt -0.785398 -7.987672 0.000000
vt -0.628319 -7.865544 0.000000
vt -0.785398 -7.596861 0.000000
vt -0.628319 -7.499158 0.000000
vt -0.785398 -7.206049 0.000000
vt -0.628319 -7.132771 0.000000
vt -0.785398 -6.815237 0.000000
vt -0.628319 -6.766385 0.000000
vt -0.785398 -6.424425 0.000000
vt -0.628319 -6.399999 0.000000
vt -0.785398 -6.033613 0.000000
vt -0.628319 -6.033613 0.000000
vt -0.471239 -6.399999 0.000000
vt -0.471239 -6.033613 0.000000
vt -0.314159 -6.399999 0.000000
vt -0.314159 -6.033613 0.000000
vt -0.471239 -6.766385 0.000000
vt -0.471239 -7.132771 0.000000
vt -0.471239 -7.499158 0.000000
vt -0.471239 -7.865544 0.000000
vt -0.471239 -8.231930 0.000000
vt -0.471239 -8.598316 0.000000
vt -0.471239 -8.964702 0.000000
vt -0.471239 -9.331089 0.000000
vt -0.471239 -9.697475 0.000000
vt -0.471239 -10.063861 0.000000
vt -0.471239 -10.430247 0.000000
vt -0.471239 -10.796633 0.000000
vt -0.471239 -11.163020 0.000000
vt -0.314159 -6.766385 0.000000
vt -0.314159 -7.132771 0.000000
vt -0.314159 -7.499158 0.000000
vt -0.314159 -7.865544 0.000000
vt -0.314159 -8.231930 0.000000
vt -0.314159 -8.598316 0.000000
vt -0.314159 -8.964702 0.000000
vt -0.314159 -9.331089 0.000000
vt -0.314159 -9.697475 0.000000
vt -0.314159 -10.063861 0.000000
vt -0.314159 -10.430247 0.000000
vt -0.314159 -10.796633 0.000000
vt -0.314159 -11.163020 0.000000
vt -0.000000 0.392699 0.000000
vt -3.265542 0.392699 0.000000
vt -0.000000 0.235619 0.000000
vt -3.265542 0.235619 0.000000
vt -0.000000 0.078540 0.000000
vt -3.265542 0.078540 0.000000
vt -0.000000 -0.078540 0.000000
vt -3.265542 -0.078540 0.000000
vt -0.000000 -0.235619 0.000000
vt -3.265542 -0.235619 0.000000
vt -0.000000 -0.392699 0.000000
vt -3.265542 -0.392699 0.000000
vt -0.000000 1.264283 0.000000
vt -0.000000 1.685699 0.000000
vt -0.091740 1.456840 0.000000
vt -0.000636 1.686713 0.000000
vt -0.131630 1.788321 0.000000
vt -0.278314 1.887593 0.000000
vt -0.204734 1.759232 0.000000
vt -0.204734 1.456840 0.000000
vt -0.091740 1.092630 0.000000
vt -0.000000 0.842855 0.000000
vt -0.091740 0.728420 0.000000
vt -0.000000 0.632141 0.000000
vt -0.091740 0.364210 0.000000
vt -0.000000 0.421427 0.000000
vt -0.000000 0.210714 0.000000
vt -0.000000 0.000000 0.000000
vt -0.127086 0.000000 0.000000
vt -0.204734 0.364210 0.000000
vt -0.254181 0.000000 0.000000
vt -0.317727 0.364210 0.000000
vt -0.384077 0.364210 0.000000
vt -0.384077 0.728420 0.000000
vt -0.509766 0.728420 0.000000
vt -0.509766 1.092630 0.000000
vt -0.635454 1.030817 0.000000
vt -0.509766 1.456840 0.000000
vt -0.635454 1.546225 0.000000
vt -0.509766 1.759232 0.000000
vt -0.635454 1.803929 0.000000
vt -0.635444 2.061623 0.000000
vt -0.444479 1.980114 0.000000
vt -0.384077 1.759232 0.000000
vt -0.317727 1.759232 0.000000
vt -0.317727 1.456840 0.000000
vt -0.204734 1.092630 0.000000
vt -0.635454 0.773113 0.000000
vt -0.635454 0.515408 0.000000
vt -0.509766 0.364210 0.000000
vt -0.635454 0.257704 0.000000
vt -0.508368 0.000000 0.000000
vt -0.635454 0.000000 0.000000
vt -0.381274 0.000000 0.000000
vt -0.384077 1.456840 0.000000
vt -0.384077 1.092630 0.000000
vt -0.317727 1.092630 0.000000
vt -0.204734 0.728420 0.000000
vt -0.317727 0.728420 0.000000
vt 0.793248 2.579821 0.000000
vt 0.821278 2.751633 0.000000
vt 0.772230 2.579801 0.000000
vt 0.615959 2.601381 0.000000
vt 0.615959 2.451167 0.000000
vt 0.410639 2.601359 0.000000
vt 0.410639 2.451167 0.000000
vt 0.205320 2.601338 0.000000
vt 0.205320 2.451167 0.000000
vt 0.000000 2.601317 0.000000
vt 0.000000 2.300834 0.000000
vt 0.947933 2.857721 0.000000
vt 0.821278 2.901856 0.000000
vt 0.615959 2.901842 0.000000
vt 0.615959 3.052099 0.000000
vt 0.410639 3.052099 0.000000
vt 0.410639 3.202300 0.000000
vt 0.205320 3.202291 0.000000
vt 0.205320 3.502770 0.000000
vt 0.000000 3.502765 0.000000
vt 0.000000 3.803248 0.000000
vt 0.205320 3.803250 0.000000
vt 0.000000 4.103731 0.000000
vt 0.228128 4.103731 0.000000
vt 0.410639 3.803252 0.000000
vt 0.456268 4.103731 0.000000
vt 0.615959 3.803254 0.000000
vt 0.684396 4.103731 0.000000
vt 0.821278 3.803256 0.000000
vt 0.912534 4.103731 0.000000
vt 1.026598 3.803258 0.000000
vt 1.140661 4.103731 0.000000
vt 1.231917 3.803259 0.000000
vt 1.368799 4.103731 0.000000
vt 1.437237 3.803261 0.000000
vt 1.596927 4.103731 0.000000
vt 1.642556 3.803263 0.000000
vt 1.825067 4.103731 0.000000
vt 1.899620 3.904818 0.000000
vt 2.053195 4.017546 0.000000
vt 1.026598 3.052099 0.000000
vt 1.107990 3.094556 0.000000
vt 1.026598 3.202325 0.000000
vt 1.231917 3.502793 0.000000
vt 1.026598 3.502789 0.000000
vt 1.429200 3.479122 0.000000
vt 1.437237 3.502798 0.000000
vt 1.587773 3.637816 0.000000
vt 1.744644 3.778931 0.000000
vt 2.053195 4.103731 0.000000
vt 0.000000 3.202282 0.000000
vt 0.205320 3.052099 0.000000
vt 0.410639 2.901828 0.000000
vt 0.615959 2.751633 0.000000
vt 0.000000 2.901800 0.000000
vt 0.205320 2.901814 0.000000
vt 0.410639 2.751633 0.000000
vt 0.205320 2.751633 0.000000
vt 0.000020 2.000396 0.000000
vt 0.205320 2.150701 0.000000
vt 0.205320 2.300874 0.000000
vt 0.410639 2.300914 0.000000
vt 0.000036 1.700002 0.000000
vt 0.001696 1.702071 0.000000
vt 0.205320 2.000455 0.000000
vt 0.393667 2.169513 0.000000
vt 0.821278 3.202317 0.000000
vt 0.821278 3.052099 0.000000
vt 0.615959 3.202308 0.000000
vt 0.615959 3.502779 0.000000
vt 0.821278 3.502784 0.000000
vt 0.410639 3.502775 0.000000
vt -1.049102 -1.178097 0.000000
vt 6.367534 -1.178097 0.000000
vt 2.659216 -0.916298 0.000000
vt 6.367534 -0.916298 0.000000
vt 2.659216 -0.654498 0.000000
vt 6.367534 -0.654498 0.000000
vt 2.659216 -0.392699 0.000000
vt 6.367534 -0.392699 0.000000
vt 2.659216 -0.130900 0.000000
vt 6.367534 -0.130900 0.000000
vt 2.659216 0.130900 0.000000
vt 6.367534 0.130900 0.000000
vt 2.659216 0.392699 0.000000
vt 6.367534 0.392699 0.000000
vt 2.659216 0.654498 0.000000
vt 6.367534 0.654498 0.000000
vt 2.659216 0.916298 0.000000
vt 6.367534 0.916298 0.000000
vt 6.367534 1.178097 0.000000
vt -1.049102 1.178097 0.000000
vt -1.049102 0.916298 0.000000
vt -1.049102 0.654498 0.000000
vt -1.049102 0.392699 0.000000
vt -1.049102 0.130900 0.000000
vt -1.049102 -0.130900 0.000000
vt -1.049102 -0.392699 0.000000
vt -1.049102 -0.654498 0.000000
vt -1.049102 -0.916298 0.000000
vt -3.828672 -1.501677 0.000000
vt -0.900000 0.000000 0.000000
vt -2.139599 1.293103 0.000000
vt -0.875740 0.207554 0.000000
vt -0.804269 0.403919 0.000000
vt -3.708318 -1.500000 0.000000
vt -0.875740 -0.207554 0.000000
vt -0.804269 -0.403919 0.000000
vt -0.689440 -0.578509 0.000000
vt -0.537443 -0.721911 0.000000
vt -0.356472 -0.826394 0.000000
vt -0.156283 -0.886327 0.000000
vt 0.052330 -0.898477 0.000000
vt 3.708318 -1.500000 0.000000
vt 0.258123 -0.862191 0.000000
vt 0.450000 -0.779423 0.000000
vt 0.617617 -0.654636 0.000000
vt 0.751939 -0.494558 0.000000
vt 0.845723 -0.307818 0.000000
vt 0.893915 -0.104484 0.000000
vt 0.893915 0.104484 0.000000
vt 2.139599 1.293103 0.000000
vt 0.845723 0.307818 0.000000
vt 0.751939 0.494558 0.000000
vt 0.617617 0.654636 0.000000
vt 0.450000 0.779423 0.000000
vt 1.943019 1.573111 0.000000
vt 0.258123 0.862191 0.000000
vt 1.710050 1.823658 0.000000
vt 0.052330 0.898477 0.000000
vt 1.445056 2.040052 0.000000
vt 1.152999 2.218241 0.000000
vt 3.828672 -1.501677 0.000000
vt 0.839350 2.354887 0.000000
vt -0.839350 2.354887 0.000000
vt -1.152999 2.218241 0.000000
vt -0.509981 2.447431 0.000000
vt 0.509981 2.447431 0.000000
vt -0.171062 2.494141 0.000000
vt 0.171062 2.494141 0.000000
vt -0.156283 0.886327 0.000000
vt -1.445056 2.040052 0.000000
vt -1.710050 1.823658 0.000000
vt -1.943019 1.573111 0.000000
vt -0.356472 0.826394 0.000000
vt -0.537443 0.721911 0.000000
vt -0.689440 0.578509 0.000000
vt -6.367534 -1.178097 0.000000
vt 1.049102 -1.178097 0.000000
vt -2.659216 -0.916298 0.000000
vt 1.049102 -0.916298 0.000000
vt -2.659216 -0.654498 0.000000
vt 1.049102 -0.654498 0.000000
vt -2.659216 -0.392699 0.000000
vt 1.049102 -0.392699 0.000000
vt -2.659216 -0.130900 0.000000
vt 1.049102 -0.130900 0.000000
vt -2.659216 0.130900 0.000000
vt 1.049102 0.130900 0.000000
vt -2.659216 0.392699 0.000000
vt 1.049102 0.392699 0.000000
vt -2.659216 0.654498 0.000000
vt 1.049102 0.654498 0.000000
vt -2.659216 0.916298 0.000000
vt 1.049102 0.916298 0.000000
vt 1.049102 1.178097 0.000000
vt -6.367534 1.178097 0.000000
vt -6.367534 0.916298 0.000000
vt -6.367534 0.654498 0.000000
vt -6.367534 0.392699 0.000000
vt -6.367534 0.130900 0.000000
vt -6.367534 -0.130900 0.000000
vt -6.367534 -0.392699 0.000000
vt -6.367534 -0.654498 0.000000
vt -6.367534 -0.916298 0.000000
vt 1.105271 2.857754 0.000000
vt 1.259947 2.579821 0.000000
vt 1.231917 2.751633 0.000000
vt 1.280965 2.579801 0.000000
vt 1.437237 2.601381 0.000000
vt 1.437237 2.451167 0.000000
vt 1.642556 2.601359 0.000000
vt 1.642556 2.451167 0.000000
vt 1.847876 2.601338 0.000000
vt 1.847876 2.451167 0.000000
vt 2.053195 2.601317 0.000000
vt 2.053195 2.300834 0.000000
vt 1.847876 2.300874 0.000000
vt 1.847876 2.150701 0.000000
vt 1.660595 2.168312 0.000000
vt 1.847876 2.000455 0.000000
vt 2.051499 1.702071 0.000000
vt 2.053175 2.000396 0.000000
vt 2.053159 1.700002 0.000000
vt 1.642556 2.300914 0.000000
vt 1.847876 2.751633 0.000000
vt 2.053195 2.901800 0.000000
vt 1.847876 2.901814 0.000000
vt 1.847876 3.052099 0.000000
vt 1.642556 3.052099 0.000000
vt 1.847876 3.202291 0.000000
vt 1.642556 3.202300 0.000000
vt 1.847876 3.502770 0.000000
vt 1.642556 3.502775 0.000000
vt 1.847876 3.803250 0.000000
vt 1.642556 3.803252 0.000000
vt 1.596927 4.103731 0.000000
vt 1.368799 4.103731 0.000000
vt 2.053195 3.202282 0.000000
vt 2.053195 3.502765 0.000000
vt 2.053195 3.803248 0.000000
vt 2.053195 4.103731 0.000000
vt 1.825067 4.103731 0.000000
vt 1.140661 4.103731 0.000000
vt 1.231917 3.803256 0.000000
vt 1.437237 3.803254 0.000000
vt 1.437237 3.502779 0.000000
vt 1.437237 3.202308 0.000000
vt 1.437237 3.052099 0.000000
vt 1.642556 2.901828 0.000000
vt 1.642556 2.751633 0.000000
vt 1.026598 3.803258 0.000000
vt 0.912534 4.103731 0.000000
vt 0.821278 3.803259 0.000000
vt 0.684396 4.103731 0.000000
vt 0.615959 3.803261 0.000000
vt 0.456268 4.103731 0.000000
vt 0.410639 3.803263 0.000000
vt 0.228128 4.103731 0.000000
vt 0.153763 3.904710 0.000000
vt 0.000000 4.103731 0.000000
vt 0.000000 4.017546 0.000000
vt 0.308846 3.778737 0.000000
vt 0.465430 3.637793 0.000000
vt 0.615959 3.502798 0.000000
vt 0.821278 3.502793 0.000000
vt 1.026598 3.502789 0.000000
vt 1.231917 3.502784 0.000000
vt 0.623970 3.479146 0.000000
vt 0.945124 3.094679 0.000000
vt 1.026598 3.202325 0.000000
vt 1.026598 3.052099 0.000000
vt 1.231917 2.901856 0.000000
vt 1.437237 2.901842 0.000000
vt 1.437237 2.751633 0.000000
vt 1.231917 3.052099 0.000000
vt 1.231917 3.202317 0.000000
vt -3.828672 -1.501677 0.000000
vt -3.708318 -1.500000 0.000000
vt -2.139599 1.293103 0.000000
vt -0.893915 0.104484 0.000000
vt -0.845723 0.307818 0.000000
vt 3.708318 -1.500000 0.000000
vt -0.052330 -0.898477 0.000000
vt -0.258123 -0.862191 0.000000
vt -0.450000 -0.779423 0.000000
vt 3.828672 -1.501677 0.000000
vt 0.900000 0.000000 0.000000
vt 0.875740 -0.207554 0.000000
vt 0.804269 -0.403919 0.000000
vt 2.139599 1.293103 0.000000
vt 0.875740 0.207554 0.000000
vt 0.804269 0.403919 0.000000
vt 0.689440 0.578509 0.000000
vt 0.537443 0.721911 0.000000
vt 0.356472 0.826394 0.000000
vt 1.943019 1.573111 0.000000
vt 0.156283 0.886327 0.000000
vt 1.710050 1.823658 0.000000
vt 1.445056 2.040052 0.000000
vt 1.152999 2.218241 0.000000
vt -0.052330 0.898477 0.000000
vt 0.839350 2.354887 0.000000
vt -0.839350 2.354887 0.000000
vt -0.509981 2.447431 0.000000
vt 0.509981 2.447431 0.000000
vt -0.171062 2.494141 0.000000
vt 0.171062 2.494141 0.000000
vt -1.152999 2.218241 0.000000
vt -1.445056 2.040052 0.000000
vt -1.710050 1.823658 0.000000
vt -0.258123 0.862191 0.000000
vt -1.943019 1.573111 0.000000
vt -0.450000 0.779423 0.000000
vt -0.617617 0.654636 0.000000
vt -0.751939 0.494558 0.000000
vt 0.689440 -0.578509 0.000000
vt 0.537443 -0.721911 0.000000
vt 0.356472 -0.826394 0.000000
vt 0.156283 -0.886327 0.000000
vt -0.617617 -0.654636 0.000000
vt -0.751939 -0.494558 0.000000
vt -0.845723 -0.307818 0.000000
vt -0.893915 -0.104484 0.000000
vt 2.356194 -11.808779 0.000000
vt 2.356194 -11.272704 0.000000
vt 2.099402 -11.525791 0.000000
vt 2.179073 -11.019733 0.000000
vt 2.099402 -11.041829 0.000000
vt 1.996608 -10.803964 0.000000
vt 1.842609 -11.041829 0.000000
vt 1.809427 -10.620738 0.000000
vt 1.585816 -11.041829 0.000000
vt 1.585816 -10.557867 0.000000
vt 1.329023 -10.557867 0.000000
vt 1.421656 -10.336386 0.000000
vt 1.222485 -10.229332 0.000000
vt 1.617487 -10.465934 0.000000
vt 1.072230 -10.557867 0.000000
vt 1.020184 -10.142434 0.000000
vt 0.815437 -10.557867 0.000000
vt 0.815437 -10.073905 0.000000
vt 1.072230 -11.041829 0.000000
vt 0.815437 -11.041829 0.000000
vt 1.072230 -11.525791 0.000000
vt 0.815437 -11.525791 0.000000
vt 1.072230 -12.009754 0.000000
vt 0.815437 -12.009754 0.000000
vt 1.072230 -12.493716 0.000000
vt 0.815437 -12.493716 0.000000
vt 1.072230 -12.977678 0.000000
vt 0.815437 -12.977678 0.000000
vt 1.072230 -13.461640 0.000000
vt 0.815437 -13.461640 0.000000
vt 1.072230 -13.945603 0.000000
vt 0.815437 -13.945603 0.000000
vt 1.072230 -14.429565 0.000000
vt 0.815437 -14.429565 0.000000
vt 1.072230 -14.913527 0.000000
vt 0.815437 -14.913527 0.000000
vt 1.072230 -15.397489 0.000000
vt 0.815437 -15.397489 0.000000
vt 1.072230 -15.881451 0.000000
vt 0.815437 -15.881451 0.000000
vt 1.072230 -16.365414 0.000000
vt 0.815437 -16.365414 0.000000
vt 1.072230 -16.849376 0.000000
vt 0.815437 -16.849376 0.000000
vt 1.072230 -17.333338 0.000000
vt 0.815437 -17.333338 0.000000
vt 1.072230 -17.817300 0.000000
vt 0.815437 -17.817300 0.000000
vt 1.072230 -18.301263 0.000000
vt 0.815437 -18.301263 0.000000
vt 1.072230 -18.785225 0.000000
vt 0.815437 -18.785225 0.000000
vt 1.072230 -19.269187 0.000000
vt 0.815437 -19.269187 0.000000
vt 1.072230 -19.753149 0.000000
vt 0.815437 -19.753149 0.000000
vt 1.072230 -20.237112 0.000000
vt 0.815437 -20.237112 0.000000
vt 1.072230 -20.721074 0.000000
vt 0.815437 -20.721074 0.000000
vt 1.072230 -21.205036 0.000000
vt 0.815437 -21.205036 0.000000
vt 1.072230 -21.688998 0.000000
vt 0.815437 -21.688998 0.000000
vt 1.072230 -22.172961 0.000000
vt 0.815437 -22.172961 0.000000
vt 1.020184 -22.588394 0.000000
vt 0.815437 -22.656923 0.000000
vt 1.222485 -22.501495 0.000000
vt 1.329023 -22.172961 0.000000
vt 1.329023 -21.688998 0.000000
vt 1.329023 -21.205036 0.000000
vt 1.329023 -20.721074 0.000000
vt 1.329023 -20.237112 0.000000
vt 1.329023 -19.753149 0.000000
vt 1.329023 -19.269187 0.000000
vt 1.329023 -18.785225 0.000000
vt 1.329023 -18.301263 0.000000
vt 1.329023 -17.817300 0.000000
vt 1.329023 -17.333338 0.000000
vt 1.329023 -16.849376 0.000000
vt 1.329023 -16.365414 0.000000
vt 1.329023 -15.881451 0.000000
vt 1.329023 -15.397489 0.000000
vt 1.329023 -14.913527 0.000000
vt 1.329023 -14.429565 0.000000
vt 1.329023 -13.945603 0.000000
vt 1.329023 -13.461640 0.000000
vt 1.329023 -12.977678 0.000000
vt 1.329023 -12.493716 0.000000
vt 1.329023 -12.009754 0.000000
vt 1.329023 -11.525791 0.000000
vt 1.329023 -11.041829 0.000000
vt 1.421656 -22.394442 0.000000
vt 1.585816 -22.172961 0.000000
vt 1.585816 -21.688998 0.000000
vt 1.585816 -21.205036 0.000000
vt 1.585816 -20.721074 0.000000
vt 1.585816 -20.237112 0.000000
vt 1.585816 -19.753149 0.000000
vt 1.585816 -19.269187 0.000000
vt 1.585816 -18.785225 0.000000
vt 1.585816 -18.301263 0.000000
vt 1.585816 -17.817300 0.000000
vt 1.585816 -17.333338 0.000000
vt 1.585816 -16.849376 0.000000
vt 1.585816 -16.365414 0.000000
vt 1.585816 -15.881451 0.000000
vt 1.585816 -15.397489 0.000000
vt 1.585816 -14.913527 0.000000
vt 1.585816 -14.429565 0.000000
vt 1.585816 -13.945603 0.000000
vt 1.585816 -13.461640 0.000000
vt 1.585816 -12.977678 0.000000
vt 1.585816 -12.493716 0.000000
vt 1.585816 -12.009754 0.000000
vt 1.585816 -11.525791 0.000000
vt 1.617487 -22.264894 0.000000
vt 1.809427 -22.110089 0.000000
vt 1.842609 -21.688998 0.000000
vt 1.842609 -21.205036 0.000000
vt 1.842609 -20.721074 0.000000
vt 1.842609 -20.237112 0.000000
vt 1.842609 -19.753149 0.000000
vt 1.842609 -19.269187 0.000000
vt 1.842609 -18.785225 0.000000
vt 1.842609 -18.301263 0.000000
vt 1.842609 -17.817300 0.000000
vt 1.842609 -17.333338 0.000000
vt 1.842609 -16.849376 0.000000
vt 1.842609 -16.365414 0.000000
vt 1.842609 -15.881451 0.000000
vt 1.842609 -15.397489 0.000000
vt 1.842609 -14.913527 0.000000
vt 1.842609 -14.429565 0.000000
vt 1.842609 -13.945603 0.000000
vt 1.842609 -13.461640 0.000000
vt 1.842609 -12.977678 0.000000
vt 1.842609 -12.493716 0.000000
vt 1.842609 -12.009754 0.000000
vt 1.842609 -11.525791 0.000000
vt 1.996608 -21.926863 0.000000
vt 2.099402 -21.688998 0.000000
vt 2.099402 -21.205036 0.000000
vt 2.099402 -20.721074 0.000000
vt 2.099402 -20.237112 0.000000
vt 2.099402 -19.753149 0.000000
vt 2.099402 -19.269187 0.000000
vt 2.099402 -18.785225 0.000000
vt 2.099402 -18.301263 0.000000
vt 2.099402 -17.817300 0.000000
vt 2.099402 -17.333338 0.000000
vt 2.099402 -16.849376 0.000000
vt 2.099402 -16.365414 0.000000
vt 2.099402 -15.881451 0.000000
vt 2.099402 -15.397489 0.000000
vt 2.099402 -14.913527 0.000000
vt 2.099402 -14.429565 0.000000
vt 2.099402 -13.945603 0.000000
vt 2.099402 -13.461640 0.000000
vt 2.099402 -12.977678 0.000000
vt 2.099402 -12.493716 0.000000
vt 2.099402 -12.009754 0.000000
vt 2.179073 -21.711095 0.000000
vt 2.356194 -21.458124 0.000000
vt 2.356194 -20.922049 0.000000
vt 2.356194 -20.385974 0.000000
vt 2.356194 -19.849899 0.000000
vt 2.356194 -19.313825 0.000000
vt 2.356194 -18.777750 0.000000
vt 2.356194 -18.241675 0.000000
vt 2.356194 -17.705601 0.000000
vt 2.356194 -17.169526 0.000000
vt 2.356194 -16.633451 0.000000
vt 2.356194 -16.097376 0.000000
vt 2.356194 -15.561302 0.000000
vt 2.356194 -15.025227 0.000000
vt 2.356194 -14.489152 0.000000
vt 2.356194 -13.953077 0.000000
vt 2.356194 -13.417003 0.000000
vt 2.356194 -12.880928 0.000000
vt 2.356194 -12.344853 0.000000
vt 2.500000 -1.610113 0.000000
vt 2.500000 -9.026750 0.000000
vt 2.867716 -1.886547 0.000000
vt 2.867716 -8.750316 0.000000
vt 3.205089 -8.437570 0.000000
vt 3.205089 -2.199293 0.000000
vt 3.508551 -8.091822 0.000000
vt 3.508551 -2.545041 0.000000
vt 3.774889 -7.716730 0.000000
vt 3.774889 -2.920133 0.000000
vt 4.001287 -7.316262 0.000000
vt 4.001287 -3.320601 0.000000
vt 4.185348 -6.894656 0.000000
vt 4.185348 -3.742208 0.000000
vt 4.325126 -6.456372 0.000000
vt 4.325126 -4.180491 0.000000
vt 4.419141 -6.006048 0.000000
vt 4.419141 -4.630815 0.000000
vt 4.466399 -5.548448 0.000000
vt 4.466399 -5.088415 0.000000
vt 2.356194 4.556635 0.000000
vt 2.356194 5.092710 0.000000
vt 2.099402 4.839622 0.000000
vt 2.179073 5.345681 0.000000
vt 2.099402 5.323585 0.000000
vt 1.996608 5.561450 0.000000
vt 1.842609 5.323585 0.000000
vt 1.809427 5.744676 0.000000
vt 1.585816 5.323585 0.000000
vt 1.585816 5.807547 0.000000
vt 1.329023 5.807547 0.000000
vt 1.421656 6.029028 0.000000
vt 1.222485 6.136082 0.000000
vt 1.617487 5.899480 0.000000
vt 1.072230 5.807547 0.000000
vt 1.020184 6.222980 0.000000
vt 0.815437 5.807547 0.000000
vt 0.815437 6.291509 0.000000
vt 1.072230 5.323585 0.000000
vt 0.815437 5.323585 0.000000
vt 1.072230 4.839622 0.000000
vt 0.815437 4.839622 0.000000
vt 1.072230 4.355660 0.000000
vt 0.815437 4.355660 0.000000
vt 1.072230 3.871698 0.000000
vt 0.815437 3.871698 0.000000
vt 1.072230 3.387736 0.000000
vt 0.815437 3.387736 0.000000
vt 1.072230 2.903773 0.000000
vt 0.815437 2.903773 0.000000
vt 1.072230 2.419811 0.000000
vt 0.815437 2.419811 0.000000
vt 1.072230 1.935849 0.000000
vt 0.815437 1.935849 0.000000
vt 1.072230 1.451887 0.000000
vt 0.815437 1.451887 0.000000
vt 1.072230 0.967924 0.000000
vt 0.815437 0.967924 0.000000
vt 1.072230 0.483962 0.000000
vt 0.815437 0.483962 0.000000
vt 1.072230 -0.000000 0.000000
vt 0.815437 -0.000000 0.000000
vt 1.072230 -0.483962 0.000000
vt 0.815437 -0.483962 0.000000
vt 1.072230 -0.967924 0.000000
vt 0.815437 -0.967924 0.000000
vt 1.072230 -1.451887 0.000000
vt 0.815437 -1.451887 0.000000
vt 1.072230 -1.935849 0.000000
vt 0.815437 -1.935849 0.000000
vt 1.072230 -2.419811 0.000000
vt 0.815437 -2.419811 0.000000
vt 1.072230 -2.903773 0.000000
vt 0.815437 -2.903773 0.000000
vt 1.072230 -3.387736 0.000000
vt 0.815437 -3.387736 0.000000
vt 1.072230 -3.871698 0.000000
vt 0.815437 -3.871698 0.000000
vt 1.072230 -4.355660 0.000000
vt 0.815437 -4.355660 0.000000
vt 1.072230 -4.839622 0.000000
vt 0.815437 -4.839622 0.000000
vt 1.072230 -5.323585 0.000000
vt 0.815437 -5.323585 0.000000
vt 1.072230 -5.807547 0.000000
vt 0.815437 -5.807547 0.000000
vt 1.020184 -6.222980 0.000000
vt 0.815437 -6.291509 0.000000
vt 1.222485 -6.136082 0.000000
vt 1.329023 -5.807547 0.000000
vt 1.329023 -5.323585 0.000000
vt 1.329023 -4.839622 0.000000
vt 1.329023 -4.355660 0.000000
vt 1.329023 -3.871698 0.000000
vt 1.329023 -3.387736 0.000000
vt 1.329023 -2.903773 0.000000
vt 1.329023 -2.419811 0.000000
vt 1.329023 -1.935849 0.000000
vt 1.329023 -1.451887 0.000000
vt 1.329023 -0.967924 0.000000
vt 1.329023 -0.483962 0.000000
vt 1.329023 -0.000000 0.000000
vt 1.329023 0.483962 0.000000
vt 1.329023 0.967924 0.000000
vt 1.329023 1.451887 0.000000
vt 1.329023 1.935849 0.000000
vt 1.329023 2.419811 0.000000
vt 1.329023 2.903773 0.000000
vt 1.329023 3.387736 0.000000
vt 1.329023 3.871698 0.000000
vt 1.329023 4.355660 0.000000
vt 1.329023 4.839622 0.000000
vt 1.329023 5.323585 0.000000
vt 1.421656 -6.029028 0.000000
vt 1.585816 -5.807547 0.000000
vt 1.585816 -5.323585 0.000000
vt 1.585816 -4.839622 0.000000
vt 1.585816 -4.355660 0.000000
vt 1.585816 -3.871698 0.000000
vt 1.585816 -3.387736 0.000000
vt 1.585816 -2.903773 0.000000
vt 1.585816 -2.419811 0.000000
vt 1.585816 -1.935849 0.000000
vt 1.585816 -1.451887 0.000000
vt 1.585816 -0.967924 0.000000
vt 1.585816 -0.483962 0.000000
vt 1.585816 -0.000000 0.000000
vt 1.585816 0.483962 0.000000
vt 1.585816 0.967924 0.000000
vt 1.585816 1.451887 0.000000
vt 1.585816 1.935849 0.000000
vt 1.585816 2.419811 0.000000
vt 1.585816 2.903773 0.000000
vt 1.585816 3.387736 0.000000
vt 1.585816 3.871698 0.000000
vt 1.585816 4.355660 0.000000
vt 1.585816 4.839622 0.000000
vt 1.617487 -5.899480 0.000000
vt 1.809427 -5.744676 0.000000
vt 1.842609 -5.323585 0.000000
vt 1.842609 -4.839622 0.000000
vt 1.842609 -4.355660 0.000000
vt 1.842609 -3.871698 0.000000
vt 1.842609 -3.387736 0.000000
vt 1.842609 -2.903773 0.000000
vt 1.842609 -2.419811 0.000000
vt 1.842609 -1.935849 0.000000
vt 1.842609 -1.451887 0.000000
vt 1.842609 -0.967924 0.000000
vt 1.842609 -0.483962 0.000000
vt 1.842609 -0.000000 0.000000
vt 1.842609 0.483962 0.000000
vt 1.842609 0.967924 0.000000
vt 1.842609 1.451887 0.000000
vt 1.842609 1.935849 0.000000
vt 1.842609 2.419811 0.000000
vt 1.842609 2.903773 0.000000
vt 1.842609 3.387736 0.000000
vt 1.842609 3.871698 0.000000
vt 1.842609 4.355660 0.000000
vt 1.842609 4.839622 0.000000
vt 1.996608 -5.561450 0.000000
vt 2.099402 -5.323585 0.000000
vt 2.099402 -4.839622 0.000000
vt 2.099402 -4.355660 0.000000
vt 2.099402 -3.871698 0.000000
vt 2.099402 -3.387736 0.000000
vt 2.099402 -2.903773 0.000000
vt 2.099402 -2.419811 0.000000
vt 2.099402 -1.935849 0.000000
vt 2.099402 -1.451887 0.000000
vt 2.099402 -0.967924 0.000000
vt 2.099402 -0.483962 0.000000
vt 2.099402 -0.000000 0.000000
vt 2.099402 0.483962 0.000000
vt 2.099402 0.967924 0.000000
vt 2.099402 1.451887 0.000000
vt 2.099402 1.935849 0.000000
vt 2.099402 2.419811 0.000000
vt 2.099402 2.903773 0.000000
vt 2.099402 3.387736 0.000000
vt 2.099402 3.871698 0.000000
vt 2.099402 4.355660 0.000000
vt 2.179073 -5.345681 0.000000
vt 2.356194 -5.092710 0.000000
vt 2.356194 -4.556635 0.000000
vt 2.356194 -4.020560 0.000000
vt 2.356194 -3.484486 0.000000
vt 2.356194 -2.948411 0.000000
vt 2.356194 -2.412336 0.000000
vt 2.356194 -1.876262 0.000000
vt 2.356194 -1.340187 0.000000
vt 2.356194 -0.804112 0.000000
vt 2.356194 -0.268037 0.000000
vt 2.356194 0.268037 0.000000
vt 2.356194 0.804112 0.000000
vt 2.356194 1.340187 0.000000
vt 2.356194 1.876262 0.000000
vt 2.356194 2.412336 0.000000
vt 2.356194 2.948411 0.000000
vt 2.356194 3.484486 0.000000
vt 2.356194 4.020560 0.000000
vt -2.500000 -1.610113 0.000000
vt -2.867716 -1.886547 0.000000
vt -2.500000 -9.026750 0.000000
vt -2.867716 -8.750316 0.000000
vt -3.205089 -8.437570 0.000000
vt -3.205089 -2.199293 0.000000
vt -3.508551 -8.091822 0.000000
vt -3.508551 -2.545041 0.000000
vt -3.774889 -7.716730 0.000000
vt -3.774889 -2.920133 0.000000
vt -4.001287 -7.316262 0.000000
vt -4.001287 -3.320601 0.000000
vt -4.185348 -6.894656 0.000000
vt -4.185348 -3.742208 0.000000
vt -4.325126 -6.456372 0.000000
vt -4.325126 -4.180491 0.000000
vt -4.419141 -6.006048 0.000000
vt -4.419141 -4.630815 0.000000
vt -4.466399 -5.548448 0.000000
vt -4.466399 -5.088415 0.000000
vt -1.000000 2.617994 0.000000
vt 1.000000 2.617994 0.000000
vt -1.000000 2.827433 0.000000
vt 1.000000 2.827433 0.000000
vt -1.000000 -2.827433 0.000000
vt 1.000000 -2.827433 0.000000
vt -1.000000 -2.617994 0.000000
vt 1.000000 -2.617994 0.000000
vt -1.000000 -2.408554 0.000000
vt 1.000000 -2.408554 0.000000
vt -1.000000 -2.199115 0.000000
vt 1.000000 -2.199115 0.000000
vt -1.000000 -1.989675 0.000000
vt 1.000000 -1.989675 0.000000
vt -1.000000 -1.780236 0.000000
vt 1.000000 -1.780236 0.000000
vt -1.000000 -1.570796 0.000000
vt 1.000000 -1.570796 0.000000
vt -1.000000 -1.361357 0.000000
vt 1.000000 -1.361357 0.000000
vt -1.000000 -1.151917 0.000000
vt 1.000000 -1.151917 0.000000
vt -1.000000 -0.942478 0.000000
vt 1.000000 -0.942478 0.000000
vt -1.000000 -0.733038 0.000000
vt 1.000000 -0.733038 0.000000
vt -1.000000 -0.523599 0.000000
vt 1.000000 -0.523599 0.000000
vt -1.000000 -0.314159 0.000000
vt 1.000000 -0.314159 0.000000
vt -1.000000 -0.104720 0.000000
vt 1.000000 -0.104720 0.000000
vt -1.000000 0.104720 0.000000
vt 1.000000 0.104720 0.000000
vt -1.000000 0.314159 0.000000
vt 1.000000 0.314159 0.000000
vt -1.000000 0.523599 0.000000
vt 1.000000 0.523599 0.000000
vt -1.000000 0.733038 0.000000
vt 1.000000 0.733038 0.000000
vt -1.000000 0.942478 0.000000
vt 1.000000 0.942478 0.000000
vt -1.000000 1.151917 0.000000
vt 1.000000 1.151917 0.000000
vt -1.000000 1.361357 0.000000
vt 1.000000 1.361357 0.000000
vt -1.000000 1.570796 0.000000
vt 1.000000 1.570796 0.000000
vt -1.000000 1.780236 0.000000
vt 1.000000 1.780236 0.000000
vt -1.000000 1.989675 0.000000
vt 1.000000 1.989675 0.000000
vt -1.000000 2.199115 0.000000
vt 1.000000 2.199115 0.000000
vt -1.000000 2.408554 0.000000
vt 1.000000 2.408554 0.000000
vt 3.115227 20.172832 0.000000
vt 3.545621 20.440527 0.000000
vt -3.545621 20.574797 0.000000
vt 3.545621 21.116966 0.000000
vt -3.545621 21.116239 0.000000
vt -3.545621 21.657681 0.000000
vt 3.545621 21.793405 0.000000
vt -3.545621 22.199123 0.000000
vt 3.545621 22.469844 0.000000
vt -3.545621 22.740565 0.000000
vt -3.545621 -22.199123 0.000000
vt 3.545621 -22.469844 0.000000
vt 3.545621 -21.793405 0.000000
vt -3.545621 -21.657681 0.000000
vt 3.545621 -21.116966 0.000000
vt -3.545621 -21.116239 0.000000
vt -3.545621 -20.574797 0.000000
vt 3.545621 -20.440527 0.000000
vt 3.116381 -20.173632 0.000000
vt -3.545621 -20.033355 0.000000
vt 2.701220 -19.874514 0.000000
vt 2.699507 -19.873214 0.000000
vt -3.545621 -19.491913 0.000000
vt 2.699507 -19.208730 0.000000
vt -3.545621 -18.950471 0.000000
vt 2.699507 -18.544246 0.000000
vt -3.545621 -18.409029 0.000000
vt 2.699507 -17.879762 0.000000
vt -3.545621 -17.867587 0.000000
vt -3.545621 -17.326145 0.000000
vt 2.699507 -17.215278 0.000000
vt -3.545621 -16.784703 0.000000
vt 2.699507 -16.550794 0.000000
vt -3.545621 -16.243261 0.000000
vt 2.699507 -15.886310 0.000000
vt -3.545621 -15.701819 0.000000
vt 2.699507 -15.221826 0.000000
vt -3.545621 -15.160377 0.000000
vt -3.545621 -14.618935 0.000000
vt 2.699507 -14.557342 0.000000
vt -3.545621 -14.077493 0.000000
vt 2.699507 -13.892858 0.000000
vt -3.545621 -13.536051 0.000000
vt 2.699507 -13.228374 0.000000
vt -3.545621 -12.994609 0.000000
vt 2.699507 -12.563890 0.000000
vt -3.545621 -12.453167 0.000000
vt 2.699507 -11.899406 0.000000
vt -3.545621 -11.911725 0.000000
vt -3.545621 -11.370282 0.000000
vt 2.699507 -11.234922 0.000000
vt -3.545621 -10.828840 0.000000
vt 2.699507 -10.570438 0.000000
vt -3.545621 -10.287398 0.000000
vt 2.699507 -9.905954 0.000000
vt -3.545621 -9.745956 0.000000
vt 2.699507 -9.241470 0.000000
vt -3.545621 -9.204514 0.000000
vt -3.545621 -8.663072 0.000000
vt 2.699507 -8.576986 0.000000
vt -3.545621 -8.121630 0.000000
vt 2.699507 -7.912502 0.000000
vt -3.545621 -7.580188 0.000000
vt 2.699507 -7.248018 0.000000
vt -3.545621 -7.038746 0.000000
vt 2.699507 -6.583534 0.000000
vt -3.545621 -6.497304 0.000000
vt 2.699507 -5.919050 0.000000
vt -3.545621 -5.955862 0.000000
vt -3.545621 -5.414420 0.000000
vt 2.699507 -5.254566 0.000000
vt -3.545621 -4.872978 0.000000
vt 2.699507 -4.590082 0.000000
vt -3.545621 -4.331536 0.000000
vt 2.699507 -3.925598 0.000000
vt -3.545621 -3.790094 0.000000
vt 2.699507 -3.261114 0.000000
vt -3.545621 -3.248652 0.000000
vt -3.545621 -2.707210 0.000000
vt 2.699507 -2.596630 0.000000
vt 2.701220 -2.595330 0.000000
vt 3.115227 -2.297012 0.000000
vt -3.545621 -2.165768 0.000000
vt 3.545621 -2.029317 0.000000
vt -3.545621 -1.624326 0.000000
vt 3.545621 -1.352878 0.000000
vt -3.545621 -1.082884 0.000000
vt 3.545621 -0.676439 0.000000
vt -3.545621 -0.541442 0.000000
vt 3.545621 0.000000 0.000000
vt -3.545621 0.000000 0.000000
vt -3.545621 0.541442 0.000000
vt 3.545621 0.676439 0.000000
vt -3.545621 1.082884 0.000000
vt 3.545621 1.352878 0.000000
vt -3.545621 1.624326 0.000000
vt 3.545621 2.029317 0.000000
vt -3.545621 2.165768 0.000000
vt 3.116381 2.296212 0.000000
vt 2.701220 2.595330 0.000000
vt -3.545621 2.707210 0.000000
vt 2.699507 2.596630 0.000000
vt 2.699507 3.261114 0.000000
vt 2.699507 3.925598 0.000000
vt -3.545621 3.790094 0.000000
vt -3.545621 3.248652 0.000000
vt -3.545621 4.331536 0.000000
vt 2.699507 4.590082 0.000000
vt -3.545621 4.872978 0.000000
vt 2.699507 5.254566 0.000000
vt -3.545621 5.414420 0.000000
vt 2.699507 5.919050 0.000000
vt -3.545621 5.955862 0.000000
vt -3.545621 6.497304 0.000000
vt 2.699507 6.583534 0.000000
vt -3.545621 7.038746 0.000000
vt 2.699507 7.248018 0.000000
vt -3.545621 7.580188 0.000000
vt 2.699507 7.912502 0.000000
vt -3.545621 8.121630 0.000000
vt 2.699507 8.576986 0.000000
vt -3.545621 8.663072 0.000000
vt 2.699507 9.241470 0.000000
vt -3.545621 9.204514 0.000000
vt -3.545621 9.745956 0.000000
vt 2.699507 9.905954 0.000000
vt -3.545621 10.287398 0.000000
vt 2.699507 10.570438 0.000000
vt -3.545621 10.828840 0.000000
vt 2.699507 11.234922 0.000000
vt -3.545621 11.370282 0.000000
vt 2.699507 11.899406 0.000000
vt -3.545621 11.911725 0.000000
vt -3.545621 12.453167 0.000000
vt 2.699507 12.563890 0.000000
vt -3.545621 12.994609 0.000000
vt 2.699507 13.228374 0.000000
vt -3.545621 13.536051 0.000000
vt 2.699507 13.892858 0.000000
vt -3.545621 14.077493 0.000000
vt 2.699507 14.557342 0.000000
vt -3.545621 14.618935 0.000000
vt 2.699507 15.221826 0.000000
vt -3.545621 15.160377 0.000000
vt -3.545621 15.701819 0.000000
vt 2.699507 15.886310 0.000000
vt -3.545621 16.243261 0.000000
vt 2.699507 16.550794 0.000000
vt -3.545621 16.784703 0.000000
vt 2.699507 17.215278 0.000000
vt -3.545621 17.326145 0.000000
vt 2.699507 17.879762 0.000000
vt -3.545621 17.867587 0.000000
vt -3.545621 18.409029 0.000000
vt 2.699507 18.544246 0.000000
vt -3.545621 18.950471 0.000000
vt 2.699507 19.208730 0.000000
vt -3.545621 19.491913 0.000000
vt 2.699507 19.873214 0.000000
vt -3.545621 20.033355 0.000000
vt 2.701220 19.874514 0.000000
vt -5.708057 13.673211 0.000000
vt -4.991883 14.046292 0.000000
vt -5.708057 14.365525 0.000000
vt -4.991883 14.684759 0.000000
vt -5.708057 15.057840 0.000000
vt -4.991883 15.323227 0.000000
vt -5.708057 15.750154 0.000000
vt -4.991883 15.961695 0.000000
vt -5.708057 16.442469 0.000000
vt -4.991883 16.600163 0.000000
vt -5.708057 17.134783 0.000000
vt -4.991883 17.238631 0.000000
vt -5.708057 17.827098 0.000000
vt -4.991883 17.877098 0.000000
vt -5.708057 18.519412 0.000000
vt -4.991883 18.519288 0.000000
vt -4.991883 19.154034 0.000000
vt -4.275708 19.154034 0.000000
vt -4.991883 19.792502 0.000000
vt -4.275708 19.792502 0.000000
vt -4.991883 20.430970 0.000000
vt -4.275708 20.430970 0.000000
vt -4.991883 21.069437 0.000000
vt -4.275708 21.069437 0.000000
vt -4.991883 21.707905 0.000000
vt -4.275708 21.707905 0.000000
vt -4.991883 22.346373 0.000000
vt -4.275708 22.346373 0.000000
vt -4.991883 22.984841 0.000000
vt -4.275708 22.984841 0.000000
vt -4.991883 23.623309 0.000000
vt -4.275708 23.623309 0.000000
vt -4.991883 24.261776 0.000000
vt -4.275708 24.261776 0.000000
vt -4.991883 24.900244 0.000000
vt -4.275708 24.900244 0.000000
vt -4.991883 25.538712 0.000000
vt -4.275708 25.538712 0.000000
vt -4.991883 26.177180 0.000000
vt -4.275708 26.177180 0.000000
vt -4.991883 26.815648 0.000000
vt -4.275708 26.815648 0.000000
vt -4.991883 27.454115 0.000000
vt -4.275708 27.454115 0.000000
vt -4.991883 28.092583 0.000000
vt -4.275708 28.092583 0.000000
vt -4.991883 28.731051 0.000000
vt -4.275708 28.731051 0.000000
vt -4.991883 -28.731051 0.000000
vt -4.275708 -28.731051 0.000000
vt -4.991883 -28.092583 0.000000
vt -4.275708 -28.092583 0.000000
vt -4.991883 -27.454115 0.000000
vt -4.275708 -27.454115 0.000000
vt -4.991883 -26.815648 0.000000
vt -4.275708 -26.815648 0.000000
vt -4.991883 -26.177180 0.000000
vt -4.275708 -26.177180 0.000000
vt -4.991883 -25.538712 0.000000
vt -4.275708 -25.538712 0.000000
vt -4.991883 -24.900244 0.000000
vt -4.275708 -24.900244 0.000000
vt -4.991883 -24.261776 0.000000
vt -4.275708 -24.261776 0.000000
vt -4.991883 -23.623309 0.000000
vt -4.275708 -23.623309 0.000000
vt -4.991883 -22.984841 0.000000
vt -4.275708 -22.984841 0.000000
vt -4.991883 -22.346373 0.000000
vt -4.275708 -22.346373 0.000000
vt -4.991883 -21.707905 0.000000
vt -4.275708 -21.707905 0.000000
vt -4.991883 -21.069437 0.000000
vt -4.275708 -21.069437 0.000000
vt -4.991883 -20.430970 0.000000
vt -4.275708 -20.430970 0.000000
vt -4.991883 -19.792502 0.000000
vt -4.275708 -19.792502 0.000000
vt -4.991883 -19.154034 0.000000
vt -4.275708 -19.154034 0.000000
vt -4.991883 -18.515566 0.000000
vt -4.275708 -18.515566 0.000000
vt -4.991883 -17.877098 0.000000
vt -4.275708 -17.877098 0.000000
vt -4.991883 -17.238631 0.000000
vt -4.275708 -17.238631 0.000000
vt -4.991883 -16.600163 0.000000
vt -4.275708 -16.600163 0.000000
vt -4.991883 -15.961695 0.000000
vt -4.275708 -15.961695 0.000000
vt -4.991883 -15.323227 0.000000
vt -4.275708 -15.323227 0.000000
vt -4.991883 -14.684759 0.000000
vt -4.275708 -14.684759 0.000000
vt -4.991883 -14.046292 0.000000
vt -4.275708 -14.046292 0.000000
vt -4.991883 -13.407824 0.000000
vt -4.275708 -13.407824 0.000000
vt -4.991883 -12.769356 0.000000
vt -4.275708 -12.769356 0.000000
vt -4.991883 -12.130888 0.000000
vt -4.275708 -12.130888 0.000000
vt -4.991883 -11.492420 0.000000
vt -4.275708 -11.492420 0.000000
vt -4.991883 -10.853953 0.000000
vt -4.275708 -10.853953 0.000000
vt -4.991883 -10.215485 0.000000
vt -4.275708 -10.215485 0.000000
vt -4.991883 -9.577017 0.000000
vt -4.275708 -9.577017 0.000000
vt -4.991883 -8.938549 0.000000
vt -4.275708 -8.938549 0.000000
vt -4.991883 -8.300081 0.000000
vt -4.275708 -8.300081 0.000000
vt -4.991883 -7.661614 0.000000
vt -4.275708 -7.661614 0.000000
vt -4.991883 -7.023146 0.000000
vt -4.275708 -7.023146 0.000000
vt -4.991883 -6.384678 0.000000
vt -4.275708 -6.384678 0.000000
vt -4.991883 -5.746210 0.000000
vt -4.275708 -5.746210 0.000000
vt -4.991883 -5.107742 0.000000
vt -4.275708 -5.107742 0.000000
vt -4.991883 -4.469275 0.000000
vt -4.275708 -4.469275 0.000000
vt -4.991883 -3.830807 0.000000
vt -4.275708 -3.830807 0.000000
vt -4.991883 -3.192339 0.000000
vt -4.275708 -3.192339 0.000000
vt -4.991883 -2.553871 0.000000
vt -4.275708 -2.553871 0.000000
vt -4.991883 -1.915403 0.000000
vt -4.275708 -1.915403 0.000000
vt -4.991883 -1.276936 0.000000
vt -4.275708 -1.276936 0.000000
vt -4.991883 -0.638468 0.000000
vt -4.275708 -0.638468 0.000000
vt -4.991883 0.000000 0.000000
vt -4.275708 0.000000 0.000000
vt -4.991883 0.638468 0.000000
vt -4.275708 0.638468 0.000000
vt -4.991883 1.276936 0.000000
vt -4.275708 1.276936 0.000000
vt -4.991883 1.915403 0.000000
vt -4.275708 1.915403 0.000000
vt -4.991883 2.553871 0.000000
vt -4.275708 2.553871 0.000000
vt -4.991883 3.192339 0.000000
vt -4.275708 3.192339 0.000000
vt -4.991883 3.830807 0.000000
vt -4.275708 3.830807 0.000000
vt -4.991883 4.469275 0.000000
vt -4.275708 4.469275 0.000000
vt -4.991883 5.107742 0.000000
vt -4.275708 5.107742 0.000000
vt -4.991883 5.746210 0.000000
vt -4.275708 5.746210 0.000000
vt -4.991883 6.384678 0.000000
vt -4.275708 6.384678 0.000000
vt -4.991883 7.023146 0.000000
vt -4.275708 7.023146 0.000000
vt -4.991883 7.661614 0.000000
vt -4.275708 7.661614 0.000000
vt -4.991883 8.300081 0.000000
vt -4.275708 8.300081 0.000000
vt -4.991883 8.938549 0.000000
vt -4.275708 8.938549 0.000000
vt -4.991883 9.577017 0.000000
vt -4.275708 9.577017 0.000000
vt -4.991883 10.211763 0.000000
vt -4.275708 10.211887 0.000000
vt -4.991883 10.853953 0.000000
vt -4.275708 10.853953 0.000000
vt -4.991883 11.492420 0.000000
vt -4.275708 11.492420 0.000000
vt -4.991883 12.130888 0.000000
vt -4.275708 12.130888 0.000000
vt -4.991883 12.769356 0.000000
vt -4.275708 12.769356 0.000000
vt -4.991883 13.407824 0.000000
vt -4.275708 13.407824 0.000000
vt -4.275708 14.046292 0.000000
vt -4.275708 14.684759 0.000000
vt -4.275708 15.323227 0.000000
vt -4.275708 15.961695 0.000000
vt -4.275708 16.600163 0.000000
vt -4.275708 17.238631 0.000000
vt -4.275708 17.877098 0.000000
vt -4.275708 18.519164 0.000000
vt -3.559533 18.519040 0.000000
vt -3.559533 19.154034 0.000000
vt -2.843358 19.154034 0.000000
vt -3.559533 19.792502 0.000000
vt -2.843358 19.792502 0.000000
vt -3.559533 20.430970 0.000000
vt -2.843358 20.430970 0.000000
vt -3.559533 21.069437 0.000000
vt -2.843358 21.069437 0.000000
vt -3.559533 21.707905 0.000000
vt -2.843358 21.707905 0.000000
vt -3.559533 22.346373 0.000000
vt -2.843358 22.346373 0.000000
vt -3.559533 22.984841 0.000000
vt -2.843358 22.984841 0.000000
vt -3.559533 23.623309 0.000000
vt -2.843358 23.623309 0.000000
vt -3.559533 24.261776 0.000000
vt -2.843358 24.261776 0.000000
vt -3.559533 24.900244 0.000000
vt -2.843358 24.900244 0.000000
vt -3.559533 25.538712 0.000000
vt -2.843358 25.538712 0.000000
vt -3.559533 26.177180 0.000000
vt -2.843358 26.177180 0.000000
vt -3.559533 26.815648 0.000000
vt -2.843358 26.815648 0.000000
vt -3.559533 27.454115 0.000000
vt -2.843358 27.454115 0.000000
vt -3.559533 28.092583 0.000000
vt -2.843358 28.092583 0.000000
vt -3.559533 28.731051 0.000000
vt -2.843358 28.731051 0.000000
vt -3.559533 -28.731051 0.000000
vt -2.843358 -28.731051 0.000000
vt -3.559533 -28.092583 0.000000
vt -2.843358 -28.092583 0.000000
vt -3.559533 -27.454115 0.000000
vt -2.843358 -27.454115 0.000000
vt -3.559533 -26.815648 0.000000
vt -2.843358 -26.815648 0.000000
vt -3.559533 -26.177180 0.000000
vt -2.843358 -26.177180 0.000000
vt -3.559533 -25.538712 0.000000
vt -2.843358 -25.538712 0.000000
vt -3.559533 -24.900244 0.000000
vt -2.843358 -24.900244 0.000000
vt -3.559533 -24.261776 0.000000
vt -2.843358 -24.261776 0.000000
vt -3.559533 -23.623309 0.000000
vt -2.843358 -23.623309 0.000000
vt -3.559533 -22.984841 0.000000
vt -2.843358 -22.984841 0.000000
vt -3.559533 -22.346373 0.000000
vt -2.843358 -22.346373 0.000000
vt -3.559533 -21.707905 0.000000
vt -2.843358 -21.707905 0.000000
vt -3.559533 -21.069437 0.000000
vt -2.843358 -21.069437 0.000000
vt -3.559533 -20.430970 0.000000
vt -2.843358 -20.430970 0.000000
vt -3.559533 -19.792502 0.000000
vt -2.843358 -19.792502 0.000000
vt -3.559533 -19.154034 0.000000
vt -2.843358 -19.154034 0.000000
vt -3.559533 -18.515566 0.000000
vt -2.843358 -18.515566 0.000000
vt -3.559533 -17.877098 0.000000
vt -2.843358 -17.877098 0.000000
vt -3.559533 -17.238631 0.000000
vt -2.843358 -17.238631 0.000000
vt -3.559533 -16.600163 0.000000
vt -2.843358 -16.600163 0.000000
vt -3.559533 -15.961695 0.000000
vt -2.843358 -15.961695 0.000000
vt -3.559533 -15.323227 0.000000
vt -2.843358 -15.323227 0.000000
vt -3.559533 -14.684759 0.000000
vt -2.843358 -14.684759 0.000000
vt -3.559533 -14.046292 0.000000
vt -2.843358 -14.046292 0.000000
vt -3.559533 -13.407824 0.000000
vt -2.843358 -13.407824 0.000000
vt -3.559533 -12.769356 0.000000
vt -2.843358 -12.769356 0.000000
vt -3.559533 -12.130888 0.000000
vt -2.843358 -12.130888 0.000000
vt -3.559533 -11.492420 0.000000
vt -2.843358 -11.492420 0.000000
vt -3.559533 -10.853953 0.000000
vt -2.843358 -10.853953 0.000000
vt -3.559533 -10.215485 0.000000
vt -2.843358 -10.215485 0.000000
vt -3.559533 -9.577017 0.000000
vt -2.843358 -9.577017 0.000000
vt -3.559533 -8.938549 0.000000
vt -2.843358 -8.938549 0.000000
vt -3.559533 -8.300081 0.000000
vt -2.843358 -8.300081 0.000000
vt -3.559533 -7.661614 0.000000
vt -2.843358 -7.661614 0.000000
vt -3.559533 -7.023146 0.000000
vt -2.843358 -7.023146 0.000000
vt -3.559533 -6.384678 0.000000
vt -2.843358 -6.384678 0.000000
vt -3.559533 -5.746210 0.000000
vt -2.843358 -5.746210 0.000000
vt -3.559533 -5.107742 0.000000
vt -2.843358 -5.107742 0.000000
vt -3.559533 -4.469275 0.000000
vt -2.843358 -4.469275 0.000000
vt -3.559533 -3.830807 0.000000
vt -2.843358 -3.830807 0.000000
vt -3.559533 -3.192339 0.000000
vt -2.843358 -3.192339 0.000000
vt -3.559533 -2.553871 0.000000
vt -2.843358 -2.553871 0.000000
vt -3.559533 -1.915403 0.000000
vt -2.843358 -1.915403 0.000000
vt -3.559533 -1.276936 0.000000
vt -2.843358 -1.276936 0.000000
vt -3.559533 -0.638468 0.000000
vt -2.843358 -0.638468 0.000000
vt -3.559533 0.000000 0.000000
vt -2.843358 0.000000 0.000000
vt -3.559533 0.638468 0.000000
vt -2.843358 0.638468 0.000000
vt -3.559533 1.276936 0.000000
vt -2.843358 1.276936 0.000000
vt -3.559533 1.915403 0.000000
vt -2.843358 1.915403 0.000000
vt -3.559533 2.553871 0.000000
vt -2.843358 2.553871 0.000000
vt -3.559533 3.192339 0.000000
vt -2.843358 3.192339 0.000000
vt -3.559533 3.830807 0.000000
vt -2.843358 3.830807 0.000000
vt -3.559533 4.469275 0.000000
vt -2.843358 4.469275 0.000000
vt -3.559533 5.107742 0.000000
vt -2.843358 5.107742 0.000000
vt -3.559533 5.746210 0.000000
vt -2.843358 5.746210 0.000000
vt -3.559533 6.384678 0.000000
vt -2.843358 6.384678 0.000000
vt -3.559533 7.023146 0.000000
vt -2.843358 7.023146 0.000000
vt -3.559533 7.661614 0.000000
vt -2.843358 7.661614 0.000000
vt -3.559533 8.300081 0.000000
vt -2.843358 8.300081 0.000000
vt -3.559533 8.938549 0.000000
vt -2.843358 8.938549 0.000000
vt -3.559533 9.577017 0.000000
vt -2.843358 9.577017 0.000000
vt -3.559533 10.212011 0.000000
vt -2.843358 10.212135 0.000000
vt -3.559533 10.853953 0.000000
vt -2.843358 10.853953 0.000000
vt -3.559533 11.492420 0.000000
vt -2.843358 11.492420 0.000000
vt -3.559533 12.130888 0.000000
vt -2.843358 12.130888 0.000000
vt -3.559533 12.769356 0.000000
vt -2.843358 12.769356 0.000000
vt -3.559533 13.407824 0.000000
vt -2.843358 13.407824 0.000000
vt -3.559533 14.046292 0.000000
vt -2.843358 14.046292 0.000000
vt -3.559533 14.684759 0.000000
vt -2.843358 14.684759 0.000000
vt -3.559533 15.323227 0.000000
vt -2.843358 15.323227 0.000000
vt -3.559533 15.961695 0.000000
vt -2.843358 15.961695 0.000000
vt -3.559533 16.600163 0.000000
vt -2.843358 16.600163 0.000000
vt -3.559533 17.238631 0.000000
vt -2.843358 17.238631 0.000000
vt -3.559533 17.877098 0.000000
vt -2.843358 17.877098 0.000000
vt -2.843358 18.518916 0.000000
vt -2.127183 18.518792 0.000000
vt -2.127183 19.154034 0.000000
vt -1.411009 19.154034 0.000000
vt -2.127183 19.792502 0.000000
vt -1.411009 19.792502 0.000000
vt -2.127183 20.430970 0.000000
vt -1.411009 20.430970 0.000000
vt -2.127183 21.069437 0.000000
vt -1.411009 21.069437 0.000000
vt -2.127183 21.707905 0.000000
vt -1.411009 21.707905 0.000000
vt -2.127183 22.346373 0.000000
vt -1.411009 22.346373 0.000000
vt -2.127183 22.984841 0.000000
vt -1.411009 22.984841 0.000000
vt -2.127183 23.623309 0.000000
vt -1.411009 23.623309 0.000000
vt -2.127183 24.261776 0.000000
vt -1.411009 24.261776 0.000000
vt -2.127183 24.900244 0.000000
vt -1.411009 24.900244 0.000000
vt -2.127183 25.538712 0.000000
vt -1.411009 25.538712 0.000000
vt -2.127183 26.177180 0.000000
vt -1.411009 26.177180 0.000000
vt -2.127183 26.815648 0.000000
vt -1.411009 26.815648 0.000000
vt -2.127183 27.454115 0.000000
vt -1.411009 27.454115 0.000000
vt -2.127183 28.092583 0.000000
vt -1.411009 28.092583 0.000000
vt -2.127183 28.731051 0.000000
vt -1.411009 28.731051 0.000000
vt -2.127183 -28.731051 0.000000
vt -1.411009 -28.731051 0.000000
vt -2.127183 -28.092583 0.000000
vt -1.411009 -28.092583 0.000000
vt -2.127183 -27.454115 0.000000
vt -1.411009 -27.454115 0.000000
vt -2.127183 -26.815648 0.000000
vt -1.411009 -26.815648 0.000000
vt -2.127183 -26.177180 0.000000
vt -1.411009 -26.177180 0.000000
vt -2.127183 -25.538712 0.000000
vt -1.411009 -25.538712 0.000000
vt -2.127183 -24.900244 0.000000
vt -1.411009 -24.900244 0.000000
vt -2.127183 -24.261776 0.000000
vt -1.411009 -24.261776 0.000000
vt -2.127183 -23.623309 0.000000
vt -1.411009 -23.623309 0.000000
vt -2.127183 -22.984841 0.000000
vt -1.411009 -22.984841 0.000000
vt -2.127183 -22.346373 0.000000
vt -1.411009 -22.346373 0.000000
vt -2.127183 -21.707905 0.000000
vt -1.411009 -21.707905 0.000000
vt -2.127183 -21.069437 0.000000
vt -1.411009 -21.069437 0.000000
vt -2.127183 -20.430970 0.000000
vt -1.411009 -20.430970 0.000000
vt -2.127183 -19.792502 0.000000
vt -1.411009 -19.792502 0.000000
vt -2.127183 -19.154034 0.000000
vt -1.411009 -19.154034 0.000000
vt -2.127183 -18.515566 0.000000
vt -1.411009 -18.515566 0.000000
vt -2.127183 -17.877098 0.000000
vt -1.411009 -17.877098 0.000000
vt -2.127183 -17.238631 0.000000
vt -1.411009 -17.238631 0.000000
vt -2.127183 -16.600163 0.000000
vt -1.411009 -16.600163 0.000000
vt -2.127183 -15.961695 0.000000
vt -1.411009 -15.961695 0.000000
vt -2.127183 -15.323227 0.000000
vt -1.411009 -15.323227 0.000000
vt -2.127183 -14.684759 0.000000
vt -1.411009 -14.684759 0.000000
vt -2.127183 -14.046292 0.000000
vt -1.411009 -14.046292 0.000000
vt -2.127183 -13.407824 0.000000
vt -1.411009 -13.407824 0.000000
vt -2.127183 -12.769356 0.000000
vt -1.411009 -12.769356 0.000000
vt -2.127183 -12.130888 0.000000
vt -1.411009 -12.130888 0.000000
vt -2.127183 -11.492420 0.000000
vt -1.411009 -11.492420 0.000000
vt -2.127183 -10.853953 0.000000
vt -1.411009 -10.853953 0.000000
vt -2.127183 -10.215485 0.000000
vt -1.411009 -10.215485 0.000000
vt -2.127183 -9.577017 0.000000
vt -1.411009 -9.577017 0.000000
vt -2.127183 -8.938549 0.000000
vt -1.411009 -8.938549 0.000000
vt -2.127183 -8.300081 0.000000
vt -1.411009 -8.300081 0.000000
vt -2.127183 -7.661614 0.000000
vt -1.411009 -7.661614 0.000000
vt -2.127183 -7.023146 0.000000
vt -1.411009 -7.023146 0.000000
vt -2.127183 -6.384678 0.000000
vt -1.411009 -6.384678 0.000000
vt -2.127183 -5.746210 0.000000
vt -1.411009 -5.746210 0.000000
vt -2.127183 -5.107742 0.000000
vt -1.411009 -5.107742 0.000000
vt -2.127183 -4.469275 0.000000
vt -1.411009 -4.469275 0.000000
vt -2.127183 -3.830807 0.000000
vt -1.411009 -3.830807 0.000000
vt -2.127183 -3.192339 0.000000
vt -1.411009 -3.192339 0.000000
vt -2.127183 -2.553871 0.000000
vt -1.411009 -2.553871 0.000000
vt -2.127183 -1.915403 0.000000
vt -1.411009 -1.915403 0.000000
vt -2.127183 -1.276936 0.000000
vt -1.411009 -1.276936 0.000000
vt -2.127183 -0.638468 0.000000
vt -1.411009 -0.638468 0.000000
vt -2.127183 0.000000 0.000000
vt -1.411009 0.000000 0.000000
vt -2.127183 0.638468 0.000000
vt -1.411009 0.638468 0.000000
vt -2.127183 1.276936 0.000000
vt -1.411009 1.276936 0.000000
vt -2.127183 1.915403 0.000000
vt -1.411009 1.915403 0.000000
vt -2.127183 2.553871 0.000000
vt -1.411009 2.553871 0.000000
vt -2.127183 3.192339 0.000000
vt -1.411009 3.192339 0.000000
vt -2.127183 3.830807 0.000000
vt -1.411009 3.830807 0.000000
vt -2.127183 4.469275 0.000000
vt -1.411009 4.469275 0.000000
vt -2.127183 5.107742 0.000000
vt -1.411009 5.107742 0.000000
vt -2.127183 5.746210 0.000000
vt -1.411009 5.746210 0.000000
vt -2.127183 6.384678 0.000000
vt -1.411009 6.384678 0.000000
vt -2.127183 7.023146 0.000000
vt -1.411009 7.023146 0.000000
vt -2.127183 7.661614 0.000000
vt -1.411009 7.661614 0.000000
vt -2.127183 8.300081 0.000000
vt -1.411009 8.300081 0.000000
vt -2.127183 8.938549 0.000000
vt -1.411009 8.938549 0.000000
vt -2.127183 9.577017 0.000000
vt -1.411009 9.577017 0.000000
vt -2.127183 10.212259 0.000000
vt -1.411009 10.212383 0.000000
vt -2.127183 10.853953 0.000000
vt -1.411009 10.853953 0.000000
vt -2.127183 11.492420 0.000000
vt -1.411009 11.492420 0.000000
vt -2.127183 12.130888 0.000000
vt -1.411009 12.130888 0.000000
vt -2.127183 12.769356 0.000000
vt -1.411009 12.769356 0.000000
vt -2.127183 13.407824 0.000000
vt -1.411009 13.407824 0.000000
vt -2.127183 14.046292 0.000000
vt -1.411009 14.046292 0.000000
vt -2.127183 14.684759 0.000000
vt -1.411009 14.684759 0.000000
vt -2.127183 15.323227 0.000000
vt -1.411009 15.323227 0.000000
vt -2.127183 15.961695 0.000000
vt -1.411009 15.961695 0.000000
vt -2.127183 16.600163 0.000000
vt -1.411009 16.600163 0.000000
vt -2.127183 17.238631 0.000000
vt -1.411009 17.238631 0.000000
vt -2.127183 17.877098 0.000000
vt -1.411009 17.877098 0.000000
vt -1.411009 18.518668 0.000000
vt -0.694834 18.518544 0.000000
vt -0.694834 19.154034 0.000000
vt 0.021341 19.154034 0.000000
vt -0.694834 19.792502 0.000000
vt 0.021341 19.792502 0.000000
vt -0.694834 20.430970 0.000000
vt 0.021341 20.430970 0.000000
vt -0.694834 21.069437 0.000000
vt 0.021341 21.069437 0.000000
vt -0.694834 21.707905 0.000000
vt 0.021341 21.707905 0.000000
vt -0.694834 22.346373 0.000000
vt 0.021341 22.346373 0.000000
vt -0.694834 22.984841 0.000000
vt 0.021341 22.984841 0.000000
vt -0.694834 23.623309 0.000000
vt 0.021341 23.623309 0.000000
vt -0.694834 24.261776 0.000000
vt 0.021341 24.261776 0.000000
vt -0.694834 24.900244 0.000000
vt 0.021341 24.900244 0.000000
vt -0.694834 25.538712 0.000000
vt 0.021341 25.538712 0.000000
vt -0.694834 26.177180 0.000000
vt 0.021341 26.177180 0.000000
vt -0.694834 26.815648 0.000000
vt 0.021341 26.815648 0.000000
vt -0.694834 27.454115 0.000000
vt 0.021341 27.454115 0.000000
vt -0.694834 28.092583 0.000000
vt 0.021341 28.092583 0.000000
vt -0.694834 28.731051 0.000000
vt 0.021341 28.731051 0.000000
vt -0.694834 -28.731051 0.000000
vt 0.021341 -28.731051 0.000000
vt -0.694834 -28.092583 0.000000
vt 0.021341 -28.092583 0.000000
vt -0.694834 -27.454115 0.000000
vt 0.021341 -27.454115 0.000000
vt -0.694834 -26.815648 0.000000
vt 0.021341 -26.815648 0.000000
vt -0.694834 -26.177180 0.000000
vt 0.021341 -26.177180 0.000000
vt -0.694834 -25.538712 0.000000
vt 0.021341 -25.538712 0.000000
vt -0.694834 -24.900244 0.000000
vt 0.021341 -24.900244 0.000000
vt -0.694834 -24.261776 0.000000
vt 0.021341 -24.261776 0.000000
vt -0.694834 -23.623309 0.000000
vt 0.021341 -23.623309 0.000000
vt -0.694834 -22.984841 0.000000
vt 0.021341 -22.984841 0.000000
vt -0.694834 -22.346373 0.000000
vt 0.021341 -22.346373 0.000000
vt -0.694834 -21.707905 0.000000
vt 0.021341 -21.707905 0.000000
vt -0.694834 -21.069437 0.000000
vt 0.021341 -21.069437 0.000000
vt -0.694834 -20.430970 0.000000
vt 0.021341 -20.430970 0.000000
vt -0.694834 -19.792502 0.000000
vt 0.021341 -19.792502 0.000000
vt -0.694834 -19.154034 0.000000
vt 0.021341 -19.154034 0.000000
vt -0.694834 -18.515566 0.000000
vt 0.021341 -18.515566 0.000000
vt -0.694834 -17.877098 0.000000
vt 0.021341 -17.877098 0.000000
vt -0.694834 -17.238631 0.000000
vt 0.021341 -17.238631 0.000000
vt -0.694834 -16.600163 0.000000
vt 0.021341 -16.600163 0.000000
vt -0.694834 -15.961695 0.000000
vt 0.021341 -15.961695 0.000000
vt -0.694834 -15.323227 0.000000
vt 0.021341 -15.323227 0.000000
vt -0.694834 -14.684759 0.000000
vt 0.021341 -14.684759 0.000000
vt -0.694834 -14.046292 0.000000
vt 0.021341 -14.046292 0.000000
vt -0.694834 -13.407824 0.000000
vt 0.021341 -13.407824 0.000000
vt -0.694834 -12.769356 0.000000
vt 0.021341 -12.769356 0.000000
vt -0.694834 -12.130888 0.000000
vt 0.021341 -12.130888 0.000000
vt -0.694834 -11.492420 0.000000
vt 0.021341 -11.492420 0.000000
vt -0.694834 -10.853953 0.000000
vt 0.021341 -10.853953 0.000000
vt -0.694834 -10.215485 0.000000
vt 0.021341 -10.215485 0.000000
vt -0.694834 -9.577017 0.000000
vt 0.021341 -9.577017 0.000000
vt -0.694834 -8.938549 0.000000
vt 0.021341 -8.938549 0.000000
vt -0.694834 -8.300081 0.000000
vt 0.021341 -8.300081 0.000000
vt -0.694834 -7.661614 0.000000
vt 0.021341 -7.661614 0.000000
vt -0.694834 -7.023146 0.000000
vt 0.021341 -7.023146 0.000000
vt -0.694834 -6.384678 0.000000
vt 0.021341 -6.384678 0.000000
vt -0.694834 -5.746210 0.000000
vt 0.021341 -5.746210 0.000000
vt -0.694834 -5.107742 0.000000
vt 0.021341 -5.107742 0.000000
vt -0.694834 -4.469275 0.000000
vt 0.021341 -4.469275 0.000000
vt -0.694834 -3.830807 0.000000
vt 0.021341 -3.830807 0.000000
vt -0.694834 -3.192339 0.000000
vt 0.021341 -3.192339 0.000000
vt -0.694834 -2.553871 0.000000
vt 0.021341 -2.553871 0.000000
vt -0.694834 -1.915403 0.000000
vt 0.021341 -1.915403 0.000000
vt -0.694834 -1.276936 0.000000
vt 0.021341 -1.276936 0.000000
vt -0.694834 -0.638468 0.000000
vt 0.021341 -0.638468 0.000000
vt -0.694834 0.000000 0.000000
vt 0.021341 0.000000 0.000000
vt -0.694834 0.638468 0.000000
vt 0.021341 0.638468 0.000000
vt -0.694834 1.276936 0.000000
vt 0.021341 1.276936 0.000000
vt -0.694834 1.915403 0.000000
vt 0.021341 1.915403 0.000000
vt -0.694834 2.553871 0.000000
vt 0.021341 2.553871 0.000000
vt -0.694834 3.192339 0.000000
vt 0.021341 3.192339 0.000000
vt -0.694834 3.830807 0.000000
vt 0.021341 3.830807 0.000000
vt -0.694834 4.469275 0.000000
vt 0.021341 4.469275 0.000000
vt -0.694834 5.107742 0.000000
vt 0.021341 5.107742 0.000000
vt -0.694834 5.746210 0.000000
vt 0.021341 5.746210 0.000000
vt -0.694834 6.384678 0.000000
vt 0.021341 6.384678 0.000000
vt -0.694834 7.023146 0.000000
vt 0.021341 7.023146 0.000000
vt -0.694834 7.661614 0.000000
vt 0.021341 7.661614 0.000000
vt -0.694834 8.300081 0.000000
vt 0.021341 8.300081 0.000000
vt -0.694834 8.938549 0.000000
vt 0.021341 8.938549 0.000000
vt -0.694834 9.577017 0.000000
vt 0.021341 9.577017 0.000000
vt -0.694834 10.212507 0.000000
vt 0.021341 10.212631 0.000000
vt -0.694834 10.853953 0.000000
vt 0.021341 10.853953 0.000000
vt -0.694834 11.492420 0.000000
vt 0.021341 11.492420 0.000000
vt -0.694834 12.130888 0.000000
vt 0.021341 12.130888 0.000000
vt -0.694834 12.769356 0.000000
vt 0.021341 12.769356 0.000000
vt -0.694834 13.407824 0.000000
vt 0.021341 13.407824 0.000000
vt -0.694834 14.046292 0.000000
vt 0.021341 14.046292 0.000000
vt -0.694834 14.684759 0.000000
vt 0.021341 14.684759 0.000000
vt -0.694834 15.323227 0.000000
vt 0.021341 15.323227 0.000000
vt -0.694834 15.961695 0.000000
vt 0.021341 15.961695 0.000000
vt -0.694834 16.600163 0.000000
vt 0.021341 16.600163 0.000000
vt -0.694834 17.238631 0.000000
vt 0.021341 17.238631 0.000000
vt -0.694834 17.877098 0.000000
vt 0.021341 17.877098 0.000000
vt 0.021341 18.518420 0.000000
vt 0.737516 18.518296 0.000000
vt 0.737516 19.154034 0.000000
vt 1.453691 19.154034 0.000000
vt 0.737516 19.792502 0.000000
vt 1.453691 19.792502 0.000000
vt 0.737516 20.430970 0.000000
vt 1.453691 20.430970 0.000000
vt 0.737516 21.069437 0.000000
vt 1.453691 21.069437 0.000000
vt 0.737516 21.707905 0.000000
vt 1.453691 21.707905 0.000000
vt 0.737516 22.346373 0.000000
vt 1.453691 22.346373 0.000000
vt 0.737516 22.984841 0.000000
vt 1.453691 22.984841 0.000000
vt 0.737516 23.623309 0.000000
vt 1.453691 23.623309 0.000000
vt 0.737516 24.261776 0.000000
vt 1.453691 24.261776 0.000000
vt 0.737516 24.900244 0.000000
vt 1.453691 24.900244 0.000000
vt 0.737516 25.538712 0.000000
vt 1.453691 25.538712 0.000000
vt 0.737516 26.177180 0.000000
vt 1.453691 26.177180 0.000000
vt 0.737516 26.815648 0.000000
vt 1.453691 26.815648 0.000000
vt 0.737516 27.454115 0.000000
vt 1.453691 27.454115 0.000000
vt 0.737516 28.092583 0.000000
vt 1.453691 28.092583 0.000000
vt 0.737516 28.731051 0.000000
vt 1.453691 28.731051 0.000000
vt 0.737516 -28.731051 0.000000
vt 1.453691 -28.731051 0.000000
vt 0.737516 -28.092583 0.000000
vt 1.453691 -28.092583 0.000000
vt 0.737516 -27.454115 0.000000
vt 1.453691 -27.454115 0.000000
vt 0.737516 -26.815648 0.000000
vt 1.453691 -26.815648 0.000000
vt 0.737516 -26.177180 0.000000
vt 1.453691 -26.177180 0.000000
vt 0.737516 -25.538712 0.000000
vt 1.453691 -25.538712 0.000000
vt 0.737516 -24.900244 0.000000
vt 1.453691 -24.900244 0.000000
vt 0.737516 -24.261776 0.000000
vt 1.453691 -24.261776 0.000000
vt 0.737516 -23.623309 0.000000
vt 1.453691 -23.623309 0.000000
vt 0.737516 -22.984841 0.000000
vt 1.453691 -22.984841 0.000000
vt 0.737516 -22.346373 0.000000
vt 1.453691 -22.346373 0.000000
vt 0.737516 -21.707905 0.000000
vt 1.453691 -21.707905 0.000000
vt 0.737516 -21.069437 0.000000
vt 1.453691 -21.069437 0.000000
vt 0.737516 -20.430970 0.000000
vt 1.453691 -20.430970 0.000000
vt 0.737516 -19.792502 0.000000
vt 1.453691 -19.792502 0.000000
vt 0.737516 -19.154034 0.000000
vt 1.453691 -19.154034 0.000000
vt 0.737516 -18.515566 0.000000
vt 1.453691 -18.515566 0.000000
vt 0.737516 -17.877098 0.000000
vt 1.453691 -17.877098 0.000000
vt 0.737516 -17.238631 0.000000
vt 1.453691 -17.238631 0.000000
vt 0.737516 -16.600163 0.000000
vt 1.453691 -16.600163 0.000000
vt 0.737516 -15.961695 0.000000
vt 1.453691 -15.961695 0.000000
vt 0.737516 -15.323227 0.000000
vt 1.453691 -15.323227 0.000000
vt 0.737516 -14.684759 0.000000
vt 1.453691 -14.684759 0.000000
vt 0.737516 -14.046292 0.000000
vt 1.453691 -14.046292 0.000000
vt 0.737516 -13.407824 0.000000
vt 1.453691 -13.407824 0.000000
vt 0.737516 -12.769356 0.000000
vt 1.453691 -12.769356 0.000000
vt 0.737516 -12.130888 0.000000
vt 1.453691 -12.130888 0.000000
vt 0.737516 -11.492420 0.000000
vt 1.453691 -11.492420 0.000000
vt 0.737516 -10.853953 0.000000
vt 1.453691 -10.853953 0.000000
vt 0.737516 -10.215485 0.000000
vt 1.453691 -10.215485 0.000000
vt 0.737516 -9.577017 0.000000
vt 1.453691 -9.577017 0.000000
vt 0.737516 -8.938549 0.000000
vt 1.453691 -8.938549 0.000000
vt 0.737516 -8.300081 0.000000
vt 1.453691 -8.300081 0.000000
vt 0.737516 -7.661614 0.000000
vt 1.453691 -7.661614 0.000000
vt 0.737516 -7.023146 0.000000
vt 1.453691 -7.023146 0.000000
vt 0.737516 -6.384678 0.000000
vt 1.453691 -6.384678 0.000000
vt 0.737516 -5.746210 0.000000
vt 1.453691 -5.746210 0.000000
vt 0.737516 -5.107742 0.000000
vt 1.453691 -5.107742 0.000000
vt 0.737516 -4.469275 0.000000
vt 1.453691 -4.469275 0.000000
vt 0.737516 -3.830807 0.000000
vt 1.453691 -3.830807 0.000000
vt 0.737516 -3.192339 0.000000
vt 1.453691 -3.192339 0.000000
vt 0.737516 -2.553871 0.000000
vt 1.453691 -2.553871 0.000000
vt 0.737516 -1.915403 0.000000
vt 1.453691 -1.915403 0.000000
vt 0.737516 -1.276936 0.000000
vt 1.453691 -1.276936 0.000000
vt 0.737516 -0.638468 0.000000
vt 1.453691 -0.638468 0.000000
vt 0.737516 0.000000 0.000000
vt 1.453691 0.000000 0.000000
vt 0.737516 0.638468 0.000000
vt 1.453691 0.638468 0.000000
vt 0.737516 1.276936 0.000000
vt 1.453691 1.276936 0.000000
vt 0.737516 1.915403 0.000000
vt 1.453691 1.915403 0.000000
vt 0.737516 2.553871 0.000000
vt 1.453691 2.553871 0.000000
vt 0.737516 3.192339 0.000000
vt 1.453691 3.192339 0.000000
vt 0.737516 3.830807 0.000000
vt 1.453691 3.830807 0.000000
vt 0.737516 4.469275 0.000000
vt 1.453691 4.469275 0.000000
vt 0.737516 5.107742 0.000000
vt 1.453691 5.107742 0.000000
vt 0.737516 5.746210 0.000000
vt 1.453691 5.746210 0.000000
vt 0.737516 6.384678 0.000000
vt 1.453691 6.384678 0.000000
vt 0.737516 7.023146 0.000000
vt 1.453691 7.023146 0.000000
vt 0.737516 7.661614 0.000000
vt 1.453691 7.661614 0.000000
vt 0.737516 8.300081 0.000000
vt 1.453691 8.300081 0.000000
vt 0.737516 8.938549 0.000000
vt 1.453691 8.938549 0.000000
vt 0.737516 9.577017 0.000000
vt 1.453691 9.577017 0.000000
vt 0.737516 10.212755 0.000000
vt 1.453691 10.212879 0.000000
vt 0.737516 10.853953 0.000000
vt 1.453691 10.853953 0.000000
vt 0.737516 11.492420 0.000000
vt 1.453691 11.492420 0.000000
vt 0.737516 12.130888 0.000000
vt 1.453691 12.130888 0.000000
vt 0.737516 12.769356 0.000000
vt 1.453691 12.769356 0.000000
vt 0.737516 13.407824 0.000000
vt 1.453691 13.407824 0.000000
vt 0.737516 14.046292 0.000000
vt 1.453691 14.046292 0.000000
vt 0.737516 14.684759 0.000000
vt 1.453691 14.684759 0.000000
vt 0.737516 15.323227 0.000000
vt 1.453691 15.323227 0.000000
vt 0.737516 15.961695 0.000000
vt 1.453691 15.961695 0.000000
vt 0.737516 16.600163 0.000000
vt 1.453691 16.600163 0.000000
vt 0.737516 17.238631 0.000000
vt 1.453691 17.238631 0.000000
vt 0.737516 17.877098 0.000000
vt 1.453691 17.877098 0.000000
vt 1.453691 18.518172 0.000000
vt 2.169865 18.518048 0.000000
vt 2.169865 19.154034 0.000000
vt 2.886040 19.154034 0.000000
vt 2.169865 19.792502 0.000000
vt 2.886040 19.792502 0.000000
vt 2.169865 20.430970 0.000000
vt 2.886040 20.430970 0.000000
vt 2.169865 21.069437 0.000000
vt 2.886040 21.069437 0.000000
vt 2.169865 21.707905 0.000000
vt 2.886040 21.707905 0.000000
vt 2.169865 22.346373 0.000000
vt 2.886040 22.346373 0.000000
vt 2.169865 22.984841 0.000000
vt 2.886040 22.984841 0.000000
vt 2.169865 23.623309 0.000000
vt 2.886040 23.623309 0.000000
vt 2.169865 24.261776 0.000000
vt 2.886040 24.261776 0.000000
vt 2.169865 24.900244 0.000000
vt 2.886040 24.900244 0.000000
vt 2.169865 25.538712 0.000000
vt 2.886040 25.538712 0.000000
vt 2.169865 26.177180 0.000000
vt 2.886040 26.177180 0.000000
vt 2.169865 26.815648 0.000000
vt 2.886040 26.815648 0.000000
vt 2.169865 27.454115 0.000000
vt 2.886040 27.454115 0.000000
vt 2.169865 28.092583 0.000000
vt 2.886040 28.092583 0.000000
vt 2.169865 28.731051 0.000000
vt 2.886040 28.731051 0.000000
vt 2.169865 -28.731051 0.000000
vt 2.886040 -28.731051 0.000000
vt 2.169865 -28.092583 0.000000
vt 2.886040 -28.092583 0.000000
vt 2.169865 -27.454115 0.000000
vt 2.886040 -27.454115 0.000000
vt 2.169865 -26.815648 0.000000
vt 2.886040 -26.815648 0.000000
vt 2.169865 -26.177180 0.000000
vt 2.886040 -26.177180 0.000000
vt 2.169865 -25.538712 0.000000
vt 2.886040 -25.538712 0.000000
vt 2.169865 -24.900244 0.000000
vt 2.886040 -24.900244 0.000000
vt 2.169865 -24.261776 0.000000
vt 2.886040 -24.261776 0.000000
vt 2.169865 -23.623309 0.000000
vt 2.886040 -23.623309 0.000000
vt 2.169865 -22.984841 0.000000
vt 2.886040 -22.984841 0.000000
vt 2.169865 -22.346373 0.000000
vt 2.886040 -22.346373 0.000000
vt 2.169865 -21.707905 0.000000
vt 2.886040 -21.707905 0.000000
vt 2.169865 -21.069437 0.000000
vt 2.886040 -21.069437 0.000000
vt 2.169865 -20.430970 0.000000
vt 2.886040 -20.430970 0.000000
vt 2.169865 -19.792502 0.000000
vt 2.886040 -19.792502 0.000000
vt 2.169865 -19.154034 0.000000
vt 2.886040 -19.154034 0.000000
vt 2.169865 -18.515566 0.000000
vt 2.886040 -18.515566 0.000000
vt 2.169865 -17.877098 0.000000
vt 2.886040 -17.877098 0.000000
vt 2.169865 -17.238631 0.000000
vt 2.886040 -17.238631 0.000000
vt 2.169865 -16.600163 0.000000
vt 2.886040 -16.600163 0.000000
vt 2.169865 -15.961695 0.000000
vt 2.886040 -15.961695 0.000000
vt 2.169865 -15.323227 0.000000
vt 2.886040 -15.323227 0.000000
vt 2.169865 -14.684759 0.000000
vt 2.886040 -14.684759 0.000000
vt 2.169865 -14.046292 0.000000
vt 2.886040 -14.046292 0.000000
vt 2.169865 -13.407824 0.000000
vt 2.886040 -13.407824 0.000000
vt 2.169865 -12.769356 0.000000
vt 2.886040 -12.769356 0.000000
vt 2.169865 -12.130888 0.000000
vt 2.886040 -12.130888 0.000000
vt 2.169865 -11.492420 0.000000
vt 2.886040 -11.492420 0.000000
vt 2.169865 -10.853953 0.000000
vt 2.886040 -10.853953 0.000000
vt 2.169865 -10.215485 0.000000
vt 2.886040 -10.215485 0.000000
vt 2.169865 -9.577017 0.000000
vt 2.886040 -9.577017 0.000000
vt 2.169865 -8.938549 0.000000
vt 2.886040 -8.938549 0.000000
vt 2.169865 -8.300081 0.000000
vt 2.886040 -8.300081 0.000000
vt 2.169865 -7.661614 0.000000
vt 2.886040 -7.661614 0.000000
vt 2.169865 -7.023146 0.000000
vt 2.886040 -7.023146 0.000000
vt 2.169865 -6.384678 0.000000
vt 2.886040 -6.384678 0.000000
vt 2.169865 -5.746210 0.000000
vt 2.886040 -5.746210 0.000000
vt 2.169865 -5.107742 0.000000
vt 2.886040 -5.107742 0.000000
vt 2.169865 -4.469275 0.000000
vt 2.886040 -4.469275 0.000000
vt 2.169865 -3.830807 0.000000
vt 2.886040 -3.830807 0.000000
vt 2.169865 -3.192339 0.000000
vt 2.886040 -3.192339 0.000000
vt 2.169865 -2.553871 0.000000
vt 2.886040 -2.553871 0.000000
vt 2.169865 -1.915403 0.000000
vt 2.886040 -1.915403 0.000000
vt 2.169865 -1.276936 0.000000
vt 2.886040 -1.276936 0.000000
vt 2.169865 -0.638468 0.000000
vt 2.886040 -0.638468 0.000000
vt 2.169865 0.000000 0.000000
vt 2.886040 0.000000 0.000000
vt 2.169865 0.638468 0.000000
vt 2.886040 0.638468 0.000000
vt 2.169865 1.276936 0.000000
vt 2.886040 1.276936 0.000000
vt 2.169865 1.915403 0.000000
vt 2.886040 1.915403 0.000000
vt 2.169865 2.553871 0.000000
vt 2.886040 2.553871 0.000000
vt 2.169865 3.192339 0.000000
vt 2.886040 3.192339 0.000000
vt 2.169865 3.830807 0.000000
vt 2.886040 3.830807 0.000000
vt 2.169865 4.469275 0.000000
vt 2.886040 4.469275 0.000000
vt 2.169865 5.107742 0.000000
vt 2.886040 5.107742 0.000000
vt 2.169865 5.746210 0.000000
vt 2.886040 5.746210 0.000000
vt 2.169865 6.384678 0.000000
vt 2.886040 6.384678 0.000000
vt 2.169865 7.023146 0.000000
vt 2.886040 7.023146 0.000000
vt 2.169865 7.661614 0.000000
vt 2.886040 7.661614 0.000000
vt 2.169865 8.300081 0.000000
vt 2.886040 8.300081 0.000000
vt 2.169865 8.938549 0.000000
vt 2.886040 8.938549 0.000000
vt 2.169865 9.577017 0.000000
vt 2.886040 9.577017 0.000000
vt 2.169865 10.213003 0.000000
vt 2.886040 10.213127 0.000000
vt 2.169865 10.853953 0.000000
vt 2.886040 10.853953 0.000000
vt 2.169865 11.492420 0.000000
vt 2.886040 11.492420 0.000000
vt 2.169865 12.130888 0.000000
vt 2.886040 12.130888 0.000000
vt 2.169865 12.769356 0.000000
vt 2.886040 12.769356 0.000000
vt 2.169865 13.407824 0.000000
vt 2.886040 13.407824 0.000000
vt 2.169865 14.046292 0.000000
vt 2.886040 14.046292 0.000000
vt 2.169865 14.684759 0.000000
vt 2.886040 14.684759 0.000000
vt 2.169865 15.323227 0.000000
vt 2.886040 15.323227 0.000000
vt 2.169865 15.961695 0.000000
vt 2.886040 15.961695 0.000000
vt 2.169865 16.600163 0.000000
vt 2.886040 16.600163 0.000000
vt 2.169865 17.238631 0.000000
vt 2.886040 17.238631 0.000000
vt 2.169865 17.877098 0.000000
vt 2.886040 17.877098 0.000000
vt 2.886040 18.517924 0.000000
vt 3.602215 18.517799 0.000000
vt 3.602215 19.154034 0.000000
vt 4.318390 19.154034 0.000000
vt 3.602215 19.792502 0.000000
vt 4.318390 19.792502 0.000000
vt 3.602215 20.430970 0.000000
vt 4.318390 20.430970 0.000000
vt 3.602215 21.069437 0.000000
vt 4.318390 21.069437 0.000000
vt 3.602215 21.707905 0.000000
vt 4.318390 21.707905 0.000000
vt 3.602215 22.346373 0.000000
vt 4.318390 22.346373 0.000000
vt 3.602215 22.984841 0.000000
vt 4.318390 22.984841 0.000000
vt 3.602215 23.623309 0.000000
vt 4.318390 23.623309 0.000000
vt 3.602215 24.261776 0.000000
vt 4.318390 24.261776 0.000000
vt 3.602215 24.900244 0.000000
vt 4.318390 24.900244 0.000000
vt 3.602215 25.538712 0.000000
vt 4.318390 25.538712 0.000000
vt 3.602215 26.177180 0.000000
vt 4.318390 26.177180 0.000000
vt 3.602215 26.815648 0.000000
vt 4.318390 26.815648 0.000000
vt 3.602215 27.454115 0.000000
vt 4.318390 27.454115 0.000000
vt 3.602215 28.092583 0.000000
vt 4.318390 28.092583 0.000000
vt 3.602215 28.731051 0.000000
vt 4.318390 28.731051 0.000000
vt 3.602215 -28.731051 0.000000
vt 4.318390 -28.731051 0.000000
vt 3.602215 -28.092583 0.000000
vt 4.318390 -28.092583 0.000000
vt 3.602215 -27.454115 0.000000
vt 4.318390 -27.454115 0.000000
vt 3.602215 -26.815648 0.000000
vt 4.318390 -26.815648 0.000000
vt 3.602215 -26.177180 0.000000
vt 4.318390 -26.177180 0.000000
vt 3.602215 -25.538712 0.000000
vt 4.318390 -25.538712 0.000000
vt 3.602215 -24.900244 0.000000
vt 4.318390 -24.900244 0.000000
vt 3.602215 -24.261776 0.000000
vt 4.318390 -24.261776 0.000000
vt 3.602215 -23.623309 0.000000
vt 4.318390 -23.623309 0.000000
vt 3.602215 -22.984841 0.000000
vt 4.318390 -22.984841 0.000000
vt 3.602215 -22.346373 0.000000
vt 4.318390 -22.346373 0.000000
vt 3.602215 -21.707905 0.000000
vt 4.318390 -21.707905 0.000000
vt 3.602215 -21.069437 0.000000
vt 4.318390 -21.069437 0.000000
vt 3.602215 -20.430970 0.000000
vt 4.318390 -20.430970 0.000000
vt 3.602215 -19.792502 0.000000
vt 4.318390 -19.792502 0.000000
vt 3.602215 -19.154034 0.000000
vt 4.318390 -19.154034 0.000000
vt 3.602215 -18.515566 0.000000
vt 4.318390 -18.515566 0.000000
vt 3.602215 -17.877098 0.000000
vt 4.318390 -17.877098 0.000000
vt 3.602215 -17.238631 0.000000
vt 4.318390 -17.238631 0.000000
vt 3.602215 -16.600163 0.000000
vt 4.318390 -16.600163 0.000000
vt 3.602215 -15.961695 0.000000
vt 4.318390 -15.961695 0.000000
vt 3.602215 -15.323227 0.000000
vt 4.318390 -15.323227 0.000000
vt 3.602215 -14.684759 0.000000
vt 4.318390 -14.684759 0.000000
vt 3.602215 -14.046292 0.000000
vt 4.318390 -14.046292 0.000000
vt 3.602215 -13.407824 0.000000
vt 4.318390 -13.407824 0.000000
vt 3.602215 -12.769356 0.000000
vt 4.318390 -12.769356 0.000000
vt 3.602215 -12.130888 0.000000
vt 4.318390 -12.130888 0.000000
vt 3.602215 -11.492420 0.000000
vt 4.318390 -11.492420 0.000000
vt 3.602215 -10.853953 0.000000
vt 4.318390 -10.853953 0.000000
vt 3.602215 -10.215485 0.000000
vt 4.318390 -10.215485 0.000000
vt 3.602215 -9.577017 0.000000
vt 4.318390 -9.577017 0.000000
vt 3.602215 -8.938549 0.000000
vt 4.318390 -8.938549 0.000000
vt 3.602215 -8.300081 0.000000
vt 4.318390 -8.300081 0.000000
vt 3.602215 -7.661614 0.000000
vt 4.318390 -7.661614 0.000000
vt 3.602215 -7.023146 0.000000
vt 4.318390 -7.023146 0.000000
vt 3.602215 -6.384678 0.000000
vt 4.318390 -6.384678 0.000000
vt 3.602215 -5.746210 0.000000
vt 4.318390 -5.746210 0.000000
vt 3.602215 -5.107742 0.000000
vt 4.318390 -5.107742 0.000000
vt 3.602215 -4.469275 0.000000
vt 4.318390 -4.469275 0.000000
vt 3.602215 -3.830807 0.000000
vt 4.318390 -3.830807 0.000000
vt 3.602215 -3.192339 0.000000
vt 4.318390 -3.192339 0.000000
vt 3.602215 -2.553871 0.000000
vt 4.318390 -2.553871 0.000000
vt 3.602215 -1.915403 0.000000
vt 4.318390 -1.915403 0.000000
vt 3.602215 -1.276936 0.000000
vt 4.318390 -1.276936 0.000000
vt 3.602215 -0.638468 0.000000
vt 4.318390 -0.638468 0.000000
vt 3.602215 0.000000 0.000000
vt 4.318390 0.000000 0.000000
vt 3.602215 0.638468 0.000000
vt 4.318390 0.638468 0.000000
vt 3.602215 1.276936 0.000000
vt 4.318390 1.276936 0.000000
vt 3.602215 1.915403 0.000000
vt 4.318390 1.915403 0.000000
vt 3.602215 2.553871 0.000000
vt 4.318390 2.553871 0.000000
vt 3.602215 3.192339 0.000000
vt 4.318390 3.192339 0.000000
vt 3.602215 3.830807 0.000000
vt 4.318390 3.830807 0.000000
vt 3.602215 4.469275 0.000000
vt 4.318390 4.469275 0.000000
vt 3.602215 5.107742 0.000000
vt 4.318390 5.107742 0.000000
vt 3.602215 5.746210 0.000000
vt 4.318390 5.746210 0.000000
vt 3.602215 6.384678 0.000000
vt 4.318390 6.384678 0.000000
vt 3.602215 7.023146 0.000000
vt 4.318390 7.023146 0.000000
vt 3.602215 7.661614 0.000000
vt 4.318390 7.661614 0.000000
vt 3.602215 8.300081 0.000000
vt 4.318390 8.300081 0.000000
vt 3.602215 8.938549 0.000000
vt 4.318390 8.938549 0.000000
vt 3.602215 9.577017 0.000000
vt 4.318390 9.577017 0.000000
vt 3.602215 10.213252 0.000000
vt 4.318390 10.213376 0.000000
vt 3.602215 10.853953 0.000000
vt 4.318390 10.853953 0.000000
vt 3.602215 11.492420 0.000000
vt 4.318390 11.492420 0.000000
vt 3.602215 12.130888 0.000000
vt 4.318390 12.130888 0.000000
vt 3.602215 12.769356 0.000000
vt 4.318390 12.769356 0.000000
vt 3.602215 13.407824 0.000000
vt 4.318390 13.407824 0.000000
vt 3.602215 14.046292 0.000000
vt 4.318390 14.046292 0.000000
vt 3.602215 14.684759 0.000000
vt 4.318390 14.684759 0.000000
vt 3.602215 15.323227 0.000000
vt 4.318390 15.323227 0.000000
vt 3.602215 15.961695 0.000000
vt 4.318390 15.961695 0.000000
vt 3.602215 16.600163 0.000000
vt 4.318390 16.600163 0.000000
vt 3.602215 17.238631 0.000000
vt 4.318390 17.238631 0.000000
vt 3.602215 17.877098 0.000000
vt 4.318390 17.877098 0.000000
vt 4.318390 18.517675 0.000000
vt 5.034565 18.517551 0.000000
vt 5.034565 19.154034 0.000000
vt 5.750739 19.154034 0.000000
vt 5.034565 19.792502 0.000000
vt 5.750739 19.792502 0.000000
vt 5.034565 20.430970 0.000000
vt 5.750739 20.430970 0.000000
vt 5.034565 21.069437 0.000000
vt 5.750739 21.069437 0.000000
vt 5.034565 21.707905 0.000000
vt 5.750739 21.707905 0.000000
vt 5.034565 22.346373 0.000000
vt 5.750739 22.346373 0.000000
vt 5.034565 22.984841 0.000000
vt 5.750739 22.984841 0.000000
vt 5.034565 23.623309 0.000000
vt 5.750739 23.623309 0.000000
vt 5.034565 24.261776 0.000000
vt 5.750739 24.261776 0.000000
vt 5.034565 24.900244 0.000000
vt 5.750739 24.900244 0.000000
vt 5.034565 25.538712 0.000000
vt 5.750739 25.538712 0.000000
vt 5.034565 26.177180 0.000000
vt 5.750739 26.177180 0.000000
vt 5.034565 26.815648 0.000000
vt 5.750739 26.815648 0.000000
vt 5.034565 27.454115 0.000000
vt 5.750739 27.454115 0.000000
vt 5.034565 28.092583 0.000000
vt 5.750739 28.092583 0.000000
vt 5.034565 28.731051 0.000000
vt 5.750739 28.731051 0.000000
vt 5.034565 -28.731051 0.000000
vt 5.750739 -28.731051 0.000000
vt 5.034565 -28.092583 0.000000
vt 5.750739 -28.092583 0.000000
vt 5.034565 -27.454115 0.000000
vt 5.750739 -27.454115 0.000000
vt 5.034565 -26.815648 0.000000
vt 5.750739 -26.815648 0.000000
vt 5.034565 -26.177180 0.000000
vt 5.750739 -26.177180 0.000000
vt 5.034565 -25.538712 0.000000
vt 5.750739 -25.538712 0.000000
vt 5.034565 -24.900244 0.000000
vt 5.750739 -24.900244 0.000000
vt 5.034565 -24.261776 0.000000
vt 5.750739 -24.261776 0.000000
vt 5.034565 -23.623309 0.000000
vt 5.750739 -23.623309 0.000000
vt 5.034565 -22.984841 0.000000
vt 5.750739 -22.984841 0.000000
vt 5.034565 -22.346373 0.000000
vt 5.750739 -22.346373 0.000000
vt 5.034565 -21.707905 0.000000
vt 5.750739 -21.707905 0.000000
vt 5.034565 -21.069437 0.000000
vt 5.750739 -21.069437 0.000000
vt 5.034565 -20.430970 0.000000
vt 5.750739 -20.430970 0.000000
vt 5.034565 -19.792502 0.000000
vt 5.750739 -19.792502 0.000000
vt 5.034565 -19.154034 0.000000
vt 5.750739 -19.154034 0.000000
vt 5.034565 -18.515566 0.000000
vt 5.750739 -18.515566 0.000000
vt 5.034565 -17.877098 0.000000
vt 5.750739 -17.877098 0.000000
vt 5.034565 -17.238631 0.000000
vt 5.750739 -17.238631 0.000000
vt 5.034565 -16.600163 0.000000
vt 5.750739 -16.600163 0.000000
vt 5.034565 -15.961695 0.000000
vt 5.750739 -15.961695 0.000000
vt 5.034565 -15.323227 0.000000
vt 5.750739 -15.323227 0.000000
vt 5.034565 -14.684759 0.000000
vt 5.750739 -14.684759 0.000000
vt 5.034565 -14.046292 0.000000
vt 5.750739 -14.046292 0.000000
vt 5.034565 -13.407824 0.000000
vt 5.750739 -13.407824 0.000000
vt 5.034565 -12.769356 0.000000
vt 5.750739 -12.769356 0.000000
vt 5.034565 -12.130888 0.000000
vt 5.750739 -12.130888 0.000000
vt 5.034565 -11.492420 0.000000
vt 5.750739 -11.492420 0.000000
vt 5.034565 -10.853953 0.000000
vt 5.750739 -10.853953 0.000000
vt 5.034565 -10.215485 0.000000
vt 5.750739 -10.215485 0.000000
vt 5.034565 -9.577017 0.000000
vt 5.750739 -9.577017 0.000000
vt 5.034565 -8.938549 0.000000
vt 5.750739 -8.938549 0.000000
vt 5.034565 -8.300081 0.000000
vt 5.750739 -8.300081 0.000000
vt 5.034565 -7.661614 0.000000
vt 5.750739 -7.661614 0.000000
vt 5.034565 -7.023146 0.000000
vt 5.750739 -7.023146 0.000000
vt 5.034565 -6.384678 0.000000
vt 5.750739 -6.384678 0.000000
vt 5.034565 -5.746210 0.000000
vt 5.750739 -5.746210 0.000000
vt 5.034565 -5.107742 0.000000
vt 5.750739 -5.107742 0.000000
vt 5.034565 -4.469275 0.000000
vt 5.750739 -4.469275 0.000000
vt 5.034565 -3.830807 0.000000
vt 5.750739 -3.830807 0.000000
vt 5.034565 -3.192339 0.000000
vt 5.750739 -3.192339 0.000000
vt 5.034565 -2.553871 0.000000
vt 5.750739 -2.553871 0.000000
vt 5.034565 -1.915403 0.000000
vt 5.750739 -1.915403 0.000000
vt 5.034565 -1.276936 0.000000
vt 5.750739 -1.276936 0.000000
vt 5.034565 -0.638468 0.000000
vt 5.750739 -0.638468 0.000000
vt 5.034565 0.000000 0.000000
vt 5.750739 0.000000 0.000000
vt 5.034565 0.638468 0.000000
vt 5.750739 0.638468 0.000000
vt 5.034565 1.276936 0.000000
vt 5.750739 1.276936 0.000000
vt 5.034565 1.915403 0.000000
vt 5.750739 1.915403 0.000000
vt 5.034565 2.553871 0.000000
vt 5.750739 2.553871 0.000000
vt 5.034565 3.192339 0.000000
vt 5.750739 3.192339 0.000000
vt 5.034565 3.830807 0.000000
vt 5.750739 3.830807 0.000000
vt 5.034565 4.469275 0.000000
vt 5.750739 4.469275 0.000000
vt 5.034565 5.107742 0.000000
vt 5.750739 5.107742 0.000000
vt 5.034565 5.746210 0.000000
vt 5.750739 5.746210 0.000000
vt 5.034565 6.384678 0.000000
vt 5.750739 6.384678 0.000000
vt 5.034565 7.023146 0.000000
vt 5.750739 7.023146 0.000000
vt 5.034565 7.661614 0.000000
vt 5.750739 7.661614 0.000000
vt 5.034565 8.300081 0.000000
vt 5.750739 8.300081 0.000000
vt 5.034565 8.938549 0.000000
vt 5.750739 8.938549 0.000000
vt 5.034565 9.577017 0.000000
vt 5.750739 9.577017 0.000000
vt 5.034565 10.213500 0.000000
vt 5.750739 10.213624 0.000000
vt 5.034565 10.853953 0.000000
vt 5.750739 10.853953 0.000000
vt 5.034565 11.492420 0.000000
vt 5.750739 11.492420 0.000000
vt 5.034565 12.130888 0.000000
vt 5.750739 12.130888 0.000000
vt 5.034565 12.769356 0.000000
vt 5.750739 12.769356 0.000000
vt 5.034565 13.407824 0.000000
vt 5.750739 13.407824 0.000000
vt 5.034565 14.046292 0.000000
vt 5.750739 14.046292 0.000000
vt 5.034565 14.684759 0.000000
vt 5.750739 14.684759 0.000000
vt 5.034565 15.323227 0.000000
vt 5.750739 15.323227 0.000000
vt 5.034565 15.961695 0.000000
vt 5.750739 15.961695 0.000000
vt 5.034565 16.600163 0.000000
vt 5.750739 16.600163 0.000000
vt 5.034565 17.238631 0.000000
vt 5.750739 17.238631 0.000000
vt 5.034565 17.877098 0.000000
vt 5.750739 17.877098 0.000000
vt 5.750739 18.517427 0.000000
vt 6.466914 18.517303 0.000000
vt 6.466914 19.154034 0.000000
vt 7.183089 19.154034 0.000000
vt 6.466914 19.792502 0.000000
vt 7.183089 19.792502 0.000000
vt 6.466914 20.430970 0.000000
vt 7.183089 20.430970 0.000000
vt 6.466914 21.069437 0.000000
vt 7.183089 21.069437 0.000000
vt 6.466914 21.707905 0.000000
vt 7.183089 21.707905 0.000000
vt 6.466914 22.346373 0.000000
vt 7.183089 22.346373 0.000000
vt 6.466914 22.984841 0.000000
vt 7.183089 22.984841 0.000000
vt 6.466914 23.623309 0.000000
vt 7.183089 23.623309 0.000000
vt 6.466914 24.261776 0.000000
vt 7.183089 24.261776 0.000000
vt 6.466914 24.900244 0.000000
vt 7.183089 24.900244 0.000000
vt 6.466914 25.538712 0.000000
vt 7.183089 25.538712 0.000000
vt 6.466914 26.177180 0.000000
vt 7.183089 26.177180 0.000000
vt 6.466914 26.815648 0.000000
vt 7.183089 26.815648 0.000000
vt 6.466914 27.454115 0.000000
vt 7.183089 27.454115 0.000000
vt 6.466914 28.092583 0.000000
vt 7.183089 28.092583 0.000000
vt 6.466914 28.731051 0.000000
vt 7.183089 28.731051 0.000000
vt 6.466914 -28.731051 0.000000
vt 7.183089 -28.731051 0.000000
vt 6.466914 -28.092583 0.000000
vt 7.183089 -28.092583 0.000000
vt 6.466914 -27.454115 0.000000
vt 7.183089 -27.454115 0.000000
vt 6.466914 -26.815648 0.000000
vt 7.183089 -26.815648 0.000000
vt 6.466914 -26.177180 0.000000
vt 7.183089 -26.177180 0.000000
vt 6.466914 -25.538712 0.000000
vt 7.183089 -25.538712 0.000000
vt 6.466914 -24.900244 0.000000
vt 7.183089 -24.900244 0.000000
vt 6.466914 -24.261776 0.000000
vt 7.183089 -24.261776 0.000000
vt 6.466914 -23.623309 0.000000
vt 7.183089 -23.623309 0.000000
vt 6.466914 -22.984841 0.000000
vt 7.183089 -22.984841 0.000000
vt 6.466914 -22.346373 0.000000
vt 7.183089 -22.346373 0.000000
vt 6.466914 -21.707905 0.000000
vt 7.183089 -21.707905 0.000000
vt 6.466914 -21.069437 0.000000
vt 7.183089 -21.069437 0.000000
vt 6.466914 -20.430970 0.000000
vt 7.183089 -20.430970 0.000000
vt 6.466914 -19.792502 0.000000
vt 7.183089 -19.792502 0.000000
vt 6.466914 -19.154034 0.000000
vt 7.183089 -19.154034 0.000000
vt 6.466914 -18.515566 0.000000
vt 7.183089 -18.515566 0.000000
vt 6.466914 -17.877098 0.000000
vt 7.183089 -17.877098 0.000000
vt 6.466914 -17.238631 0.000000
vt 7.183089 -17.238631 0.000000
vt 6.466914 -16.600163 0.000000
vt 7.183089 -16.600163 0.000000
vt 6.466914 -15.961695 0.000000
vt 7.183089 -15.961695 0.000000
vt 6.466914 -15.323227 0.000000
vt 7.183089 -15.323227 0.000000
vt 6.466914 -14.684759 0.000000
vt 7.183089 -14.684759 0.000000
vt 6.466914 -14.046292 0.000000
vt 7.183089 -14.046292 0.000000
vt 6.466914 -13.407824 0.000000
vt 7.183089 -13.407824 0.000000
vt 6.466914 -12.769356 0.000000
vt 7.183089 -12.769356 0.000000
vt 6.466914 -12.130888 0.000000
vt 7.183089 -12.130888 0.000000
vt 6.466914 -11.492420 0.000000
vt 7.183089 -11.492420 0.000000
vt 6.466914 -10.853953 0.000000
vt 7.183089 -10.853953 0.000000
vt 6.466914 -10.215485 0.000000
vt 7.183089 -10.215485 0.000000
vt 6.466914 -9.577017 0.000000
vt 7.183089 -9.577017 0.000000
vt 6.466914 -8.938549 0.000000
vt 7.183089 -8.938549 0.000000
vt 6.466914 -8.300081 0.000000
vt 7.183089 -8.300081 0.000000
vt 6.466914 -7.661614 0.000000
vt 7.183089 -7.661614 0.000000
vt 6.466914 -7.023146 0.000000
vt 7.183089 -7.023146 0.000000
vt 6.466914 -6.384678 0.000000
vt 7.183089 -6.384678 0.000000
vt 6.466914 -5.746210 0.000000
vt 7.183089 -5.746210 0.000000
vt 6.466914 -5.107742 0.000000
vt 7.183089 -5.107742 0.000000
vt 6.466914 -4.469275 0.000000
vt 7.183089 -4.469275 0.000000
vt 6.466914 -3.830807 0.000000
vt 7.183089 -3.830807 0.000000
vt 6.466914 -3.192339 0.000000
vt 7.183089 -3.192339 0.000000
vt 6.466914 -2.553871 0.000000
vt 7.183089 -2.553871 0.000000
vt 6.466914 -1.915403 0.000000
vt 7.183089 -1.915403 0.000000
vt 6.466914 -1.276936 0.000000
vt 7.183089 -1.276936 0.000000
vt 6.466914 -0.638468 0.000000
vt 7.183089 -0.638468 0.000000
vt 6.466914 0.000000 0.000000
vt 7.183089 0.000000 0.000000
vt 6.466914 0.638468 0.000000
vt 7.183089 0.638468 0.000000
vt 6.466914 1.276936 0.000000
vt 7.183089 1.276936 0.000000
vt 6.466914 1.915403 0.000000
vt 7.183089 1.915403 0.000000
vt 6.466914 2.553871 0.000000
vt 7.183089 2.553871 0.000000
vt 6.466914 3.192339 0.000000
vt 7.183089 3.192339 0.000000
vt 6.466914 3.830807 0.000000
vt 7.183089 3.830807 0.000000
vt 6.466914 4.469275 0.000000
vt 7.183089 4.469275 0.000000
vt 6.466914 5.107742 0.000000
vt 7.183089 5.107742 0.000000
vt 6.466914 5.746210 0.000000
vt 7.183089 5.746210 0.000000
vt 6.466914 6.384678 0.000000
vt 7.183089 6.384678 0.000000
vt 6.466914 7.023146 0.000000
vt 7.183089 7.023146 0.000000
vt 6.466914 7.661614 0.000000
vt 7.183089 7.661614 0.000000
vt 6.466914 8.300081 0.000000
vt 7.183089 8.300081 0.000000
vt 6.466914 8.938549 0.000000
vt 7.183089 8.938549 0.000000
vt 6.466914 9.577017 0.000000
vt 7.183089 9.577017 0.000000
vt 6.466914 10.213748 0.000000
vt 7.183089 10.213872 0.000000
vt 6.466914 10.853953 0.000000
vt 7.183089 10.853953 0.000000
vt 6.466914 11.492420 0.000000
vt 7.183089 11.492420 0.000000
vt 6.466914 12.130888 0.000000
vt 7.183089 12.130888 0.000000
vt 6.466914 12.769356 0.000000
vt 7.183089 12.769356 0.000000
vt 6.466914 13.407824 0.000000
vt 7.183089 13.407824 0.000000
vt 6.466914 14.046292 0.000000
vt 7.183089 14.046292 0.000000
vt 6.466914 14.684759 0.000000
vt 7.183089 14.684759 0.000000
vt 6.466914 15.323227 0.000000
vt 7.183089 15.323227 0.000000
vt 6.466914 15.961695 0.000000
vt 7.183089 15.961695 0.000000
vt 6.466914 16.600163 0.000000
vt 7.183089 16.600163 0.000000
vt 6.466914 17.238631 0.000000
vt 7.183089 17.238631 0.000000
vt 6.466914 17.877098 0.000000
vt 7.183089 17.877098 0.000000
vt 7.183089 18.517179 0.000000
vt 7.899264 18.517055 0.000000
vt 7.899264 19.154034 0.000000
vt 8.615439 19.154034 0.000000
vt 7.899264 19.792502 0.000000
vt 8.615439 19.792502 0.000000
vt 7.899264 20.430970 0.000000
vt 8.615439 20.430970 0.000000
vt 7.899264 21.069437 0.000000
vt 8.615439 21.069437 0.000000
vt 7.899264 21.707905 0.000000
vt 8.615439 21.707905 0.000000
vt 7.899264 22.346373 0.000000
vt 8.615439 22.346373 0.000000
vt 7.899264 22.984841 0.000000
vt 8.615439 22.984841 0.000000
vt 7.899264 23.623309 0.000000
vt 8.615439 23.623309 0.000000
vt 7.899264 24.261776 0.000000
vt 8.615439 24.261776 0.000000
vt 7.899264 24.900244 0.000000
vt 8.615439 24.900244 0.000000
vt 7.899264 25.538712 0.000000
vt 8.615439 25.538712 0.000000
vt 7.899264 26.177180 0.000000
vt 8.615439 26.177180 0.000000
vt 7.899264 26.815648 0.000000
vt 8.615439 26.815648 0.000000
vt 7.899264 27.454115 0.000000
vt 8.615439 27.454115 0.000000
vt 7.899264 28.092583 0.000000
vt 8.615439 28.092583 0.000000
vt 7.899264 28.731051 0.000000
vt 8.615439 28.731051 0.000000
vt 7.899264 -28.731051 0.000000
vt 8.615439 -28.731051 0.000000
vt 7.899264 -28.092583 0.000000
vt 8.615439 -28.092583 0.000000
vt 7.899264 -27.454115 0.000000
vt 8.615439 -27.454115 0.000000
vt 7.899264 -26.815648 0.000000
vt 8.615439 -26.815648 0.000000
vt 7.899264 -26.177180 0.000000
vt 8.615439 -26.177180 0.000000
vt 7.899264 -25.538712 0.000000
vt 8.615439 -25.538712 0.000000
vt 7.899264 -24.900244 0.000000
vt 8.615439 -24.900244 0.000000
vt 7.899264 -24.261776 0.000000
vt 8.615439 -24.261776 0.000000
vt 7.899264 -23.623309 0.000000
vt 8.615439 -23.623309 0.000000
vt 7.899264 -22.984841 0.000000
vt 8.615439 -22.984841 0.000000
vt 7.899264 -22.346373 0.000000
vt 8.615439 -22.346373 0.000000
vt 7.899264 -21.707905 0.000000
vt 8.615439 -21.707905 0.000000
vt 7.899264 -21.069437 0.000000
vt 8.615439 -21.069437 0.000000
vt 7.899264 -20.430970 0.000000
vt 8.615439 -20.430970 0.000000
vt 7.899264 -19.792502 0.000000
vt 8.615439 -19.792502 0.000000
vt 7.899264 -19.154034 0.000000
vt 8.615439 -19.154034 0.000000
vt 7.899264 -18.515566 0.000000
vt 8.615439 -18.515566 0.000000
vt 7.899264 -17.877098 0.000000
vt 8.615439 -17.877098 0.000000
vt 7.899264 -17.238631 0.000000
vt 8.615439 -17.238631 0.000000
vt 7.899264 -16.600163 0.000000
vt 8.615439 -16.600163 0.000000
vt 7.899264 -15.961695 0.000000
vt 8.615439 -15.961695 0.000000
vt 7.899264 -15.323227 0.000000
vt 8.615439 -15.323227 0.000000
vt 7.899264 -14.684759 0.000000
vt 8.615439 -14.684759 0.000000
vt 7.899264 -14.046292 0.000000
vt 8.615439 -14.046292 0.000000
vt 7.899264 -13.407824 0.000000
vt 8.615439 -13.407824 0.000000
vt 7.899264 -12.769356 0.000000
vt 8.615439 -12.769356 0.000000
vt 7.899264 -12.130888 0.000000
vt 8.615439 -12.130888 0.000000
vt 7.899264 -11.492420 0.000000
vt 8.615439 -11.492420 0.000000
vt 7.899264 -10.853953 0.000000
vt 8.615439 -10.853953 0.000000
vt 7.899264 -10.215485 0.000000
vt 8.615439 -10.215485 0.000000
vt 7.899264 -9.577017 0.000000
vt 8.615439 -9.577017 0.000000
vt 7.899264 -8.938549 0.000000
vt 8.615439 -8.938549 0.000000
vt 7.899264 -8.300081 0.000000
vt 8.615439 -8.300081 0.000000
vt 7.899264 -7.661614 0.000000
vt 8.615439 -7.661614 0.000000
vt 7.899264 -7.023146 0.000000
vt 8.615439 -7.023146 0.000000
vt 7.899264 -6.384678 0.000000
vt 8.615439 -6.384678 0.000000
vt 7.899264 -5.746210 0.000000
vt 8.615439 -5.746210 0.000000
vt 7.899264 -5.107742 0.000000
vt 8.615439 -5.107742 0.000000
vt 7.899264 -4.469275 0.000000
vt 8.615439 -4.469275 0.000000
vt 7.899264 -3.830807 0.000000
vt 8.615439 -3.830807 0.000000
vt 7.899264 -3.192339 0.000000
vt 8.615439 -3.192339 0.000000
vt 7.899264 -2.553871 0.000000
vt 8.615439 -2.553871 0.000000
vt 7.899264 -1.915403 0.000000
vt 8.615439 -1.915403 0.000000
vt 7.899264 -1.276936 0.000000
vt 8.615439 -1.276936 0.000000
vt 7.899264 -0.638468 0.000000
vt 8.615439 -0.638468 0.000000
vt 7.899264 0.000000 0.000000
vt 8.615439 0.000000 0.000000
vt 7.899264 0.638468 0.000000
vt 8.615439 0.638468 0.000000
vt 7.899264 1.276936 0.000000
vt 8.615439 1.276936 0.000000
vt 7.899264 1.915403 0.000000
vt 8.615439 1.915403 0.000000
vt 7.899264 2.553871 0.000000
vt 8.615439 2.553871 0.000000
vt 7.899264 3.192339 0.000000
vt 8.615439 3.192339 0.000000
vt 7.899264 3.830807 0.000000
vt 8.615439 3.830807 0.000000
vt 7.899264 4.469275 0.000000
vt 8.615439 4.469275 0.000000
vt 7.899264 5.107742 0.000000
vt 8.615439 5.107742 0.000000
vt 7.899264 5.746210 0.000000
vt 8.615439 5.746210 0.000000
vt 7.899264 6.384678 0.000000
vt 8.615439 6.384678 0.000000
vt 7.899264 7.023146 0.000000
vt 8.615439 7.023146 0.000000
vt 7.899264 7.661614 0.000000
vt 8.615439 7.661614 0.000000
vt 7.899264 8.300081 0.000000
vt 8.615439 8.300081 0.000000
vt 7.899264 8.938549 0.000000
vt 8.615439 8.938549 0.000000
vt 7.899264 9.577017 0.000000
vt 8.615439 9.577017 0.000000
vt 7.899264 10.213996 0.000000
vt 8.615439 10.214120 0.000000
vt 7.899264 10.853953 0.000000
vt 8.615439 10.853953 0.000000
vt 7.899264 11.492420 0.000000
vt 8.615439 11.492420 0.000000
vt 7.899264 12.130888 0.000000
vt 8.615439 12.130888 0.000000
vt 7.899264 12.769356 0.000000
vt 8.615439 12.769356 0.000000
vt 7.899264 13.407824 0.000000
vt 8.615439 13.407824 0.000000
vt 7.899264 14.046292 0.000000
vt 8.615439 14.046292 0.000000
vt 7.899264 14.684759 0.000000
vt 8.615439 14.684759 0.000000
vt 7.899264 15.323227 0.000000
vt 8.615439 15.323227 0.000000
vt 7.899264 15.961695 0.000000
vt 8.615439 15.961695 0.000000
vt 7.899264 16.600163 0.000000
vt 8.615439 16.600163 0.000000
vt 7.899264 17.238631 0.000000
vt 8.615439 17.238631 0.000000
vt 7.899264 17.877098 0.000000
vt 8.615439 17.877098 0.000000
vt 8.615439 18.516931 0.000000
vt 9.331613 18.516807 0.000000
vt 9.331613 19.154034 0.000000
vt 10.047788 19.154034 0.000000
vt 9.331613 19.792502 0.000000
vt 10.047788 19.792502 0.000000
vt 9.331613 20.430970 0.000000
vt 10.047788 20.430970 0.000000
vt 9.331613 21.069437 0.000000
vt 10.047788 21.069437 0.000000
vt 9.331613 21.707905 0.000000
vt 10.047788 21.707905 0.000000
vt 9.331613 22.346373 0.000000
vt 10.047788 22.346373 0.000000
vt 9.331613 22.984841 0.000000
vt 10.047788 22.984841 0.000000
vt 9.331613 23.623309 0.000000
vt 10.047788 23.623309 0.000000
vt 9.331613 24.261776 0.000000
vt 10.047788 24.261776 0.000000
vt 9.331613 24.900244 0.000000
vt 10.047788 24.900244 0.000000
vt 9.331613 25.538712 0.000000
vt 10.047788 25.538712 0.000000
vt 9.331613 26.177180 0.000000
vt 10.047788 26.177180 0.000000
vt 9.331613 26.815648 0.000000
vt 10.047788 26.815648 0.000000
vt 9.331613 27.454115 0.000000
vt 10.047788 27.454115 0.000000
vt 9.331613 28.092583 0.000000
vt 10.047788 28.092583 0.000000
vt 9.331613 28.731051 0.000000
vt 10.047788 28.731051 0.000000
vt 9.331613 -28.731051 0.000000
vt 10.047788 -28.731051 0.000000
vt 9.331613 -28.092583 0.000000
vt 10.047788 -28.092583 0.000000
vt 9.331613 -27.454115 0.000000
vt 10.047788 -27.454115 0.000000
vt 9.331613 -26.815648 0.000000
vt 10.047788 -26.815648 0.000000
vt 9.331613 -26.177180 0.000000
vt 10.047788 -26.177180 0.000000
vt 9.331613 -25.538712 0.000000
vt 10.047788 -25.538712 0.000000
vt 9.331613 -24.900244 0.000000
vt 10.047788 -24.900244 0.000000
vt 9.331613 -24.261776 0.000000
vt 10.047788 -24.261776 0.000000
vt 9.331613 -23.623309 0.000000
vt 10.047788 -23.623309 0.000000
vt 9.331613 -22.984841 0.000000
vt 10.047788 -22.984841 0.000000
vt 9.331613 -22.346373 0.000000
vt 10.047788 -22.346373 0.000000
vt 9.331613 -21.707905 0.000000
vt 10.047788 -21.707905 0.000000
vt 9.331613 -21.069437 0.000000
vt 10.047788 -21.069437 0.000000
vt 9.331613 -20.430970 0.000000
vt 10.047788 -20.430970 0.000000
vt 9.331613 -19.792502 0.000000
vt 10.047788 -19.792502 0.000000
vt 9.331613 -19.154034 0.000000
vt 10.047788 -19.154034 0.000000
vt 9.331613 -18.515566 0.000000
vt 10.047788 -18.515566 0.000000
vt 9.331613 -17.877098 0.000000
vt 10.047788 -17.877098 0.000000
vt 9.331613 -17.238631 0.000000
vt 10.047788 -17.238631 0.000000
vt 9.331613 -16.600163 0.000000
vt 10.047788 -16.600163 0.000000
vt 9.331613 -15.961695 0.000000
vt 10.047788 -15.961695 0.000000
vt 9.331613 -15.323227 0.000000
vt 10.047788 -15.323227 0.000000
vt 9.331613 -14.684759 0.000000
vt 10.047788 -14.684759 0.000000
vt 9.331613 -14.046292 0.000000
vt 10.047788 -14.046292 0.000000
vt 9.331613 -13.407824 0.000000
vt 10.047788 -13.407824 0.000000
vt 9.331613 -12.769356 0.000000
vt 10.047788 -12.769356 0.000000
vt 9.331613 -12.130888 0.000000
vt 10.047788 -12.130888 0.000000
vt 9.331613 -11.492420 0.000000
vt 10.047788 -11.492420 0.000000
vt 9.331613 -10.853953 0.000000
vt 10.047788 -10.853953 0.000000
vt 9.331613 -10.215485 0.000000
vt 10.047788 -10.215485 0.000000
vt 9.331613 -9.577017 0.000000
vt 10.047788 -9.577017 0.000000
vt 9.331613 -8.938549 0.000000
vt 10.047788 -8.938549 0.000000
vt 9.331613 -8.300081 0.000000
vt 10.047788 -8.300081 0.000000
vt 9.331613 -7.661614 0.000000
vt 10.047788 -7.661614 0.000000
vt 9.331613 -7.023146 0.000000
vt 10.047788 -7.023146 0.000000
vt 9.331613 -6.384678 0.000000
vt 10.047788 -6.384678 0.000000
vt 9.331613 -5.746210 0.000000
vt 10.047788 -5.746210 0.000000
vt 9.331613 -5.107742 0.000000
vt 10.047788 -5.107742 0.000000
vt 9.331613 -4.469275 0.000000
vt 10.047788 -4.469275 0.000000
vt 9.331613 -3.830807 0.000000
vt 10.047788 -3.830807 0.000000
vt 9.331613 -3.192339 0.000000
vt 10.047788 -3.192339 0.000000
vt 9.331613 -2.553871 0.000000
vt 10.047788 -2.553871 0.000000
vt 9.331613 -1.915403 0.000000
vt 10.047788 -1.915403 0.000000
vt 9.331613 -1.276936 0.000000
vt 10.047788 -1.276936 0.000000
vt 9.331613 -0.638468 0.000000
vt 10.047788 -0.638468 0.000000
vt 9.331613 0.000000 0.000000
vt 10.047788 0.000000 0.000000
vt 9.331613 0.638468 0.000000
vt 10.047788 0.638468 0.000000
vt 9.331613 1.276936 0.000000
vt 10.047788 1.276936 0.000000
vt 9.331613 1.915403 0.000000
vt 10.047788 1.915403 0.000000
vt 9.331613 2.553871 0.000000
vt 10.047788 2.553871 0.000000
vt 9.331613 3.192339 0.000000
vt 10.047788 3.192339 0.000000
vt 9.331613 3.830807 0.000000
vt 10.047788 3.830807 0.000000
vt 9.331613 4.469275 0.000000
vt 10.047788 4.469275 0.000000
vt 9.331613 5.107742 0.000000
vt 10.047788 5.107742 0.000000
vt 9.331613 5.746210 0.000000
vt 10.047788 5.746210 0.000000
vt 9.331613 6.384678 0.000000
vt 10.047788 6.384678 0.000000
vt 9.331613 7.023146 0.000000
vt 10.047788 7.023146 0.000000
vt 9.331613 7.661614 0.000000
vt 10.047788 7.661614 0.000000
vt 9.331613 8.300081 0.000000
vt 10.047788 8.300081 0.000000
vt 9.331613 8.938549 0.000000
vt 10.047788 8.938549 0.000000
vt 9.331613 9.577017 0.000000
vt 10.047788 9.577017 0.000000
vt 9.331613 10.214244 0.000000
vt 10.047788 10.214368 0.000000
vt 9.331613 10.853953 0.000000
vt 10.047788 10.853953 0.000000
vt 9.331613 11.492420 0.000000
vt 10.047788 11.492420 0.000000
vt 9.331613 12.130888 0.000000
vt 10.047788 12.130888 0.000000
vt 9.331613 12.769356 0.000000
vt 10.047788 12.769356 0.000000
vt 9.331613 13.407824 0.000000
vt 10.047788 13.407824 0.000000
vt 9.331613 14.046292 0.000000
vt 10.047788 14.046292 0.000000
vt 9.331613 14.684759 0.000000
vt 10.047788 14.684759 0.000000
vt 9.331613 15.323227 0.000000
vt 10.047788 15.323227 0.000000
vt 9.331613 15.961695 0.000000
vt 10.047788 15.961695 0.000000
vt 9.331613 16.600163 0.000000
vt 10.047788 16.600163 0.000000
vt 9.331613 17.238631 0.000000
vt 10.047788 17.238631 0.000000
vt 9.331613 17.877098 0.000000
vt 10.047788 17.877098 0.000000
vt 10.047788 18.516683 0.000000
vt 10.763963 18.516559 0.000000
vt 10.763963 19.154034 0.000000
vt 11.480138 19.154034 0.000000
vt 10.763963 19.792502 0.000000
vt 11.480138 19.792502 0.000000
vt 10.763963 20.430970 0.000000
vt 11.480138 20.430970 0.000000
vt 10.763963 21.069437 0.000000
vt 11.480138 21.069437 0.000000
vt 10.763963 21.707905 0.000000
vt 11.480138 21.707905 0.000000
vt 10.763963 22.346373 0.000000
vt 11.480138 22.346373 0.000000
vt 10.763963 22.984841 0.000000
vt 11.480138 22.984841 0.000000
vt 10.763963 23.623309 0.000000
vt 11.480138 23.623309 0.000000
vt 10.763963 24.261776 0.000000
vt 11.480138 24.261776 0.000000
vt 10.763963 24.900244 0.000000
vt 11.480138 24.900244 0.000000
vt 10.763963 25.538712 0.000000
vt 11.480138 25.538712 0.000000
vt 10.763963 26.177180 0.000000
vt 11.480138 26.177180 0.000000
vt 10.763963 26.815648 0.000000
vt 11.480138 26.815648 0.000000
vt 10.763963 27.454115 0.000000
vt 11.480138 27.454115 0.000000
vt 10.763963 28.092583 0.000000
vt 11.480138 28.092583 0.000000
vt 10.763963 28.731051 0.000000
vt 11.480138 28.731051 0.000000
vt 10.763963 -28.731051 0.000000
vt 11.480138 -28.731051 0.000000
vt 10.763963 -28.092583 0.000000
vt 11.480138 -28.092583 0.000000
vt 10.763963 -27.454115 0.000000
vt 11.480138 -27.454115 0.000000
vt 10.763963 -26.815648 0.000000
vt 11.480138 -26.815648 0.000000
vt 10.763963 -26.177180 0.000000
vt 11.480138 -26.177180 0.000000
vt 10.763963 -25.538712 0.000000
vt 11.480138 -25.538712 0.000000
vt 10.763963 -24.900244 0.000000
vt 11.480138 -24.900244 0.000000
vt 10.763963 -24.261776 0.000000
vt 11.480138 -24.261776 0.000000
vt 10.763963 -23.623309 0.000000
vt 11.480138 -23.623309 0.000000
vt 10.763963 -22.984841 0.000000
vt 11.480138 -22.984841 0.000000
vt 10.763963 -22.346373 0.000000
vt 11.480138 -22.346373 0.000000
vt 10.763963 -21.707905 0.000000
vt 11.480138 -21.707905 0.000000
vt 10.763963 -21.069437 0.000000
vt 11.480138 -21.069437 0.000000
vt 10.763963 -20.430970 0.000000
vt 11.480138 -20.430970 0.000000
vt 10.763963 -19.792502 0.000000
vt 11.480138 -19.792502 0.000000
vt 10.763963 -19.154034 0.000000
vt 11.480138 -19.154034 0.000000
vt 10.763963 -18.515566 0.000000
vt 11.480138 -18.515566 0.000000
vt 10.763963 -17.877098 0.000000
vt 11.480138 -17.877098 0.000000
vt 10.763963 -17.238631 0.000000
vt 11.480138 -17.238631 0.000000
vt 10.763963 -16.600163 0.000000
vt 11.480138 -16.600163 0.000000
vt 10.763963 -15.961695 0.000000
vt 11.480138 -15.961695 0.000000
vt 10.763963 -15.323227 0.000000
vt 11.480138 -15.323227 0.000000
vt 10.763963 -14.684759 0.000000
vt 11.480138 -14.684759 0.000000
vt 10.763963 -14.046292 0.000000
vt 11.480138 -14.046292 0.000000
vt 10.763963 -13.407824 0.000000
vt 11.480138 -13.407824 0.000000
vt 10.763963 -12.769356 0.000000
vt 11.480138 -12.769356 0.000000
vt 10.763963 -12.130888 0.000000
vt 11.480138 -12.130888 0.000000
vt 10.763963 -11.492420 0.000000
vt 11.480138 -11.492420 0.000000
vt 10.763963 -10.853953 0.000000
vt 11.480138 -10.853953 0.000000
vt 10.763963 -10.215485 0.000000
vt 11.480138 -10.215485 0.000000
vt 10.763963 -9.577017 0.000000
vt 11.480138 -9.577017 0.000000
vt 10.763963 -8.938549 0.000000
vt 11.480138 -8.938549 0.000000
vt 10.763963 -8.300081 0.000000
vt 11.480138 -8.300081 0.000000
vt 10.763963 -7.661614 0.000000
vt 11.480138 -7.661614 0.000000
vt 10.763963 -7.023146 0.000000
vt 11.480138 -7.023146 0.000000
vt 10.763963 -6.384678 0.000000
vt 11.480138 -6.384678 0.000000
vt 10.763963 -5.746210 0.000000
vt 11.480138 -5.746210 0.000000
vt 10.763963 -5.107742 0.000000
vt 11.480138 -5.107742 0.000000
vt 10.763963 -4.469275 0.000000
vt 11.480138 -4.469275 0.000000
vt 10.763963 -3.830807 0.000000
vt 11.480138 -3.830807 0.000000
vt 10.763963 -3.192339 0.000000
vt 11.480138 -3.192339 0.000000
vt 10.763963 -2.553871 0.000000
vt 11.480138 -2.553871 0.000000
vt 10.763963 -1.915403 0.000000
vt 11.480138 -1.915403 0.000000
vt 10.763963 -1.276936 0.000000
vt 11.480138 -1.276936 0.000000
vt 10.763963 -0.638468 0.000000
vt 11.480138 -0.638468 0.000000
vt 10.763963 0.000000 0.000000
vt 11.480138 0.000000 0.000000
vt 10.763963 0.638468 0.000000
vt 11.480138 0.638468 0.000000
vt 10.763963 1.276936 0.000000
vt 11.480138 1.276936 0.000000
vt 10.763963 1.915403 0.000000
vt 11.480138 1.915403 0.000000
vt 10.763963 2.553871 0.000000
vt 11.480138 2.553871 0.000000
vt 10.763963 3.192339 0.000000
vt 11.480138 3.192339 0.000000
vt 10.763963 3.830807 0.000000
vt 11.480138 3.830807 0.000000
vt 10.763963 4.469275 0.000000
vt 11.480138 4.469275 0.000000
vt 10.763963 5.107742 0.000000
vt 11.480138 5.107742 0.000000
vt 10.763963 5.746210 0.000000
vt 11.480138 5.746210 0.000000
vt 10.763963 6.384678 0.000000
vt 11.480138 6.384678 0.000000
vt 10.763963 7.023146 0.000000
vt 11.480138 7.023146 0.000000
vt 10.763963 7.661614 0.000000
vt 11.480138 7.661614 0.000000
vt 10.763963 8.300081 0.000000
vt 11.480138 8.300081 0.000000
vt 10.763963 8.938549 0.000000
vt 11.480138 8.938549 0.000000
vt 10.763963 9.577017 0.000000
vt 11.480138 9.577017 0.000000
vt 10.763963 10.214492 0.000000
vt 11.480138 10.214616 0.000000
vt 10.763963 10.853953 0.000000
vt 11.480138 10.853953 0.000000
vt 10.763963 11.492420 0.000000
vt 11.480138 11.492420 0.000000
vt 10.763963 12.130888 0.000000
vt 11.480138 12.130888 0.000000
vt 10.763963 12.769356 0.000000
vt 11.480138 12.769356 0.000000
vt 10.763963 13.407824 0.000000
vt 11.480138 13.407824 0.000000
vt 10.763963 14.046292 0.000000
vt 11.480138 14.046292 0.000000
vt 10.763963 14.684759 0.000000
vt 11.480138 14.684759 0.000000
vt 10.763963 15.323227 0.000000
vt 11.480138 15.323227 0.000000
vt 10.763963 15.961695 0.000000
vt 11.480138 15.961695 0.000000
vt 10.763963 16.600163 0.000000
vt 11.480138 16.600163 0.000000
vt 10.763963 17.238631 0.000000
vt 11.480138 17.238631 0.000000
vt 10.763963 17.877098 0.000000
vt 11.480138 17.877098 0.000000
vt 11.480138 18.516435 0.000000
vt 12.196313 18.516311 0.000000
vt 12.196313 19.154034 0.000000
vt 12.912487 19.154034 0.000000
vt 12.196313 19.792502 0.000000
vt 12.912487 19.792502 0.000000
vt 12.196313 20.430970 0.000000
vt 12.912487 20.430970 0.000000
vt 12.196313 21.069437 0.000000
vt 12.912487 21.069437 0.000000
vt 12.196313 21.707905 0.000000
vt 12.912487 21.707905 0.000000
vt 12.196313 22.346373 0.000000
vt 12.912487 22.346373 0.000000
vt 12.196313 22.984841 0.000000
vt 12.912487 22.984841 0.000000
vt 12.196313 23.623309 0.000000
vt 12.912487 23.623309 0.000000
vt 12.196313 24.261776 0.000000
vt 12.912487 24.261776 0.000000
vt 12.196313 24.900244 0.000000
vt 12.912487 24.900244 0.000000
vt 12.196313 25.538712 0.000000
vt 12.912487 25.538712 0.000000
vt 12.196313 26.177180 0.000000
vt 12.912487 26.177180 0.000000
vt 12.196313 26.815648 0.000000
vt 12.912487 26.815648 0.000000
vt 12.196313 27.454115 0.000000
vt 12.912487 27.454115 0.000000
vt 12.196313 28.092583 0.000000
vt 12.912487 28.092583 0.000000
vt 12.196313 28.731051 0.000000
vt 12.912487 28.731051 0.000000
vt 12.196313 -28.731051 0.000000
vt 12.912487 -28.731051 0.000000
vt 12.196313 -28.092583 0.000000
vt 12.912487 -28.092583 0.000000
vt 12.196313 -27.454115 0.000000
vt 12.912487 -27.454115 0.000000
vt 12.196313 -26.815648 0.000000
vt 12.912487 -26.815648 0.000000
vt 12.196313 -26.177180 0.000000
vt 12.912487 -26.177180 0.000000
vt 12.196313 -25.538712 0.000000
vt 12.912487 -25.538712 0.000000
vt 12.196313 -24.900244 0.000000
vt 12.912487 -24.900244 0.000000
vt 12.196313 -24.261776 0.000000
vt 12.912487 -24.261776 0.000000
vt 12.196313 -23.623309 0.000000
vt 12.912487 -23.623309 0.000000
vt 12.196313 -22.984841 0.000000
vt 12.912487 -22.984841 0.000000
vt 12.196313 -22.346373 0.000000
vt 12.912487 -22.346373 0.000000
vt 12.196313 -21.707905 0.000000
vt 12.912487 -21.707905 0.000000
vt 12.196313 -21.069437 0.000000
vt 12.912487 -21.069437 0.000000
vt 12.196313 -20.430970 0.000000
vt 12.912487 -20.430970 0.000000
vt 12.196313 -19.792502 0.000000
vt 12.912487 -19.792502 0.000000
vt 12.196313 -19.154034 0.000000
vt 12.912487 -19.154034 0.000000
vt 12.196313 -18.515566 0.000000
vt 12.912487 -18.515566 0.000000
vt 12.196313 -17.877098 0.000000
vt 12.912487 -17.877098 0.000000
vt 12.196313 -17.238631 0.000000
vt 12.912487 -17.238631 0.000000
vt 12.196313 -16.600163 0.000000
vt 12.912487 -16.600163 0.000000
vt 12.196313 -15.961695 0.000000
vt 12.912487 -15.961695 0.000000
vt 12.196313 -15.323227 0.000000
vt 12.912487 -15.323227 0.000000
vt 12.196313 -14.684759 0.000000
vt 12.912487 -14.684759 0.000000
vt 12.196313 -14.046292 0.000000
vt 12.912487 -14.046292 0.000000
vt 12.196313 -13.407824 0.000000
vt 12.912487 -13.407824 0.000000
vt 12.196313 -12.769356 0.000000
vt 12.912487 -12.769356 0.000000
vt 12.196313 -12.130888 0.000000
vt 12.912487 -12.130888 0.000000
vt 12.196313 -11.492420 0.000000
vt 12.912487 -11.492420 0.000000
vt 12.196313 -10.853953 0.000000
vt 12.912487 -10.853953 0.000000
vt 12.196313 -10.215485 0.000000
vt 12.912487 -10.215485 0.000000
vt 12.196313 -9.577017 0.000000
vt 12.912487 -9.577017 0.000000
vt 12.196313 -8.938549 0.000000
vt 12.912487 -8.938549 0.000000
vt 12.196313 -8.300081 0.000000
vt 12.912487 -8.300081 0.000000
vt 12.196313 -7.661614 0.000000
vt 12.912487 -7.661614 0.000000
vt 12.196313 -7.023146 0.000000
vt 12.912487 -7.023146 0.000000
vt 12.196313 -6.384678 0.000000
vt 12.912487 -6.384678 0.000000
vt 12.196313 -5.746210 0.000000
vt 12.912487 -5.746210 0.000000
vt 12.196313 -5.107742 0.000000
vt 12.912487 -5.107742 0.000000
vt 12.196313 -4.469275 0.000000
vt 12.912487 -4.469275 0.000000
vt 12.196313 -3.830807 0.000000
vt 12.912487 -3.830807 0.000000
vt 12.196313 -3.192339 0.000000
vt 12.912487 -3.192339 0.000000
vt 12.196313 -2.553871 0.000000
vt 12.912487 -2.553871 0.000000
vt 12.196313 -1.915403 0.000000
vt 12.912487 -1.915403 0.000000
vt 12.196313 -1.276936 0.000000
vt 12.912487 -1.276936 0.000000
vt 12.196313 -0.638468 0.000000
vt 12.912487 -0.638468 0.000000
vt 12.196313 0.000000 0.000000
vt 12.912487 0.000000 0.000000
vt 12.196313 0.638468 0.000000
vt 12.912487 0.638468 0.000000
vt 12.196313 1.276936 0.000000
vt 12.912487 1.276936 0.000000
vt 12.196313 1.915403 0.000000
vt 12.912487 1.915403 0.000000
vt 12.196313 2.553871 0.000000
vt 12.912487 2.553871 0.000000
vt 12.196313 3.192339 0.000000
vt 12.912487 3.192339 0.000000
vt 12.196313 3.830807 0.000000
vt 12.912487 3.830807 0.000000
vt 12.196313 4.469275 0.000000
vt 12.912487 4.469275 0.000000
vt 12.196313 5.107742 0.000000
vt 12.912487 5.107742 0.000000
vt 12.196313 5.746210 0.000000
vt 12.912487 5.746210 0.000000
vt 12.196313 6.384678 0.000000
vt 12.912487 6.384678 0.000000
vt 12.196313 7.023146 0.000000
vt 12.912487 7.023146 0.000000
vt 12.196313 7.661614 0.000000
vt 12.912487 7.661614 0.000000
vt 12.196313 8.300081 0.000000
vt 12.912487 8.300081 0.000000
vt 12.196313 8.938549 0.000000
vt 12.912487 8.938549 0.000000
vt 12.196313 9.577017 0.000000
vt 12.912487 9.577017 0.000000
vt 12.196313 10.214740 0.000000
vt 12.912487 10.214864 0.000000
vt 12.196313 10.853953 0.000000
vt 12.912487 10.853953 0.000000
vt 12.196313 11.492420 0.000000
vt 12.912487 11.492420 0.000000
vt 12.196313 12.130888 0.000000
vt 12.912487 12.130888 0.000000
vt 12.196313 12.769356 0.000000
vt 12.912487 12.769356 0.000000
vt 12.196313 13.407824 0.000000
vt 12.912487 13.407824 0.000000
vt 12.196313 14.046292 0.000000
vt 12.912487 14.046292 0.000000
vt 12.196313 14.684759 0.000000
vt 12.912487 14.684759 0.000000
vt 12.196313 15.323227 0.000000
vt 12.912487 15.323227 0.000000
vt 12.196313 15.961695 0.000000
vt 12.912487 15.961695 0.000000
vt 12.196313 16.600163 0.000000
vt 12.912487 16.600163 0.000000
vt 12.196313 17.238631 0.000000
vt 12.912487 17.238631 0.000000
vt 12.196313 17.877098 0.000000
vt 12.912487 17.877098 0.000000
vt 12.912487 18.516187 0.000000
vt 13.628662 18.516062 0.000000
vt 13.628662 19.154034 0.000000
vt 14.344837 19.154034 0.000000
vt 13.628662 19.792502 0.000000
vt 14.344837 19.792502 0.000000
vt 13.628662 20.430970 0.000000
vt 14.344837 20.430970 0.000000
vt 13.628662 21.069437 0.000000
vt 14.344837 21.069437 0.000000
vt 13.628662 21.707905 0.000000
vt 14.344837 21.707905 0.000000
vt 13.628662 22.346373 0.000000
vt 14.344837 22.346373 0.000000
vt 13.628662 22.984841 0.000000
vt 14.344837 22.984841 0.000000
vt 13.628662 23.623309 0.000000
vt 14.344837 23.623309 0.000000
vt 13.628662 24.261776 0.000000
vt 14.344837 24.261776 0.000000
vt 13.628662 24.900244 0.000000
vt 14.344837 24.900244 0.000000
vt 13.628662 25.538712 0.000000
vt 14.344837 25.538712 0.000000
vt 13.628662 26.177180 0.000000
vt 14.344837 26.177180 0.000000
vt 13.628662 26.815648 0.000000
vt 14.344837 26.815648 0.000000
vt 13.628662 27.454115 0.000000
vt 14.344837 27.454115 0.000000
vt 13.628662 28.092583 0.000000
vt 14.344837 28.092583 0.000000
vt 13.628662 28.731051 0.000000
vt 14.344837 28.731051 0.000000
vt 13.628662 -28.731051 0.000000
vt 14.344837 -28.731051 0.000000
vt 13.628662 -28.092583 0.000000
vt 14.344837 -28.092583 0.000000
vt 13.628662 -27.454115 0.000000
vt 14.344837 -27.454115 0.000000
vt 13.628662 -26.815648 0.000000
vt 14.344837 -26.815648 0.000000
vt 13.628662 -26.177180 0.000000
vt 14.344837 -26.177180 0.000000
vt 13.628662 -25.538712 0.000000
vt 14.344837 -25.538712 0.000000
vt 13.628662 -24.900244 0.000000
vt 14.344837 -24.900244 0.000000
vt 13.628662 -24.261776 0.000000
vt 14.344837 -24.261776 0.000000
vt 13.628662 -23.623309 0.000000
vt 14.344837 -23.623309 0.000000
vt 13.628662 -22.984841 0.000000
vt 14.344837 -22.984841 0.000000
vt 13.628662 -22.346373 0.000000
vt 14.344837 -22.346373 0.000000
vt 13.628662 -21.707905 0.000000
vt 14.344837 -21.707905 0.000000
vt 13.628662 -21.069437 0.000000
vt 14.344837 -21.069437 0.000000
vt 13.628662 -20.430970 0.000000
vt 14.344837 -20.430970 0.000000
vt 13.628662 -19.792502 0.000000
vt 14.344837 -19.792502 0.000000
vt 13.628662 -19.154034 0.000000
vt 14.344837 -19.154034 0.000000
vt 13.628662 -18.515566 0.000000
vt 14.344837 -18.515566 0.000000
vt 13.628662 -17.877098 0.000000
vt 14.344837 -17.877098 0.000000
vt 13.628662 -17.238631 0.000000
vt 14.344837 -17.238631 0.000000
vt 13.628662 -16.600163 0.000000
vt 14.344837 -16.600163 0.000000
vt 13.628662 -15.961695 0.000000
vt 14.344837 -15.961695 0.000000
vt 13.628662 -15.323227 0.000000
vt 14.344837 -15.323227 0.000000
vt 13.628662 -14.684759 0.000000
vt 14.344837 -14.684759 0.000000
vt 13.628662 -14.046292 0.000000
vt 14.344837 -14.046292 0.000000
vt 13.628662 -13.407824 0.000000
vt 14.344837 -13.407824 0.000000
vt 13.628662 -12.769356 0.000000
vt 14.344837 -12.769356 0.000000
vt 13.628662 -12.130888 0.000000
vt 14.344837 -12.130888 0.000000
vt 13.628662 -11.492420 0.000000
vt 14.344837 -11.492420 0.000000
vt 13.628662 -10.853953 0.000000
vt 14.344837 -10.853953 0.000000
vt 13.628662 -10.215485 0.000000
vt 14.344837 -10.215485 0.000000
vt 13.628662 -9.577017 0.000000
vt 14.344837 -9.577017 0.000000
vt 13.628662 -8.938549 0.000000
vt 14.344837 -8.938549 0.000000
vt 13.628662 -8.300081 0.000000
vt 14.344837 -8.300081 0.000000
vt 13.628662 -7.661614 0.000000
vt 14.344837 -7.661614 0.000000
vt 13.628662 -7.023146 0.000000
vt 14.344837 -7.023146 0.000000
vt 13.628662 -6.384678 0.000000
vt 14.344837 -6.384678 0.000000
vt 13.628662 -5.746210 0.000000
vt 14.344837 -5.746210 0.000000
vt 13.628662 -5.107742 0.000000
vt 14.344837 -5.107742 0.000000
vt 13.628662 -4.469275 0.000000
vt 14.344837 -4.469275 0.000000
vt 13.628662 -3.830807 0.000000
vt 14.344837 -3.830807 0.000000
vt 13.628662 -3.192339 0.000000
vt 14.344837 -3.192339 0.000000
vt 13.628662 -2.553871 0.000000
vt 14.344837 -2.553871 0.000000
vt 13.628662 -1.915403 0.000000
vt 14.344837 -1.915403 0.000000
vt 13.628662 -1.276936 0.000000
vt 14.344837 -1.276936 0.000000
vt 13.628662 -0.638468 0.000000
vt 14.344837 -0.638468 0.000000
vt 13.628662 0.000000 0.000000
vt 14.344837 0.000000 0.000000
vt 13.628662 0.638468 0.000000
vt 14.344837 0.638468 0.000000
vt 13.628662 1.276936 0.000000
vt 14.344837 1.276936 0.000000
vt 13.628662 1.915403 0.000000
vt 14.344837 1.915403 0.000000
vt 13.628662 2.553871 0.000000
vt 14.344837 2.553871 0.000000
vt 13.628662 3.192339 0.000000
vt 14.344837 3.192339 0.000000
vt 13.628662 3.830807 0.000000
vt 14.344837 3.830807 0.000000
vt 13.628662 4.469275 0.000000
vt 14.344837 4.469275 0.000000
vt 13.628662 5.107742 0.000000
vt 14.344837 5.107742 0.000000
vt 13.628662 5.746210 0.000000
vt 14.344837 5.746210 0.000000
vt 13.628662 6.384678 0.000000
vt 14.344837 6.384678 0.000000
vt 13.628662 7.023146 0.000000
vt 14.344837 7.023146 0.000000
vt 13.628662 7.661614 0.000000
vt 14.344837 7.661614 0.000000
vt 13.628662 8.300081 0.000000
vt 14.344837 8.300081 0.000000
vt 13.628662 8.938549 0.000000
vt 14.344837 8.938549 0.000000
vt 13.628662 9.577017 0.000000
vt 14.344837 9.577017 0.000000
vt 13.628662 10.214989 0.000000
vt 14.344837 10.215113 0.000000
vt 13.628662 10.853953 0.000000
vt 14.344837 10.853953 0.000000
vt 13.628662 11.492420 0.000000
vt 14.344837 11.492420 0.000000
vt 13.628662 12.130888 0.000000
vt 14.344837 12.130888 0.000000
vt 13.628662 12.769356 0.000000
vt 14.344837 12.769356 0.000000
vt 13.628662 13.407824 0.000000
vt 14.344837 13.407824 0.000000
vt 13.628662 14.046292 0.000000
vt 14.344837 14.046292 0.000000
vt 13.628662 14.684759 0.000000
vt 14.344837 14.684759 0.000000
vt 13.628662 15.323227 0.000000
vt 14.344837 15.323227 0.000000
vt 13.628662 15.961695 0.000000
vt 14.344837 15.961695 0.000000
vt 13.628662 16.600163 0.000000
vt 14.344837 16.600163 0.000000
vt 13.628662 17.238631 0.000000
vt 14.344837 17.238631 0.000000
vt 13.628662 17.877098 0.000000
vt 14.344837 17.877098 0.000000
vt 14.344837 18.515938 0.000000
vt 15.061012 18.515814 0.000000
vt 15.061012 19.154034 0.000000
vt 15.777187 19.154034 0.000000
vt 15.061012 19.792502 0.000000
vt 15.777187 19.792502 0.000000
vt 15.061012 20.430970 0.000000
vt 15.777187 20.430970 0.000000
vt 15.061012 21.069437 0.000000
vt 15.777187 21.069437 0.000000
vt 15.061012 21.707905 0.000000
vt 15.777187 21.707905 0.000000
vt 15.061012 22.346373 0.000000
vt 15.777187 22.346373 0.000000
vt 15.061012 22.984841 0.000000
vt 15.777187 22.984841 0.000000
vt 15.061012 23.623309 0.000000
vt 15.777187 23.623309 0.000000
vt 15.061012 24.261776 0.000000
vt 15.777187 24.261776 0.000000
vt 15.061012 24.900244 0.000000
vt 15.777187 24.900244 0.000000
vt 15.061012 25.538712 0.000000
vt 15.777187 25.538712 0.000000
vt 15.061012 26.177180 0.000000
vt 15.777187 26.177180 0.000000
vt 15.061012 26.815648 0.000000
vt 15.777187 26.815648 0.000000
vt 15.061012 27.454115 0.000000
vt 15.777187 27.454115 0.000000
vt 15.061012 28.092583 0.000000
vt 15.777187 28.092583 0.000000
vt 15.061012 28.731051 0.000000
vt 15.777187 28.731051 0.000000
vt 15.061012 -28.731051 0.000000
vt 15.777187 -28.731051 0.000000
vt 15.061012 -28.092583 0.000000
vt 15.777187 -28.092583 0.000000
vt 15.061012 -27.454115 0.000000
vt 15.777187 -27.454115 0.000000
vt 15.061012 -26.815648 0.000000
vt 15.777187 -26.815648 0.000000
vt 15.061012 -26.177180 0.000000
vt 15.777187 -26.177180 0.000000
vt 15.061012 -25.538712 0.000000
vt 15.777187 -25.538712 0.000000
vt 15.061012 -24.900244 0.000000
vt 15.777187 -24.900244 0.000000
vt 15.061012 -24.261776 0.000000
vt 15.777187 -24.261776 0.000000
vt 15.061012 -23.623309 0.000000
vt 15.777187 -23.623309 0.000000
vt 15.061012 -22.984841 0.000000
vt 15.777187 -22.984841 0.000000
vt 15.061012 -22.346373 0.000000
vt 15.777187 -22.346373 0.000000
vt 15.061012 -21.707905 0.000000
vt 15.777187 -21.707905 0.000000
vt 15.061012 -21.069437 0.000000
vt 15.777187 -21.069437 0.000000
vt 15.061012 -20.430970 0.000000
vt 15.777187 -20.430970 0.000000
vt 15.061012 -19.792502 0.000000
vt 15.777187 -19.792502 0.000000
vt 15.061012 -19.154034 0.000000
vt 15.777187 -19.154034 0.000000
vt 15.061012 -18.515566 0.000000
vt 15.777187 -18.515566 0.000000
vt 15.061012 -17.877098 0.000000
vt 15.777187 -17.877098 0.000000
vt 15.061012 -17.238631 0.000000
vt 15.777187 -17.238631 0.000000
vt 15.061012 -16.600163 0.000000
vt 15.777187 -16.600163 0.000000
vt 15.061012 -15.961695 0.000000
vt 15.777187 -15.961695 0.000000
vt 15.061012 -15.323227 0.000000
vt 15.777187 -15.323227 0.000000
vt 15.061012 -14.684759 0.000000
vt 15.777187 -14.684759 0.000000
vt 15.061012 -14.046292 0.000000
vt 15.777187 -14.046292 0.000000
vt 15.061012 -13.407824 0.000000
vt 15.777187 -13.407824 0.000000
vt 15.061012 -12.769356 0.000000
vt 15.777187 -12.769356 0.000000
vt 15.061012 -12.130888 0.000000
vt 15.777187 -12.130888 0.000000
vt 15.061012 -11.492420 0.000000
vt 15.777187 -11.492420 0.000000
vt 15.061012 -10.853953 0.000000
vt 15.777187 -10.853953 0.000000
vt 15.061012 -10.215485 0.000000
vt 15.777187 -10.215485 0.000000
vt 15.061012 -9.577017 0.000000
vt 15.777187 -9.577017 0.000000
vt 15.061012 -8.938549 0.000000
vt 15.777187 -8.938549 0.000000
vt 15.061012 -8.300081 0.000000
vt 15.777187 -8.300081 0.000000
vt 15.061012 -7.661614 0.000000
vt 15.777187 -7.661614 0.000000
vt 15.061012 -7.023146 0.000000
vt 15.777187 -7.023146 0.000000
vt 15.061012 -6.384678 0.000000
vt 15.777187 -6.384678 0.000000
vt 15.061012 -5.746210 0.000000
vt 15.777187 -5.746210 0.000000
vt 15.061012 -5.107742 0.000000
vt 15.777187 -5.107742 0.000000
vt 15.061012 -4.469275 0.000000
vt 15.777187 -4.469275 0.000000
vt 15.061012 -3.830807 0.000000
vt 15.777187 -3.830807 0.000000
vt 15.061012 -3.192339 0.000000
vt 15.777187 -3.192339 0.000000
vt 15.061012 -2.553871 0.000000
vt 15.777187 -2.553871 0.000000
vt 15.061012 -1.915403 0.000000
vt 15.777187 -1.915403 0.000000
vt 15.061012 -1.276936 0.000000
vt 15.777187 -1.276936 0.000000
vt 15.061012 -0.638468 0.000000
vt 15.777187 -0.638468 0.000000
vt 15.061012 0.000000 0.000000
vt 15.777187 0.000000 0.000000
vt 15.061012 0.638468 0.000000
vt 15.777187 0.638468 0.000000
vt 15.061012 1.276936 0.000000
vt 15.777187 1.276936 0.000000
vt 15.061012 1.915403 0.000000
vt 15.777187 1.915403 0.000000
vt 15.061012 2.553871 0.000000
vt 15.777187 2.553871 0.000000
vt 15.061012 3.192339 0.000000
vt 15.777187 3.192339 0.000000
vt 15.061012 3.830807 0.000000
vt 15.777187 3.830807 0.000000
vt 15.061012 4.469275 0.000000
vt 15.777187 4.469275 0.000000
vt 15.061012 5.107742 0.000000
vt 15.777187 5.107742 0.000000
vt 15.061012 5.746210 0.000000
vt 15.777187 5.746210 0.000000
vt 15.061012 6.384678 0.000000
vt 15.777187 6.384678 0.000000
vt 15.061012 7.023146 0.000000
vt 15.777187 7.023146 0.000000
vt 15.061012 7.661614 0.000000
vt 15.777187 7.661614 0.000000
vt 15.061012 8.300081 0.000000
vt 15.777187 8.300081 0.000000
vt 15.061012 8.938549 0.000000
vt 15.777187 8.938549 0.000000
vt 15.061012 9.577017 0.000000
vt 15.777187 9.577017 0.000000
vt 15.061012 10.215237 0.000000
vt 15.777187 10.215361 0.000000
vt 15.061012 10.853953 0.000000
vt 15.777187 10.853953 0.000000
vt 15.061012 11.492420 0.000000
vt 15.777187 11.492420 0.000000
vt 15.061012 12.130888 0.000000
vt 15.777187 12.130888 0.000000
vt 15.061012 12.769356 0.000000
vt 15.777187 12.769356 0.000000
vt 15.061012 13.407824 0.000000
vt 15.777187 13.407824 0.000000
vt 15.061012 14.046292 0.000000
vt 15.777187 14.046292 0.000000
vt 15.061012 14.684759 0.000000
vt 15.777187 14.684759 0.000000
vt 15.061012 15.323227 0.000000
vt 15.777187 15.323227 0.000000
vt 15.061012 15.961695 0.000000
vt 15.777187 15.961695 0.000000
vt 15.061012 16.600163 0.000000
vt 15.777187 16.600163 0.000000
vt 15.061012 17.238631 0.000000
vt 15.777187 17.238631 0.000000
vt 15.061012 17.877098 0.000000
vt 15.777187 17.877098 0.000000
vt 15.777187 18.515690 0.000000
vt 16.493361 18.515566 0.000000
vt -5.708057 12.980897 0.000000
vt -5.708057 12.288582 0.000000
vt -5.708057 11.596268 0.000000
vt -5.708057 10.903953 0.000000
vt -5.708057 10.211639 0.000000
vt -5.708057 9.519324 0.000000
vt -5.708057 8.827010 0.000000
vt -5.708057 8.134695 0.000000
vt -5.708057 7.442381 0.000000
vt -5.708057 6.750066 0.000000
vt -5.708057 6.057752 0.000000
vt -5.708057 5.365437 0.000000
vt -5.708057 4.673123 0.000000
vt -5.708057 3.980808 0.000000
vt -5.708057 3.288494 0.000000
vt -5.708057 2.596179 0.000000
vt -5.708057 1.903865 0.000000
vt -5.708057 1.211550 0.000000
vt -5.708057 0.519236 0.000000
vt -5.708057 -0.173079 0.000000
vt -5.708057 -0.865393 0.000000
vt -5.708057 -1.557708 0.000000
vt -5.708057 -2.250022 0.000000
vt -5.708057 -2.942337 0.000000
vt -5.708057 -3.634651 0.000000
vt -5.708057 -4.326966 0.000000
vt -5.708057 -5.019280 0.000000
vt -5.708057 -5.711594 0.000000
vt -5.708057 -6.403909 0.000000
vt -5.708057 -7.096223 0.000000
vt -5.708057 -7.788538 0.000000
vt -5.708057 -8.480852 0.000000
vt -5.708057 -9.173167 0.000000
vt -5.708057 -9.865481 0.000000
vt -5.708057 -10.557796 0.000000
vt -5.708057 -11.250110 0.000000
vt -5.708057 -11.942425 0.000000
vt -5.708057 -12.634739 0.000000
vt -5.708057 -13.327054 0.000000
vt -5.708057 -14.019368 0.000000
vt -5.708057 -14.711683 0.000000
vt -5.708057 -15.403997 0.000000
vt -5.708057 -16.096312 0.000000
vt -5.708057 -16.788626 0.000000
vt -5.708057 -17.480941 0.000000
vt -5.708057 -18.173255 0.000000
vt -5.708057 -18.865570 0.000000
vt -5.708057 -19.557884 0.000000
vt -5.708057 -20.250199 0.000000
vt -5.708057 -20.942513 0.000000
vt -5.708057 -21.634828 0.000000
vt -5.708057 -22.327142 0.000000
vt -5.708057 -23.019457 0.000000
vt -5.708057 -23.711771 0.000000
vt -5.708057 -24.404085 0.000000
vt -5.708057 -25.096400 0.000000
vt -5.708057 -25.788714 0.000000
vt -5.708057 -26.481029 0.000000
vt -5.708057 -27.173343 0.000000
vt -5.708057 -27.865658 0.000000
vt -5.708057 -28.557972 0.000000
vt -5.708057 28.904130 0.000000
vt -5.708057 28.211815 0.000000
vt -5.708057 27.519501 0.000000
vt -5.708057 26.827186 0.000000
vt -5.708057 26.134872 0.000000
vt -5.708057 25.442557 0.000000
vt -5.708057 24.750243 0.000000
vt -5.708057 24.057928 0.000000
vt -5.708057 23.365614 0.000000
vt -5.708057 22.673299 0.000000
vt -5.708057 21.980985 0.000000
vt -5.708057 21.288670 0.000000
vt -5.708057 20.596356 0.000000
vt -5.708057 19.904041 0.000000
vt -5.708057 19.211727 0.000000
vt 16.493361 -28.731051 0.000000
vt 16.493361 -28.092583 0.000000
vt 16.493361 -27.454115 0.000000
vt 16.493361 -26.815648 0.000000
vt 16.493361 -26.177180 0.000000
vt 16.493361 -25.538712 0.000000
vt 16.493361 -24.900244 0.000000
vt 16.493361 -24.261776 0.000000
vt 16.493361 -23.623309 0.000000
vt 16.493361 -22.984841 0.000000
vt 16.493361 -22.346373 0.000000
vt 16.493361 -21.707905 0.000000
vt 16.493361 -21.069437 0.000000
vt 16.493361 -20.430970 0.000000
vt 16.493361 -19.792502 0.000000
vt 16.493361 -19.154034 0.000000
vt 16.493361 -18.515566 0.000000
vt 16.493361 -17.877098 0.000000
vt 16.493361 -17.238631 0.000000
vt 16.493361 -16.600163 0.000000
vt 16.493361 -15.961695 0.000000
vt 16.493361 -15.323227 0.000000
vt 16.493361 -14.684759 0.000000
vt 16.493361 -14.046292 0.000000
vt 16.493361 -13.407824 0.000000
vt 16.493361 -12.769356 0.000000
vt 16.493361 -12.130888 0.000000
vt 16.493361 -11.492420 0.000000
vt 16.493361 -10.853953 0.000000
vt 16.493361 -10.215485 0.000000
vt 16.493361 -8.938549 0.000000
vt 16.493361 -8.300081 0.000000
vt 16.493361 -7.661614 0.000000
vt 16.493361 -7.023146 0.000000
vt 16.493361 -6.384678 0.000000
vt 16.493361 -5.746210 0.000000
vt 16.493361 -5.107742 0.000000
vt 16.493361 -4.469275 0.000000
vt 16.493361 -3.830807 0.000000
vt 16.493361 -3.192339 0.000000
vt 16.493361 -2.553871 0.000000
vt 16.493361 -1.915403 0.000000
vt 16.493361 -1.276936 0.000000
vt 16.493361 -0.638468 0.000000
vt 16.493361 0.000000 0.000000
vt 16.493361 0.638468 0.000000
vt 16.493361 1.276936 0.000000
vt 16.493361 1.915403 0.000000
vt 16.493361 2.553871 0.000000
vt 16.493361 3.192339 0.000000
vt 16.493361 3.830807 0.000000
vt 16.493361 4.469275 0.000000
vt 16.493361 5.107742 0.000000
vt 16.493361 5.746210 0.000000
vt 16.493361 6.384678 0.000000
vt 16.493361 7.023146 0.000000
vt 16.493361 7.661614 0.000000
vt 16.493361 8.300081 0.000000
vt 16.493361 8.938549 0.000000
vt 16.493361 10.215485 0.000000
vt 16.493361 10.853953 0.000000
vt 16.493361 11.492420 0.000000
vt 16.493361 12.130888 0.000000
vt 16.493361 12.769356 0.000000
vt 16.493361 13.407824 0.000000
vt 16.493361 14.046292 0.000000
vt 16.493361 14.684759 0.000000
vt 16.493361 15.323227 0.000000
vt 16.493361 15.961695 0.000000
vt 16.493361 16.600163 0.000000
vt 16.493361 17.238631 0.000000
vt 16.493361 19.154034 0.000000
vt 16.493361 19.792502 0.000000
vt 16.493361 20.430970 0.000000
vt 16.493361 21.069437 0.000000
vt 16.493361 21.707905 0.000000
vt 16.493361 22.346373 0.000000
vt 16.493361 22.984841 0.000000
vt 16.493361 23.623309 0.000000
vt 16.493361 24.261776 0.000000
vt 16.493361 24.900244 0.000000
vt 16.493361 25.538712 0.000000
vt 16.493361 26.177180 0.000000
vt 16.493361 26.815648 0.000000
vt 16.493361 27.454115 0.000000
vt 16.493361 28.092583 0.000000
vt 16.493361 -9.577017 0.000000
vt 16.493361 9.577017 0.000000
vn 26.811156 91.845883 -29.077410
vn 18.782495 98.218055 -0.656892
vn 26.080635 92.962234 -26.035045
vn 17.378441 98.381379 4.369663
vn 20.240089 97.827260 -4.490652
vn 13.783666 97.780659 15.778252
vn 10.701507 96.394471 24.363573
vn 8.530461 94.903386 30.341036
vn 5.021915 91.984902 38.904475
vn 2.517241 89.039632 45.448955
vn 1.053451 87.211775 48.918263
vn 0.000584 85.584837 51.722680
vn 0.009796 85.601063 51.695822
vn 0.000000 85.583956 51.724138
vn 10.485944 96.630285 23.508146
vn 9.121817 95.940428 26.687577
vn 4.436337 91.761789 39.498013
vn 0.041417 85.656247 51.604319
vn 0.024732 85.627128 51.652631
vn 0.000128 85.584180 51.723767
vn 0.000256 85.584405 51.723396
vn 0.001936 85.586676 51.719638
vn 0.070746 85.683154 51.559598
vn 4.297406 90.946959 41.354358
vn 6.973969 93.575308 34.569141
vn 0.000101 85.584134 51.723844
vn 0.019593 85.618161 51.667497
vn 0.000051 85.584045 51.723991
vn 6.326214 93.320378 35.373522
vn 2.656156 89.496902 44.533687
vn 2.105397 88.737758 46.056244
vn -20.240089 97.827260 -4.490652
vn -19.758793 97.984256 -2.945462
vn -26.080635 92.962234 -26.035045
vn -18.782495 98.218055 -0.656892
vn -26.811156 91.845883 -29.077410
vn -13.783666 97.780659 15.778252
vn -15.620492 98.317832 9.465942
vn -10.485942 96.630283 23.508155
vn -9.121817 95.940428 26.687577
vn -4.436337 91.761789 39.498013
vn -0.041416 85.656245 51.604321
vn -2.656157 89.496904 44.533683
vn -0.024732 85.627128 51.652632
vn -2.105397 88.737757 46.056247
vn -0.019593 85.618160 51.667497
vn -1.053293 87.211538 48.918690
vn -0.009795 85.601060 51.695827
vn 0.000000 85.583956 51.724138
vn -0.000051 85.584045 51.723991
vn -12.282991 97.186006 20.099958
vn -6.973969 93.575308 34.569141
vn -9.560483 95.720908 27.314921
vn -7.611125 94.217768 32.635610
vn -6.326216 93.320380 35.373518
vn -5.021912 91.984898 38.904484
vn -3.827511 90.462670 42.448268
vn -0.070746 85.683154 51.559598
vn -0.001936 85.586676 51.719638
vn -2.516862 89.039149 45.449922
vn -0.000593 85.584851 51.722657
vn -0.000101 85.584134 51.723844
vn -0.000128 85.584180 51.723767
vn -0.000214 85.584331 51.723517
vn -0.000256 85.584405 51.723396
vn 74.233924 30.376868 59.720771
vn 68.400158 40.649412 60.572632
vn 65.429849 42.857687 62.306930
vn 52.663310 57.027249 63.043387
vn 54.061980 55.227768 63.460191
vn 41.181814 66.019498 62.813089
vn 58.846374 50.986173 62.749617
vn 45.136644 63.389302 62.805093
vn 68.311826 44.651586 57.790400
vn 53.153212 59.728004 60.060816
vn 74.491621 42.082173 51.769578
vn 58.541655 58.549451 56.078841
vn 79.911221 40.750282 44.199675
vn 63.416399 58.315207 50.771024
vn 84.313584 40.556027 35.304789
vn 67.551699 58.959857 44.277570
vn 80.916835 50.287142 30.391925
vn 58.757687 69.250127 41.856351
vn 55.387050 67.929191 48.144571
vn 30.854897 81.407171 49.202112
vn 28.916423 80.244650 52.198052
vn -0.000000 85.583956 51.724138
vn -0.000000 85.583956 51.724138
vn 26.906248 79.368671 54.558848
vn -0.000000 85.583956 51.724138
vn -0.000000 85.583956 51.724138
vn 24.613290 78.853088 56.359351
vn 22.139456 78.721503 57.556663
vn 47.608595 66.794615 57.200534
vn 43.043085 67.340550 60.104435
vn 35.716325 69.856452 62.003389
vn 33.045374 71.505775 61.602982
vn 36.326669 69.690470 61.835358
vn 18.093362 79.385383 58.056793
vn 18.545387 79.318789 58.005158
vn 0.180770 85.539741 51.796911
vn -0.000000 85.583956 51.724138
vn 0.000000 85.583956 51.724138
vn 0.000000 85.583956 51.724138
vn 95.120846 26.409171 15.955574
vn 95.200367 19.241898 23.804190
vn 91.450197 20.581950 34.831663
vn 86.416459 23.275484 44.614432
vn 80.340051 27.473015 52.827168
vn 70.564623 36.817168 60.540319
vn 100.000000 0.000000 0.000000
vn 99.339434 0.717329 11.452610
vn 97.450034 2.457624 22.303608
vn 94.443962 5.300492 32.438292
vn 90.382067 9.271257 41.774703
vn 80.154220 21.830296 55.666320
vn 51.786698 67.007320 53.180419
vn 0.000000 85.583956 51.724138
vn 0.000000 85.583956 51.724138
vn 0.000000 85.583956 51.724138
vn 0.000000 85.583956 51.724138
vn 0.000000 85.583956 51.724138
vn 0.000000 85.583956 51.724138
vn 0.000000 85.583956 51.724138
vn 0.000000 85.583956 51.724138
vn 0.000000 85.583956 51.724138
vn 0.000000 85.583956 51.724138
vn 0.000000 85.583956 51.724138
vn 0.000000 85.583956 51.724138
vn 0.000000 85.583956 51.724138
vn -14.610768 81.134781 56.600996
vn -0.092597 85.561422 51.761322
vn -18.071373 79.432469 57.999210
vn -35.744182 69.886130 61.953872
vn -28.224435 74.407954 60.554419
vn -32.074855 72.791205 60.602344
vn -16.884186 81.073363 56.053850
vn -19.041374 81.431637 54.829869
vn -20.961294 82.221279 52.917723
vn -30.854897 81.407171 49.202112
vn -45.438807 72.973524 51.089918
vn -58.757687 69.250127 41.856351
vn -66.723827 58.760024 45.773251
vn -77.205714 48.437561 41.147057
vn -71.430756 48.550200 50.403622
vn -86.383657 27.598941 42.144540
vn -79.363645 31.389134 52.116544
vn -90.430670 9.344447 41.653034
vn -71.177206 37.385292 59.465496
vn -80.055690 21.748412 55.839887
vn -64.254719 44.513854 62.368644
vn -74.332764 30.509957 59.529679
vn -68.405060 40.661414 60.559039
vn -52.643943 57.001191 63.083116
vn -50.713845 58.460833 63.328010
vn -42.753374 64.962828 62.864775
vn -48.255848 61.625259 62.239060
vn -36.907030 71.911430 58.877987
vn -94.416469 5.249566 32.526489
vn -97.441529 2.449166 22.341664
vn -91.853364 25.964491 29.812828
vn -99.343906 0.753415 11.411433
vn -95.120846 26.409171 15.955574
vn -100.000000 -0.000000 -0.000000
vn -80.916835 50.287142 30.391925
vn -56.934014 53.904645 62.070986
vn -64.546116 50.379242 57.408457
vn -55.069382 59.239471 58.805172
vn -41.446090 71.962337 55.710355
vn -61.341684 58.273557 53.304694
vn -26.811156 -91.845883 -29.077410
vn -18.782495 -98.218055 -0.656892
vn -26.080635 -92.962234 -26.035045
vn -17.378441 -98.381379 4.369663
vn -20.240089 -97.827260 -4.490652
vn -13.783666 -97.780659 15.778252
vn -10.701507 -96.394471 24.363573
vn -8.530461 -94.903386 30.341036
vn -5.021915 -91.984902 38.904475
vn -2.517241 -89.039632 45.448955
vn -1.053451 -87.211775 48.918263
vn -0.000584 -85.584837 51.722680
vn -0.009796 -85.601063 51.695822
vn -0.000000 -85.583956 51.724138
vn -10.485944 -96.630285 23.508146
vn -9.121817 -95.940428 26.687577
vn -4.436337 -91.761789 39.498013
vn -0.041417 -85.656247 51.604319
vn -0.024732 -85.627128 51.652631
vn -0.000128 -85.584180 51.723767
vn -0.000256 -85.584405 51.723396
vn -0.001936 -85.586676 51.719638
vn -0.070746 -85.683154 51.559598
vn -4.297406 -90.946959 41.354358
vn -6.973969 -93.575308 34.569141
vn -0.000101 -85.584134 51.723844
vn -0.019593 -85.618161 51.667497
vn -0.000051 -85.584045 51.723991
vn -6.326214 -93.320378 35.373522
vn -2.656156 -89.496902 44.533687
vn -2.105397 -88.737758 46.056244
vn 20.240089 -97.827260 -4.490652
vn 19.758793 -97.984256 -2.945462
vn 26.080635 -92.962234 -26.035045
vn 18.782495 -98.218055 -0.656892
vn 26.811156 -91.845883 -29.077410
vn 13.783666 -97.780659 15.778252
vn 15.620492 -98.317832 9.465942
vn 10.485942 -96.630283 23.508155
vn 9.121817 -95.940428 26.687577
vn 4.436337 -91.761789 39.498013
vn 0.000256 -85.584405 51.723396
vn 12.282991 -97.186006 20.099958
vn 6.973969 -93.575308 34.569141
vn 9.560483 -95.720908 27.314921
vn 7.611125 -94.217768 32.635610
vn 6.326216 -93.320380 35.373518
vn 5.021912 -91.984898 38.904484
vn 2.656157 -89.496904 44.533683
vn 2.105397 -88.737757 46.056247
vn 0.000128 -85.584180 51.723767
vn 3.828084 -90.463320 42.446832
vn 0.070746 -85.683154 51.559598
vn 2.517239 -89.039630 45.448959
vn 0.000584 -85.584837 51.722680
vn 1.053451 -87.211775 48.918264
vn 0.000000 -85.583956 51.724138
vn 0.001936 -85.586676 51.719638
vn 0.000101 -85.584134 51.723844
vn 0.000214 -85.584331 51.723517
vn 74.262797 -30.411507 59.667221
vn 68.407055 -40.636672 60.573391
vn 68.912431 -35.783409 63.012891
vn 67.403274 -41.154313 61.344285
vn 59.463521 -44.161318 67.185323
vn 60.318132 -48.143486 63.591884
vn 48.239760 -48.115483 73.197171
vn 49.304315 -52.515669 69.362735
vn 36.158377 -51.216565 77.906580
vn 37.433693 -55.977876 73.926964
vn 23.434651 -53.406636 81.231449
vn 26.258815 -63.356652 72.776434
vn 38.592490 -60.572475 69.581570
vn 39.633979 -64.957538 64.881939
vn 50.054706 -60.750561 61.675730
vn 40.566225 -69.013181 59.929644
vn 30.470226 -79.909722 51.826650
vn 28.556957 -72.357248 62.840504
vn 30.383557 -79.983663 51.763435
vn 50.269916 -56.757454 65.203735
vn 34.761501 -46.300150 81.534865
vn 20.059759 -42.842431 88.102964
vn 33.239904 -41.249215 84.815158
vn 31.583731 -36.062957 87.760646
vn 44.409936 -34.057077 82.872632
vn 29.785659 -30.764317 90.367977
vn 42.899061 -29.108793 85.512272
vn 25.733092 -20.200090 94.497430
vn 39.481400 -19.203296 89.846828
vn 21.037548 -9.895267 97.259988
vn 35.501822 -9.461924 93.005874
vn 34.221438 -0.005879 93.962190
vn 49.982785 0.002590 86.612477
vn 16.081807 -31.807176 93.432751
vn 11.440721 -20.765514 97.148872
vn 6.095144 -10.101119 99.301645
vn 0.000000 0.000000 100.000000
vn 17.357619 0.000047 98.482044
vn 64.298088 -0.005392 76.588223
vn 61.696554 -7.968490 78.294561
vn 49.158089 -8.817326 86.635657
vn 52.393973 -17.802483 83.294317
vn 55.161448 -26.878301 78.960570
vn 56.381202 -31.396791 76.389800
vn 45.798561 -38.881708 79.941883
vn 47.072400 -43.566706 76.721127
vn 72.831875 -6.941424 68.171363
vn 76.588223 0.002407 64.298088
vn 82.310182 -5.752604 56.497270
vn 86.612477 -0.003367 49.982785
vn 89.915522 -4.435322 43.537648
vn 93.962190 0.000918 34.221438
vn 95.474974 -3.013649 29.587957
vn 98.482044 -0.001769 17.357619
vn 99.342993 -0.761424 11.418844
vn 100.000000 -0.000000 0.000000
vn 100.000000 -0.000000 0.000000
vn 97.452390 -2.465887 22.292400
vn 94.422576 -5.261465 32.506832
vn 90.608417 -8.839836 41.375984
vn 83.510164 -11.492857 53.795601
vn 74.644114 -13.905624 65.076031
vn 64.198195 -16.022076 74.979230
vn 90.418555 -9.297190 41.689893
vn 80.097677 -21.779076 55.767679
vn 76.184336 -20.871696 61.321442
vn 76.860166 -24.321536 59.169061
vn 68.126499 -32.021046 65.828814
vn 57.500234 -35.787500 73.572943
vn 58.525466 -40.040717 70.508942
vn 67.267776 -28.129347 68.438192
vn 66.330356 -24.112843 70.843875
vn -68.407055 -40.636672 60.573391
vn -68.912431 -35.783409 63.012891
vn -67.403274 -41.154313 61.344285
vn -59.463521 -44.161318 67.185323
vn -60.318132 -48.143486 63.591884
vn -48.239760 -48.115483 73.197171
vn -49.304315 -52.515669 69.362735
vn -36.158377 -51.216565 77.906580
vn -37.433693 -55.977876 73.926964
vn -23.434651 -53.406636 81.231449
vn -26.258815 -63.356652 72.776434
vn -74.263304 -30.412089 59.666293
vn -68.126499 -32.021046 65.828814
vn -57.500234 -35.787500 73.572943
vn -56.381202 -31.396791 76.389800
vn -44.409936 -34.057077 82.872632
vn -42.899061 -29.108793 85.512272
vn -29.785659 -30.764317 90.367977
vn -25.733092 -20.200090 94.497430
vn -11.440721 -20.765514 97.148872
vn -6.095144 -10.101119 99.301645
vn -21.037548 -9.895267 97.259988
vn 0.000000 -0.000000 100.000000
vn -17.357619 0.000047 98.482044
vn -35.501822 -9.461924 93.005874
vn -34.221438 -0.005879 93.962190
vn -49.158089 -8.817326 86.635657
vn -49.982785 0.002590 86.612477
vn -61.696554 -7.968490 78.294561
vn -64.298088 -0.005392 76.588223
vn -72.831875 -6.941424 68.171363
vn -76.588223 0.002407 64.298088
vn -82.310182 -5.752604 56.497270
vn -86.612477 -0.003367 49.982785
vn -89.915522 -4.435322 43.537648
vn -93.962190 0.000918 34.221438
vn -95.474974 -3.013649 29.587957
vn -98.482044 -0.001769 17.357619
vn -99.344571 -0.760093 11.405198
vn -100.000000 -0.000000 -0.000000
vn -76.860166 -24.321536 59.169061
vn -80.094863 -21.783275 55.770081
vn -76.184336 -20.871696 61.321442
vn -83.510164 -11.492857 53.795601
vn -74.644114 -13.905624 65.076031
vn -90.417840 -9.297894 41.691286
vn -90.608417 -8.839836 41.375984
vn -94.422734 -5.261124 32.506429
vn -97.457114 -2.462108 22.272158
vn -100.000000 0.000000 0.000000
vn -16.081807 -31.807176 93.432751
vn -31.583731 -36.062957 87.760646
vn -45.798561 -38.881708 79.941883
vn -58.525466 -40.040717 70.508942
vn -20.059759 -42.842431 88.102964
vn -33.239904 -41.249216 84.815158
vn -47.072400 -43.566706 76.721127
vn -34.761501 -46.300150 81.534865
vn -28.556957 -72.357248 62.840504
vn -39.633979 -64.957538 64.881939
vn -38.592490 -60.572475 69.581570
vn -50.269916 -56.757453 65.203735
vn -30.383557 -79.983663 51.763435
vn -30.470226 -79.909722 51.826650
vn -40.566225 -69.013181 59.929644
vn -50.106430 -60.695187 61.688248
vn -66.330356 -24.112843 70.843875
vn -67.267776 -28.129347 68.438192
vn -55.161448 -26.878301 78.960570
vn -52.393973 -17.802483 83.294317
vn -64.198195 -16.022076 74.979230
vn -39.481400 -19.203296 89.846828
vn -74.233924 -30.376868 59.720771
vn -68.400158 -40.649412 60.572632
vn -65.427741 -42.860308 62.307340
vn -52.663310 -57.027249 63.043387
vn -54.060754 -55.228940 63.460217
vn -41.181814 -66.019498 62.813089
vn -58.845087 -50.987518 62.749731
vn -45.136644 -63.389302 62.805093
vn -68.310448 -44.653221 57.790766
vn -53.153212 -59.728004 60.060816
vn -74.490206 -42.083963 51.770159
vn -58.541655 -58.549451 56.078841
vn -79.909796 -40.752199 44.200484
vn -63.416399 -58.315207 50.771024
vn -84.312178 -40.558046 35.305829
vn -67.551699 -58.959857 44.277570
vn -80.916835 -50.287142 30.391925
vn -58.757687 -69.250127 41.856351
vn -55.383352 -67.931538 48.145514
vn -30.854897 -81.407171 49.202112
vn -28.914280 -80.245332 52.198191
vn -0.000000 -85.583956 51.724138
vn -0.000000 -85.583956 51.724138
vn -26.904247 -79.369388 54.558792
vn 0.000000 -85.583956 51.724138
vn 0.000000 -85.583956 51.724138
vn -24.611455 -78.853812 56.359140
vn -22.137800 -78.722205 57.556340
vn -47.605314 -66.796811 57.200700
vn -43.040071 -67.342590 60.104308
vn -35.716325 -69.856452 62.003389
vn -33.042980 -71.507257 61.602545
vn -36.324066 -69.692169 61.834972
vn -18.093362 -79.385383 58.056793
vn -18.543992 -79.319399 58.004770
vn -0.180770 -85.539741 51.796911
vn -0.000000 -85.583956 51.724138
vn -0.000000 -85.583956 51.724138
vn 0.000000 -85.583956 51.724138
vn -95.120846 -26.409171 15.955574
vn -95.198843 -19.246354 23.806685
vn -91.448444 -20.586165 34.833776
vn -86.414526 -23.279419 44.616123
vn -80.337998 -27.476618 52.828417
vn -70.562501 -36.820159 60.540973
vn -99.339434 -0.717329 11.452610
vn -97.450034 -2.457624 22.303608
vn -94.443962 -5.300492 32.438292
vn -90.382067 -9.271257 41.774703
vn -80.154220 -21.830296 55.666320
vn -51.783185 -67.009617 53.180945
vn -0.000000 -85.583956 51.724138
vn -30.901699 -81.395179 49.192578
vn -30.901699 -81.395179 49.192578
vn -58.778525 -69.238875 41.845707
vn -58.778525 -69.238875 41.845707
vn -80.901699 -50.304987 30.402685
vn -80.901699 -50.304987 30.402685
vn -95.105652 -26.446897 15.983638
vn -95.105652 -26.446897 15.983638
vn -100.000000 -0.000000 0.000000
vn -30.901699 81.395179 49.192578
vn 0.000000 78.256506 62.256881
vn -30.901699 74.426360 59.209812
vn 0.000000 69.640718 71.764688
vn -30.901699 66.232259 68.252274
vn 0.000000 59.878433 80.091031
vn -30.901699 56.947774 76.171097
vn 0.000000 49.130368 87.098834
vn -30.901699 46.725757 82.835914
vn 0.000000 37.573470 92.672727
vn -30.901699 35.734493 88.137001
vn 0.000000 25.397998 96.720948
vn -30.901699 24.154931 91.987087
vn 0.000000 12.804398 99.176849
vn -30.901699 12.177707 94.322789
vn 0.000000 -0.000000 100.000000
vn -30.901699 -0.000000 95.105652
vn 0.000000 -12.804398 99.176849
vn -30.901699 -12.177707 94.322789
vn 0.000000 -25.397998 96.720948
vn -30.901699 -24.154931 91.987087
vn 0.000000 -37.573470 92.672727
vn -30.901699 -35.734493 88.137001
vn 0.000000 -49.130368 87.098834
vn -30.901699 -46.725757 82.835914
vn 0.000000 -59.878433 80.091031
vn -30.901699 -56.947774 76.171097
vn 0.000000 -69.640718 71.764688
vn -30.901699 -66.232259 68.252274
vn 0.000000 -78.256506 62.256881
vn -30.901699 -74.426360 59.209812
vn -58.778525 -63.310843 50.366875
vn -80.901699 -45.998020 36.593676
vn -95.105652 -24.182590 19.238434
vn -100.000000 -0.000000 0.000000
vn -95.105652 -21.520165 22.176508
vn -100.000000 -0.000000 0.000000
vn -95.105652 -18.503453 24.749490
vn -100.000000 -0.000000 0.000000
vn -95.105652 -15.182119 26.915020
vn -100.000000 0.000000 -0.000000
vn -95.105652 -11.610841 28.637448
vn -100.000000 -0.000000 0.000000
vn -95.105652 -7.848413 29.888417
vn -100.000000 -0.000000 0.000000
vn -95.105652 -3.956777 30.647332
vn -100.000000 -0.000000 0.000000
vn -95.105652 -0.000000 30.901699
vn -100.000000 0.000000 0.000000
vn -95.105652 3.956777 30.647332
vn -100.000000 0.000000 0.000000
vn -95.105652 7.848413 29.888417
vn -100.000000 0.000000 0.000000
vn -95.105652 11.610841 28.637448
vn -100.000000 -0.000000 -0.000000
vn -95.105652 15.182119 26.915020
vn -100.000000 0.000000 0.000000
vn -95.105652 18.503453 24.749490
vn -100.000000 -0.000000 -0.000000
vn -95.105652 21.520165 22.176508
vn -100.000000 -0.000000 -0.000000
vn -95.105652 24.182590 19.238434
vn -100.000000 0.000000 0.000000
vn -95.105652 26.446897 15.983638
vn -80.901699 45.998020 36.593676
vn -80.901699 50.304987 30.402685
vn -58.778525 63.310843 50.366875
vn -58.778525 69.238875 41.845707
vn -80.901699 40.933787 42.182225
vn -80.901699 35.195660 47.076327
vn -80.901699 28.878106 51.195410
vn -80.901699 22.085131 54.471662
vn -80.901699 14.928569 56.851147
vn -80.901699 7.526237 58.294689
vn -80.901699 -0.000000 58.778525
vn -80.901699 -7.526237 58.294689
vn -80.901699 -14.928569 56.851147
vn -80.901699 -22.085131 54.471662
vn -80.901699 -28.878106 51.195410
vn -80.901699 -35.195660 47.076327
vn -80.901699 -40.933787 42.182225
vn -58.778525 56.340524 58.058852
vn -58.778525 48.442670 64.795005
vn -58.778525 39.747303 70.464437
vn -58.778525 30.397575 74.973811
vn -58.778525 20.547412 78.248890
vn -58.778525 10.358976 80.235756
vn -58.778525 -0.000000 80.901699
vn -58.778525 -10.358976 80.235756
vn -58.778525 -20.547412 78.248890
vn -58.778525 -30.397575 74.973811
vn -58.778525 -39.747303 70.464437
vn -58.778525 -48.442670 64.795005
vn -58.778525 -56.340524 58.058852
vn -30.901699 81.395179 49.192578
vn -58.778525 69.238875 41.845707
vn -80.901699 50.304987 30.402685
vn -95.105652 26.446897 15.983638
vn -100.000000 -0.000000 -0.000000
vn 0.000000 78.256506 62.256881
vn 0.000000 69.640718 71.764688
vn 0.000000 59.878433 80.091031
vn 0.000000 49.130368 87.098834
vn 0.000000 37.573470 92.672727
vn 0.000000 25.397998 96.720948
vn 0.000000 12.804398 99.176849
vn 0.000000 -0.000000 100.000000
vn 0.000000 -12.804398 99.176849
vn 0.000000 -25.397998 96.720948
vn 0.000000 -37.573470 92.672727
vn 0.000000 -49.130368 87.098834
vn 0.000000 -59.878433 80.091031
vn 0.000000 -69.640718 71.764688
vn 0.000000 -78.256506 62.256881
vn 0.000000 -85.583956 51.724138
vn 0.000000 -85.583956 51.724138
vn 0.000000 -85.583956 51.724138
vn 0.000000 -85.583956 51.724138
vn 0.000000 -85.583956 51.724138
vn 0.000000 -85.583956 51.724138
vn 0.000000 -85.583956 51.724138
vn 0.000000 -85.583956 51.724138
vn 0.000000 -85.583956 51.724138
vn 0.000000 -85.583956 51.724138
vn 0.000000 -85.583956 51.724138
vn 30.901699 81.395179 49.192578
vn 30.901699 81.395179 49.192578
vn 58.778525 69.238875 41.845707
vn 58.778525 69.238875 41.845707
vn 80.901699 50.304987 30.402685
vn 80.901699 50.304987 30.402685
vn 95.105652 26.446897 15.983638
vn 95.105652 26.446897 15.983638
vn 100.000000 -0.000000 -0.000000
vn 30.901699 -81.395179 49.192578
vn 30.901699 -74.426360 59.209812
vn 30.901699 -66.232259 68.252274
vn 30.901699 -56.947774 76.171097
vn 30.901699 -46.725757 82.835914
vn 30.901699 -35.734493 88.137001
vn 30.901699 -24.154931 91.987087
vn 30.901699 -12.177707 94.322789
vn 30.901699 -0.000000 95.105652
vn 30.901699 12.177707 94.322789
vn 30.901699 24.154931 91.987087
vn 30.901699 35.734493 88.137001
vn 30.901699 46.725757 82.835914
vn 30.901699 56.947774 76.171097
vn 30.901699 66.232259 68.252274
vn 30.901699 74.426360 59.209812
vn 58.778525 63.310843 50.366875
vn 80.901699 45.998020 36.593676
vn 95.105652 24.182590 19.238434
vn 100.000000 0.000000 0.000000
vn 95.105652 21.520165 22.176508
vn 100.000000 -0.000000 -0.000000
vn 95.105652 18.503453 24.749490
vn 100.000000 0.000000 0.000000
vn 95.105652 15.182119 26.915020
vn 100.000000 -0.000000 -0.000000
vn 95.105652 11.610841 28.637448
vn 100.000000 0.000000 0.000000
vn 95.105652 7.848413 29.888417
vn 100.000000 0.000000 0.000000
vn 95.105652 3.956777 30.647332
vn 100.000000 0.000000 0.000000
vn 95.105652 -0.000000 30.901699
vn 100.000000 -0.000000 0.000000
vn 95.105652 -3.956777 30.647332
vn 100.000000 -0.000000 0.000000
vn 95.105652 -7.848413 29.888417
vn 100.000000 -0.000000 0.000000
vn 95.105652 -11.610841 28.637448
vn 100.000000 -0.000000 0.000000
vn 95.105652 -15.182119 26.915020
vn 100.000000 -0.000000 0.000000
vn 95.105652 -18.503453 24.749490
vn 100.000000 -0.000000 0.000000
vn 95.105652 -21.520165 22.176508
vn 100.000000 -0.000000 0.000000
vn 95.105652 -24.182590 19.238434
vn 100.000000 -0.000000 0.000000
vn 95.105652 -26.446897 15.983638
vn 80.901699 -45.998020 36.593676
vn 80.901699 -50.304987 30.402685
vn 58.778525 -63.310843 50.366875
vn 58.778525 -69.238875 41.845707
vn 80.901699 -40.933787 42.182225
vn 80.901699 -35.195660 47.076327
vn 80.901699 -28.878106 51.195410
vn 80.901699 -22.085131 54.471662
vn 80.901699 -14.928569 56.851147
vn 80.901699 -7.526237 58.294689
vn 80.901699 -0.000000 58.778525
vn 80.901699 7.526237 58.294689
vn 80.901699 14.928569 56.851147
vn 80.901699 22.085131 54.471662
vn 80.901699 28.878106 51.195410
vn 80.901699 35.195660 47.076327
vn 80.901699 40.933787 42.182225
vn 58.778525 -56.340524 58.058852
vn 58.778525 -48.442670 64.795005
vn 58.778525 -39.747303 70.464437
vn 58.778525 -30.397575 74.973811
vn 58.778525 -20.547412 78.248890
vn 58.778525 -10.358976 80.235756
vn 58.778525 -0.000000 80.901699
vn 58.778525 10.358976 80.235756
vn 58.778525 20.547412 78.248890
vn 58.778525 30.397575 74.973811
vn 58.778525 39.747303 70.464437
vn 58.778525 48.442670 64.795005
vn 58.778525 56.340524 58.058852
vn 30.901699 -81.395179 49.192578
vn 58.778525 -69.238875 41.845707
vn 80.901699 -50.304987 30.402685
vn 95.105652 -26.446897 15.983638
vn 100.000000 0.000000 -0.000000
vn 14.608901 -81.135492 56.600459
vn 0.092597 -85.561422 51.761322
vn 18.071373 -79.432469 57.999210
vn 35.744182 -69.886130 61.953872
vn 28.223647 -74.408392 60.554249
vn 32.073968 -72.791720 60.602196
vn 16.882034 -81.074117 56.053407
vn 19.038955 -81.432381 54.829605
vn 20.958638 -82.221956 52.917724
vn 30.854897 -81.407171 49.202112
vn 45.437596 -72.974145 51.090107
vn 58.757687 -69.250127 41.856351
vn 66.723827 -58.760024 45.773251
vn 77.204143 -48.439353 41.147897
vn 71.429218 -48.551881 50.404183
vn 86.383138 -27.599907 42.144970
vn 79.363100 -31.390010 52.116846
vn 90.430670 -9.344447 41.653034
vn 71.176658 -37.386055 59.465673
vn 80.055690 -21.748412 55.839887
vn 64.254180 -44.514502 62.368738
vn 74.332764 -30.509957 59.529679
vn 68.405060 -40.661414 60.559039
vn 52.643943 -57.001191 63.083116
vn 50.712580 -58.461954 63.327989
vn 42.753374 -64.962828 62.864775
vn 48.255848 -61.625259 62.239060
vn 36.906022 -71.912007 58.877915
vn 94.416469 -5.249566 32.526489
vn 97.441529 -2.449166 22.341664
vn 91.852890 -25.965530 29.813383
vn 99.343906 -0.753415 11.411433
vn 95.120846 -26.409171 15.955574
vn 100.000000 0.000000 -0.000000
vn 80.916835 -50.287142 30.391925
vn 56.932650 -53.905975 62.071082
vn 64.544648 -50.380770 57.408766
vn 55.069382 -59.239471 58.805172
vn 41.444972 -71.962950 55.710396
vn 61.341684 -58.273557 53.304694
vn 68.407055 40.636672 60.573391
vn 68.912431 35.783409 63.012891
vn 67.403274 41.154313 61.344285
vn 59.463521 44.161318 67.185323
vn 60.318132 48.143486 63.591884
vn 48.239760 48.115483 73.197171
vn 49.304315 52.515669 69.362735
vn 36.158377 51.216565 77.906580
vn 37.433693 55.977876 73.926964
vn 23.434651 53.406636 81.231449
vn 26.258815 63.356652 72.776434
vn 74.263304 30.412089 59.666293
vn 68.126499 32.021046 65.828814
vn 57.500234 35.787500 73.572943
vn 56.381202 31.396791 76.389800
vn 44.409936 34.057077 82.872632
vn 42.899061 29.108793 85.512272
vn 29.785659 30.764317 90.367977
vn 25.733092 20.200090 94.497430
vn 11.440721 20.765514 97.148872
vn 6.095144 10.101119 99.301645
vn 21.037548 9.895267 97.259988
vn 0.000000 0.000000 100.000000
vn 17.357619 -0.000047 98.482044
vn 35.501822 9.461924 93.005874
vn 34.221438 0.005879 93.962190
vn 49.158089 8.817326 86.635657
vn 49.982785 -0.002590 86.612477
vn 61.696554 7.968490 78.294561
vn 64.298088 0.005392 76.588223
vn 72.831875 6.941424 68.171363
vn 76.588223 -0.002407 64.298088
vn 82.310182 5.752604 56.497270
vn 86.612477 0.003367 49.982785
vn 89.915522 4.435322 43.537648
vn 93.962190 -0.000918 34.221438
vn 95.474974 3.013649 29.587957
vn 98.482044 0.001769 17.357619
vn 99.344571 0.760093 11.405198
vn 76.860166 24.321536 59.169061
vn 80.094863 21.783275 55.770081
vn 76.184336 20.871696 61.321442
vn 83.510164 11.492857 53.795601
vn 74.644114 13.905624 65.076031
vn 90.417840 9.297894 41.691286
vn 90.608417 8.839836 41.375984
vn 94.422734 5.261124 32.506429
vn 97.457114 2.462108 22.272158
vn 100.000000 0.000000 0.000000
vn 16.081807 31.807176 93.432751
vn 31.583731 36.062957 87.760646
vn 45.798561 38.881708 79.941883
vn 58.525466 40.040717 70.508942
vn 20.059759 42.842431 88.102964
vn 33.239904 41.249216 84.815158
vn 47.072400 43.566706 76.721127
vn 34.761501 46.300150 81.534865
vn 28.556957 72.357248 62.840504
vn 39.633979 64.957538 64.881939
vn 38.592490 60.572475 69.581570
vn 50.269916 56.757453 65.203735
vn 30.383557 79.983663 51.763435
vn 30.470226 79.909722 51.826650
vn 40.566225 69.013181 59.929644
vn 50.106431 60.695186 61.688248
vn 66.330356 24.112843 70.843875
vn 67.267776 28.129347 68.438192
vn 55.161448 26.878301 78.960570
vn 52.393973 17.802483 83.294317
vn 64.198195 16.022076 74.979230
vn 39.481400 19.203296 89.846828
vn 98.480775 0.000000 17.364818
vn 98.480775 0.000000 17.364818
vn 93.969262 0.000000 34.202014
vn 93.969262 0.000000 34.202014
vn 86.602540 0.000000 50.000000
vn 86.602540 0.000000 50.000000
vn 76.604444 0.000000 64.278761
vn 76.604444 0.000000 64.278761
vn 64.278761 0.000000 76.604444
vn 64.278761 0.000000 76.604444
vn 50.000000 0.000000 86.602540
vn 50.000000 0.000000 86.602540
vn 34.202014 0.000000 93.969262
vn 34.202014 0.000000 93.969262
vn 17.364818 0.000000 98.480775
vn 17.364818 0.000000 98.480775
vn 17.364818 0.000000 98.480775
vn 34.202014 0.000000 93.969262
vn 50.000000 0.000000 86.602540
vn 64.278761 0.000000 76.604444
vn 76.604444 0.000000 64.278761
vn 86.602540 0.000000 50.000000
vn 93.969262 0.000000 34.202014
vn 98.480775 0.000000 17.364818
vn 100.000000 0.000000 0.000000
vn 100.000000 0.000000 0.000000
vn 100.000000 0.000000 0.000000
vn 100.000000 0.000000 0.000000
vn 100.000000 0.000000 0.000000
vn 100.000000 0.000000 0.000000
vn 100.000000 0.000000 0.000000
vn 100.000000 0.000000 0.000000
vn 100.000000 0.000000 0.000000
vn 100.000000 0.000000 0.000000
vn 100.000000 0.000000 0.000000
vn 100.000000 0.000000 0.000000
vn 100.000000 0.000000 0.000000
vn 100.000000 0.000000 0.000000
vn 100.000000 0.000000 0.000000
vn 100.000000 0.000000 0.000000
vn 100.000000 0.000000 0.000000
vn 100.000000 0.000000 0.000000
vn 100.000000 0.000000 0.000000
vn 100.000000 0.000000 0.000000
vn 100.000000 0.000000 0.000000
vn 100.000000 0.000000 0.000000
vn 100.000000 0.000000 0.000000
vn 100.000000 0.000000 0.000000
vn 100.000000 0.000000 0.000000
vn 100.000000 0.000000 0.000000
vn 100.000000 0.000000 0.000000
vn -100.000000 0.000000 0.000000
vn -98.480775 0.000000 17.364818
vn -98.480775 0.000000 17.364818
vn -93.969262 0.000000 34.202014
vn -93.969262 0.000000 34.202014
vn -86.602540 0.000000 50.000000
vn -86.602540 0.000000 50.000000
vn -76.604444 0.000000 64.278761
vn -76.604444 0.000000 64.278761
vn -64.278761 0.000000 76.604444
vn -64.278761 0.000000 76.604444
vn -50.000000 0.000000 86.602540
vn -50.000000 0.000000 86.602540
vn -34.202014 0.000000 93.969262
vn -34.202014 0.000000 93.969262
vn -17.364818 0.000000 98.480775
vn -17.364818 0.000000 98.480775
vn 0.000000 0.000000 100.000000
vn -17.364818 0.000000 98.480775
vn -34.202014 0.000000 93.969262
vn -50.000000 0.000000 86.602540
vn -64.278761 0.000000 76.604444
vn -76.604444 0.000000 64.278761
vn -86.602540 0.000000 50.000000
vn -93.969262 0.000000 34.202014
vn -98.480775 0.000000 17.364818
vn -74.262797 30.411507 59.667221
vn -68.407055 40.636672 60.573391
vn -68.912431 35.783409 63.012891
vn -67.403274 41.154313 61.344285
vn -59.463521 44.161318 67.185323
vn -60.318132 48.143486 63.591884
vn -48.239760 48.115483 73.197171
vn -49.304315 52.515669 69.362735
vn -36.158377 51.216565 77.906580
vn -37.433693 55.977876 73.926964
vn -23.434651 53.406636 81.231449
vn -26.258815 63.356652 72.776434
vn -38.592490 60.572475 69.581570
vn -39.633979 64.957538 64.881939
vn -50.054713 60.750555 61.675731
vn -40.566225 69.013181 59.929644
vn -30.470226 79.909722 51.826650
vn -28.556957 72.357248 62.840504
vn -30.383557 79.983663 51.763435
vn -50.269916 56.757454 65.203735
vn -34.761501 46.300150 81.534865
vn -20.059759 42.842431 88.102964
vn -33.239904 41.249215 84.815158
vn -31.583731 36.062957 87.760646
vn -44.409936 34.057077 82.872632
vn -29.785659 30.764317 90.367977
vn -42.899061 29.108793 85.512272
vn -25.733092 20.200090 94.497430
vn -39.481400 19.203296 89.846828
vn -21.037548 9.895267 97.259988
vn -35.501822 9.461924 93.005874
vn -34.221438 0.005879 93.962190
vn -49.982785 -0.002590 86.612477
vn -16.081807 31.807176 93.432751
vn -11.440721 20.765514 97.148872
vn -6.095144 10.101119 99.301645
vn -17.357619 -0.000047 98.482044
vn -64.298088 0.005392 76.588223
vn -61.696554 7.968490 78.294561
vn -49.158089 8.817326 86.635657
vn -52.393973 17.802483 83.294317
vn -55.161448 26.878301 78.960570
vn -56.381202 31.396791 76.389800
vn -45.798561 38.881708 79.941883
vn -47.072400 43.566706 76.721127
vn -72.831875 6.941424 68.171363
vn -76.588223 -0.002407 64.298088
vn -82.310182 5.752604 56.497270
vn -86.612477 0.003367 49.982785
vn -89.915522 4.435322 43.537648
vn -93.962190 -0.000918 34.221438
vn -95.474974 3.013649 29.587957
vn -98.482044 0.001769 17.357619
vn -99.342993 0.761424 11.418844
vn -100.000000 0.000000 0.000000
vn -97.452390 2.465887 22.292400
vn -94.422576 5.261465 32.506832
vn -90.608417 8.839836 41.375984
vn -83.510164 11.492857 53.795601
vn -74.644114 13.905624 65.076031
vn -64.198195 16.022076 74.979230
vn -90.418555 9.297190 41.689893
vn -80.097677 21.779076 55.767679
vn -76.184336 20.871696 61.321442
vn -76.860166 24.321536 59.169061
vn -68.126499 32.021046 65.828814
vn -57.500234 35.787500 73.572943
vn -58.525466 40.040717 70.508942
vn -67.267776 28.129347 68.438192
vn -66.330356 24.112843 70.843875
vn -100.000000 0.000000 0.000000
vn -100.000000 0.000000 0.000000
vn -100.000000 0.000000 0.000000
vn -100.000000 0.000000 0.000000
vn -100.000000 0.000000 0.000000
vn -100.000000 0.000000 0.000000
vn -100.000000 0.000000 0.000000
vn -100.000000 0.000000 0.000000
vn -100.000000 0.000000 0.000000
vn -100.000000 0.000000 0.000000
vn -100.000000 0.000000 0.000000
vn -100.000000 0.000000 0.000000
vn -100.000000 0.000000 0.000000
vn -100.000000 0.000000 0.000000
vn -100.000000 0.000000 0.000000
vn -100.000000 0.000000 0.000000
vn -100.000000 0.000000 0.000000
vn -100.000000 0.000000 0.000000
vn -100.000000 0.000000 0.000000
vn -100.000000 0.000000 0.000000
vn -100.000000 0.000000 0.000000
vn -100.000000 0.000000 0.000000
vn -100.000000 0.000000 0.000000
vn -100.000000 0.000000 0.000000
vn -100.000000 0.000000 0.000000
vn -100.000000 0.000000 0.000000
vn -100.000000 0.000000 0.000000
vn 0.000000 -0.000000 100.000000
vn 10.197825 -13.646637 98.538184
vn 6.103389 -10.076348 99.303655
vn 8.887843 -14.533842 98.538184
vn 11.449661 -20.800452 97.140344
vn 17.515838 -28.642768 94.195474
vn 16.082028 -31.815712 93.429807
vn 25.631734 -41.914285 87.098834
vn 21.632793 -44.111397 87.098834
vn 27.850022 -56.788941 77.455745
vn 23.442155 -53.433392 81.211686
vn 26.258868 -63.361879 72.771864
vn 20.065914 -42.811298 88.116694
vn 33.253019 -67.806185 65.548135
vn 28.564295 -72.312336 62.888847
vn 37.683821 -76.841026 51.724138
vn 30.392737 -80.005594 51.724138
vn 39.400024 -64.428877 65.548135
vn 44.649883 -73.013708 51.724138
vn 45.207205 -60.495873 65.548135
vn 51.230843 -68.556650 51.724138
vn 50.624477 -56.041096 65.548135
vn 57.369939 -63.508296 51.724138
vn 55.605115 -51.102967 65.548135
vn 63.014223 -57.912186 51.724138
vn 60.106162 -45.724078 65.548135
vn 68.115013 -51.816586 51.724138
vn 64.088797 -39.950821 65.548135
vn 72.628314 -45.274072 51.724138
vn 67.518670 -33.832991 65.548135
vn 76.515200 -38.341070 51.724138
vn 70.366198 -27.423353 65.548135
vn 79.742147 -31.077380 51.724138
vn 72.606821 -20.777190 65.548135
vn 82.281322 -23.545648 51.724138
vn 74.221214 -13.951825 65.548135
vn 84.110826 -15.810837 51.724138
vn 75.195454 -7.006126 65.548135
vn 85.214878 -7.939658 51.724138
vn 75.521136 -0.000000 65.548135
vn 85.583956 -0.000000 51.724138
vn 75.195454 7.006126 65.548135
vn 85.214878 7.939658 51.724138
vn 74.221214 13.951825 65.548135
vn 84.110826 15.810837 51.724138
vn 72.606821 20.777190 65.548135
vn 82.281322 23.545648 51.724138
vn 70.366198 27.423353 65.548135
vn 79.742147 31.077380 51.724138
vn 67.518670 33.832991 65.548135
vn 76.515200 38.341070 51.724138
vn 64.088797 39.950821 65.548135
vn 72.628314 45.274072 51.724138
vn 60.106162 45.724078 65.548135
vn 68.115013 51.816586 51.724138
vn 55.605115 51.102967 65.548135
vn 63.014223 57.912186 51.724138
vn 50.624477 56.041096 65.548135
vn 57.369939 63.508296 51.724138
vn 45.207205 60.495873 65.548135
vn 51.230843 68.556650 51.724138
vn 39.400024 64.428877 65.548135
vn 44.649883 73.013708 51.724138
vn 33.253019 67.806185 65.548135
vn 37.683821 76.841026 51.724138
vn 28.564295 72.312336 62.888847
vn 30.392737 80.005594 51.724138
vn 26.258868 63.361879 72.771864
vn 27.850022 56.788941 77.455745
vn 32.998253 53.960383 77.455745
vn 37.861875 50.666419 77.455745
vn 42.398941 46.935460 77.455745
vn 46.570318 42.799685 77.455745
vn 50.340029 38.294766 77.455745
vn 53.675560 33.459556 77.455745
vn 56.548142 28.335759 77.455745
vn 58.932999 22.967568 77.455745
vn 60.809563 17.401283 77.455745
vn 62.161647 11.684913 77.455745
vn 62.977591 5.867761 77.455745
vn 63.250356 -0.000000 77.455745
vn 62.977591 -5.867761 77.455745
vn 62.161647 -11.684913 77.455745
vn 60.809563 -17.401283 77.455745
vn 58.932999 -22.967568 77.455745
vn 56.548142 -28.335759 77.455745
vn 53.675560 -33.459556 77.455745
vn 50.340029 -38.294766 77.455745
vn 46.570318 -42.799685 77.455745
vn 42.398941 -46.935460 77.455745
vn 37.861875 -50.666419 77.455745
vn 32.998253 -53.960383 77.455745
vn 23.442155 53.433392 81.211686
vn 21.632793 44.111397 87.098834
vn 25.631734 41.914285 87.098834
vn 29.409603 39.355665 87.098834
vn 32.933816 36.457604 87.098834
vn 36.173976 33.245098 87.098834
vn 39.102138 29.745855 87.098834
vn 41.693046 25.990056 87.098834
vn 43.924354 22.010094 87.098834
vn 45.776817 17.840296 87.098834
vn 47.234457 13.516627 87.098834
vn 48.284702 9.076377 87.098834
vn 48.918495 4.557844 87.098834
vn 49.130368 -0.000000 87.098834
vn 48.918495 -4.557844 87.098834
vn 48.284702 -9.076377 87.098834
vn 47.234457 -13.516627 87.098834
vn 45.776817 -17.840296 87.098834
vn 43.924354 -22.010094 87.098834
vn 41.693046 -25.990056 87.098834
vn 39.102138 -29.745855 87.098834
vn 36.173976 -33.245098 87.098834
vn 32.933816 -36.457604 87.098834
vn 29.409603 -39.355665 87.098834
vn 20.065914 42.811298 88.116694
vn 16.082028 31.815712 93.429807
vn 17.515838 28.642768 94.195474
vn 20.097502 26.894296 94.195474
vn 22.505827 24.913862 94.195474
vn 24.720040 22.718547 94.195474
vn 26.721044 20.327285 94.195474
vn 28.491581 17.760703 94.195474
vn 30.016380 15.040935 94.195474
vn 31.282288 12.191439 94.195474
vn 32.278389 9.236794 94.195474
vn 32.996090 6.202481 94.195474
vn 33.429202 3.114672 94.195474
vn 33.573989 -0.000000 94.195474
vn 33.429202 -3.114672 94.195474
vn 32.996090 -6.202481 94.195474
vn 32.278389 -9.236794 94.195474
vn 31.282288 -12.191439 94.195474
vn 30.016380 -15.040935 94.195474
vn 28.491581 -17.760703 94.195474
vn 26.721044 -20.327285 94.195474
vn 24.720040 -22.718547 94.195474
vn 22.505827 -24.913862 94.195474
vn 20.097502 -26.894296 94.195474
vn 11.449661 20.800452 97.140344
vn 8.887843 14.533842 98.538184
vn 10.197825 13.646637 98.538184
vn 11.419851 12.641730 98.538184
vn 12.543381 11.527788 98.538184
vn 13.558726 10.314421 98.538184
vn 14.457127 9.012091 98.538184
vn 15.230837 7.632034 98.538184
vn 15.873181 6.186150 98.538184
vn 16.378620 4.686911 98.538184
vn 16.742794 3.147248 98.538184
vn 16.962563 1.580439 98.538184
vn 17.036030 -0.000000 98.538184
vn 16.962563 -1.580439 98.538184
vn 16.742794 -3.147248 98.538184
vn 16.378620 -4.686911 98.538184
vn 15.873181 -6.186150 98.538184
vn 15.230837 -7.632034 98.538184
vn 14.457127 -9.012091 98.538184
vn 13.558726 -10.314421 98.538184
vn 12.543381 -11.527788 98.538184
vn 11.419851 -12.641730 98.538184
vn 6.103389 10.076348 99.303655
vn 0.000000 0.000000 100.000000
vn 0.000000 0.000000 100.000000
vn 0.000000 0.000000 100.000000
vn 0.000000 0.000000 100.000000
vn 0.000000 0.000000 100.000000
vn 0.000000 0.000000 100.000000
vn 0.000000 0.000000 100.000000
vn -0.000000 -0.000000 100.000000
vn 0.000000 0.000000 100.000000
vn 0.000000 -0.000000 100.000000
vn -0.000000 0.000000 100.000000
vn 0.000000 -0.000000 100.000000
vn 0.000000 -0.000000 100.000000
vn 0.000000 -0.000000 100.000000
vn 0.000000 -0.000000 100.000000
vn 0.000000 -0.000000 100.000000
vn 0.000000 -0.000000 100.000000
vn -0.000000 0.000000 100.000000
vn -10.197825 13.646637 98.538184
vn -6.103389 10.076348 99.303655
vn -8.887843 14.533842 98.538184
vn -11.449661 20.800452 97.140344
vn -17.515838 28.642768 94.195474
vn -16.082028 31.815712 93.429807
vn -25.631734 41.914285 87.098834
vn -21.632793 44.111397 87.098834
vn -27.850022 56.788941 77.455745
vn -23.442155 53.433392 81.211686
vn -26.258868 63.361879 72.771864
vn -20.065914 42.811298 88.116694
vn -33.253019 67.806185 65.548135
vn -28.564295 72.312336 62.888847
vn -37.683821 76.841026 51.724138
vn -30.392737 80.005594 51.724138
vn -39.400024 64.428877 65.548135
vn -44.649883 73.013708 51.724138
vn -45.207205 60.495873 65.548135
vn -51.230843 68.556650 51.724138
vn -50.624477 56.041096 65.548135
vn -57.369939 63.508296 51.724138
vn -55.605115 51.102967 65.548135
vn -63.014223 57.912186 51.724138
vn -60.106162 45.724078 65.548135
vn -68.115013 51.816586 51.724138
vn -64.088797 39.950821 65.548135
vn -72.628314 45.274072 51.724138
vn -67.518670 33.832991 65.548135
vn -76.515200 38.341070 51.724138
vn -70.366198 27.423353 65.548135
vn -79.742147 31.077380 51.724138
vn -72.606821 20.777190 65.548135
vn -82.281322 23.545648 51.724138
vn -74.221214 13.951825 65.548135
vn -84.110826 15.810837 51.724138
vn -75.195454 7.006126 65.548135
vn -85.214878 7.939658 51.724138
vn -75.521136 -0.000000 65.548135
vn -85.583956 -0.000000 51.724138
vn -75.195454 -7.006126 65.548135
vn -85.214878 -7.939658 51.724138
vn -74.221214 -13.951825 65.548135
vn -84.110826 -15.810837 51.724138
vn -72.606821 -20.777190 65.548135
vn -82.281322 -23.545648 51.724138
vn -70.366198 -27.423353 65.548135
vn -79.742147 -31.077380 51.724138
vn -67.518670 -33.832991 65.548135
vn -76.515200 -38.341070 51.724138
vn -64.088797 -39.950821 65.548135
vn -72.628314 -45.274072 51.724138
vn -60.106162 -45.724078 65.548135
vn -68.115013 -51.816586 51.724138
vn -55.605115 -51.102967 65.548135
vn -63.014223 -57.912186 51.724138
vn -50.624477 -56.041096 65.548135
vn -57.369939 -63.508296 51.724138
vn -45.207205 -60.495873 65.548135
vn -51.230843 -68.556650 51.724138
vn -39.400024 -64.428877 65.548135
vn -44.649883 -73.013708 51.724138
vn -33.253019 -67.806185 65.548135
vn -37.683821 -76.841026 51.724138
vn -28.564295 -72.312336 62.888847
vn -30.392737 -80.005594 51.724138
vn -26.258868 -63.361879 72.771864
vn -27.850022 -56.788941 77.455745
vn -32.998253 -53.960383 77.455745
vn -37.861875 -50.666419 77.455745
vn -42.398941 -46.935460 77.455745
vn -46.570318 -42.799685 77.455745
vn -50.340029 -38.294766 77.455745
vn -53.675560 -33.459556 77.455745
vn -56.548142 -28.335759 77.455745
vn -58.932999 -22.967568 77.455745
vn -60.809563 -17.401283 77.455745
vn -62.161647 -11.684913 77.455745
vn -62.977591 -5.867761 77.455745
vn -63.250356 -0.000000 77.455745
vn -62.977591 5.867761 77.455745
vn -62.161647 11.684913 77.455745
vn -60.809563 17.401283 77.455745
vn -58.932999 22.967568 77.455745
vn -56.548142 28.335759 77.455745
vn -53.675560 33.459556 77.455745
vn -50.340029 38.294766 77.455745
vn -46.570318 42.799685 77.455745
vn -42.398941 46.935460 77.455745
vn -37.861875 50.666419 77.455745
vn -32.998253 53.960383 77.455745
vn -23.442155 -53.433392 81.211686
vn -21.632793 -44.111397 87.098834
vn -25.631734 -41.914285 87.098834
vn -29.409603 -39.355665 87.098834
vn -32.933816 -36.457604 87.098834
vn -36.173976 -33.245098 87.098834
vn -39.102138 -29.745855 87.098834
vn -41.693046 -25.990056 87.098834
vn -43.924354 -22.010094 87.098834
vn -45.776817 -17.840296 87.098834
vn -47.234457 -13.516627 87.098834
vn -48.284702 -9.076377 87.098834
vn -48.918495 -4.557844 87.098834
vn -49.130368 -0.000000 87.098834
vn -48.918495 4.557844 87.098834
vn -48.284702 9.076377 87.098834
vn -47.234457 13.516627 87.098834
vn -45.776817 17.840296 87.098834
vn -43.924354 22.010094 87.098834
vn -41.693046 25.990056 87.098834
vn -39.102138 29.745855 87.098834
vn -36.173976 33.245098 87.098834
vn -32.933816 36.457604 87.098834
vn -29.409603 39.355665 87.098834
vn -20.065914 -42.811298 88.116694
vn -16.082028 -31.815712 93.429807
vn -17.515838 -28.642768 94.195474
vn -20.097502 -26.894296 94.195474
vn -22.505827 -24.913862 94.195474
vn -24.720040 -22.718547 94.195474
vn -26.721044 -20.327285 94.195474
vn -28.491581 -17.760703 94.195474
vn -30.016380 -15.040935 94.195474
vn -31.282288 -12.191439 94.195474
vn -32.278389 -9.236794 94.195474
vn -32.996090 -6.202481 94.195474
vn -33.429202 -3.114672 94.195474
vn -33.573989 -0.000000 94.195474
vn -33.429202 3.114672 94.195474
vn -32.996090 6.202481 94.195474
vn -32.278389 9.236794 94.195474
vn -31.282288 12.191439 94.195474
vn -30.016380 15.040935 94.195474
vn -28.491581 17.760703 94.195474
vn -26.721044 20.327285 94.195474
vn -24.720040 22.718547 94.195474
vn -22.505827 24.913862 94.195474
vn -20.097502 26.894296 94.195474
vn -11.449661 -20.800452 97.140344
vn -8.887843 -14.533842 98.538184
vn -10.197825 -13.646637 98.538184
vn -11.419851 -12.641730 98.538184
vn -12.543381 -11.527788 98.538184
vn -13.558726 -10.314421 98.538184
vn -14.457127 -9.012091 98.538184
vn -15.230837 -7.632034 98.538184
vn -15.873181 -6.186150 98.538184
vn -16.378620 -4.686911 98.538184
vn -16.742794 -3.147248 98.538184
vn -16.962563 -1.580439 98.538184
vn -17.036030 -0.000000 98.538184
vn -16.962563 1.580439 98.538184
vn -16.742794 3.147248 98.538184
vn -16.378620 4.686911 98.538184
vn -15.873181 6.186150 98.538184
vn -15.230837 7.632034 98.538184
vn -14.457127 9.012091 98.538184
vn -13.558726 10.314421 98.538184
vn -12.543381 11.527788 98.538184
vn -11.419851 12.641730 98.538184
vn -6.103389 -10.076348 99.303655
vn -0.000000 -0.000000 100.000000
vn -0.000000 -0.000000 100.000000
vn -0.000000 -0.000000 100.000000
vn -0.000000 -0.000000 100.000000
vn -0.000000 -0.000000 100.000000
vn -0.000000 -0.000000 100.000000
vn -0.000000 -0.000000 100.000000
vn 0.000000 0.000000 100.000000
vn -0.000000 -0.000000 100.000000
vn -0.000000 0.000000 100.000000
vn 0.000000 -0.000000 100.000000
vn -0.000000 0.000000 100.000000
vn -0.000000 0.000000 100.000000
vn -0.000000 0.000000 100.000000
vn -0.000000 0.000000 100.000000
vn -0.000000 0.000000 100.000000
vn -0.000000 0.000000 100.000000
vn 0.000000 97.304487 -23.061587
vn 0.000000 97.304487 -23.061587
vn 0.000000 100.000000 -0.000000
vn 0.000000 100.000000 -0.000000
vn 0.000000 97.304487 23.061587
vn 0.000000 97.304487 23.061587
vn 0.000000 89.363264 44.879918
vn 0.000000 89.363264 44.879918
vn 0.000000 76.604444 64.278761
vn 0.000000 76.604444 64.278761
vn 0.000000 59.715859 80.212319
vn 0.000000 59.715859 80.212319
vn 0.000000 39.607977 91.821611
vn 0.000000 39.607977 91.821611
vn 0.000000 17.364818 98.480775
vn 0.000000 17.364818 98.480775
vn 0.000000 -5.814483 99.830816
vn 0.000000 -5.814483 99.830816
vn 0.000000 -28.680323 95.798951
vn 0.000000 -28.680323 95.798951
vn 0.000000 -50.000000 86.602540
vn 0.000000 -50.000000 86.602540
vn 0.000000 -68.624164 72.737364
vn 0.000000 -68.624164 72.737364
vn 0.000000 -83.548781 54.950898
vn 0.000000 -83.548781 54.950898
vn 0.000000 -93.969262 34.202014
vn 0.000000 -93.969262 34.202014
vn 0.000000 -99.323836 11.609291
vn 0.000000 -99.323836 11.609291
vn 0.000000 -99.323836 -11.609291
vn 0.000000 -99.323836 -11.609291
vn 0.000000 -93.969262 -34.202014
vn 0.000000 -93.969262 -34.202014
vn 0.000000 -83.548781 -54.950898
vn 0.000000 -83.548781 -54.950898
vn 0.000000 -68.624164 -72.737364
vn 0.000000 -68.624164 -72.737364
vn 0.000000 -50.000000 -86.602540
vn 0.000000 -50.000000 -86.602540
vn 0.000000 -28.680323 -95.798951
vn 0.000000 -28.680323 -95.798951
vn 0.000000 -5.814483 -99.830816
vn 0.000000 -5.814483 -99.830816
vn 0.000000 17.364818 -98.480775
vn 0.000000 17.364818 -98.480775
vn 0.000000 39.607977 -91.821611
vn 0.000000 39.607977 -91.821611
vn 0.000000 59.715859 -80.212319
vn 0.000000 59.715859 -80.212319
vn 0.000000 76.604444 -64.278761
vn 0.000000 76.604444 -64.278761
vn 0.000000 89.363264 -44.879918
vn 0.000000 89.363264 -44.879918
vn 27.015566 -81.208206 51.724138
vn 23.957940 -82.162222 51.724138
vn 22.411399 -82.597474 51.724138
vn 16.091924 -84.057501 51.724138
vn 16.100470 -84.055865 51.724138
vn 9.697319 -85.032791 51.724138
vn 8.082080 -85.201488 51.724138
vn 3.238623 -85.522657 51.724138
vn -3.238623 -85.522657 51.724138
vn -8.082080 -85.201488 51.724138
vn -9.697319 -85.032791 51.724138
vn -16.091924 -84.057501 51.724138
vn -16.100470 -84.055865 51.724138
vn -22.411399 -82.597474 51.724138
vn -23.957940 -82.162222 51.724138
vn -27.006486 -81.211226 51.724138
vn -28.593957 -80.665973 51.724138
vn -30.378194 -80.011117 51.724138
vn -34.612731 -78.272424 51.724138
vn -40.433247 -75.430538 51.724138
vn -46.022165 -72.156593 51.724138
vn -51.347473 -68.469341 51.724138
vn -56.378666 -64.389903 51.724138
vn -61.086928 -59.941645 51.724138
vn -65.445289 -55.150047 51.724138
vn -69.428786 -50.042555 51.724138
vn -73.014600 -44.648423 51.724138
vn -76.182194 -38.998550 51.724138
vn -78.913423 -33.125296 51.724138
vn -81.192643 -27.062303 51.724138
vn -83.006799 -20.844300 51.724138
vn -84.345500 -14.506903 51.724138
vn -85.201077 -8.086411 51.724138
vn -85.568630 -1.619602 51.724138
vn -85.446054 4.856485 51.724138
vn -84.834050 11.304754 51.724138
vn -83.736125 17.688271 51.724138
vn -82.158567 23.970470 51.724138
vn -80.110412 30.115369 51.724138
vn -77.603392 36.087770 51.724138
vn -74.651866 41.853464 51.724138
vn -71.272742 47.379424 51.724138
vn -67.485373 52.634000 51.724138
vn -63.311455 57.587093 51.724138
vn -58.774894 62.210332 51.724138
vn -53.901676 66.477236 51.724138
vn -48.719714 70.363364 51.724138
vn -43.258690 73.846457 51.724138
vn -37.549884 76.906565 51.724138
vn -31.625996 79.526159 51.724138
vn -30.378194 80.011117 51.724138
vn -27.015565 81.208207 51.724138
vn -25.520957 81.690234 51.724138
vn -23.957940 82.162222 51.724138
vn -19.269736 83.386395 51.724138
vn -16.091924 84.057501 51.724138
vn -12.908140 84.604926 51.724138
vn -8.082080 85.201488 51.724138
vn -6.472607 85.338848 51.724138
vn 0.000000 85.583956 51.724138
vn 6.472607 85.338848 51.724138
vn 8.082080 85.201488 51.724138
vn 12.908140 84.604926 51.724138
vn 16.091924 84.057501 51.724138
vn 19.269736 83.386395 51.724138
vn 23.957940 82.162222 51.724138
vn 25.520957 81.690234 51.724138
vn 27.006486 81.211226 51.724138
vn 30.378194 80.011117 51.724138
vn 31.625996 79.526159 51.724138
vn 43.258690 73.846457 51.724138
vn 37.549884 76.906565 51.724138
vn 48.719714 70.363364 51.724138
vn 53.901676 66.477236 51.724138
vn 58.774894 62.210332 51.724138
vn 63.311455 57.587093 51.724138
vn 67.485373 52.634000 51.724138
vn 71.272742 47.379424 51.724138
vn 74.651866 41.853464 51.724138
vn 77.603392 36.087770 51.724138
vn 80.110412 30.115369 51.724138
vn 82.158567 23.970470 51.724138
vn 83.736125 17.688271 51.724138
vn 84.834050 11.304754 51.724138
vn 85.446054 4.856485 51.724138
vn 85.568630 -1.619602 51.724138
vn 85.201077 -8.086411 51.724138
vn 84.345500 -14.506903 51.724138
vn 83.006799 -20.844300 51.724138
vn 81.192643 -27.062303 51.724138
vn 78.913423 -33.125296 51.724138
vn 76.182194 -38.998550 51.724138
vn 73.014600 -44.648423 51.724138
vn 69.428786 -50.042555 51.724138
vn 65.445289 -55.150047 51.724138
vn 61.086928 -59.941645 51.724138
vn 56.378666 -64.389903 51.724138
vn 51.347473 -68.469341 51.724138
vn 46.022165 -72.156593 51.724138
vn 40.433247 -75.430538 51.724138
vn 34.612731 -78.272424 51.724138
vn 28.593957 -80.665973 51.724138
vn 30.378194 -80.011117 51.724138
vn 3.102920 88.856014 45.770958
vn -3.102920 88.856014 45.770958
vn -9.293644 88.423117 45.770958
vn -15.439090 87.559430 45.770958
vn -21.509318 86.269164 45.770958
vn -27.474755 84.558602 45.770958
vn -33.306338 82.436080 45.770958
vn -39.008176 79.896067 45.770958
vn -44.455088 76.998471 45.770958
vn -45.911463 79.520987 39.604925
vn -49.717939 73.709876 45.770958
vn -51.346729 76.124656 39.604925
vn -54.738570 70.062175 45.770958
vn -56.531839 72.357454 39.604925
vn -59.492520 66.073137 45.770958
vn -61.441531 68.237733 39.604925
vn -63.956628 61.762198 45.770958
vn -66.051886 63.785565 39.604925
vn -68.109146 57.150359 45.770958
vn -70.340443 59.022640 39.604925
vn -71.929843 52.260090 45.770958
vn -74.286308 53.972162 39.604925
vn -75.400105 47.115215 45.770958
vn -77.870258 48.658738 39.604925
vn -78.503026 41.740799 45.770958
vn -81.074832 43.108253 39.604925
vn -81.223487 36.163026 45.770958
vn -83.884418 37.347749 39.604925
vn -83.548236 30.409071 45.770958
vn -86.285327 31.405291 39.604925
vn -85.465946 24.506966 45.770958
vn -88.265862 25.309829 39.604925
vn -86.967275 18.485465 45.770958
vn -89.816376 19.091060 39.604925
vn -88.044908 12.373905 45.770958
vn -90.929312 12.779281 39.604925
vn -88.693595 6.202060 45.770958
vn -91.599251 6.405244 39.604925
vn -88.910176 0.000000 45.770958
vn -91.822927 0.000000 39.604925
vn -88.693595 -6.202060 45.770958
vn -91.599251 -6.405244 39.604925
vn -88.044908 -12.373905 45.770958
vn -90.929312 -12.779281 39.604925
vn -86.967275 -18.485465 45.770958
vn -89.816376 -19.091060 39.604925
vn -85.465946 -24.506966 45.770958
vn -88.265862 -25.309829 39.604925
vn -83.548236 -30.409071 45.770958
vn -86.285327 -31.405291 39.604925
vn -81.223487 -36.163026 45.770958
vn -83.884418 -37.347749 39.604925
vn -78.503026 -41.740799 45.770958
vn -81.074832 -43.108253 39.604925
vn -75.400105 -47.115215 45.770958
vn -77.870258 -48.658738 39.604925
vn -71.929843 -52.260090 45.770958
vn -74.286308 -53.972162 39.604925
vn -68.109146 -57.150359 45.770958
vn -70.340443 -59.022640 39.604925
vn -63.956628 -61.762198 45.770958
vn -66.051886 -63.785565 39.604925
vn -59.492520 -66.073137 45.770958
vn -61.441531 -68.237733 39.604925
vn -54.738570 -70.062175 45.770958
vn -56.531839 -72.357454 39.604925
vn -49.717939 -73.709876 45.770958
vn -51.346729 -76.124656 39.604925
vn -44.455088 -76.998471 45.770958
vn -45.911463 -79.520987 39.604925
vn -38.975656 -79.911937 45.770958
vn -40.252522 -82.529900 39.604925
vn -33.306338 -82.436080 45.770958
vn -34.397474 -85.136735 39.604925
vn -27.474755 -84.558602 45.770958
vn -28.374845 -87.328793 39.604925
vn -21.509318 -86.269164 45.770958
vn -22.213977 -89.095394 39.604925
vn -15.439090 -87.559430 45.770958
vn -15.944884 -90.427930 39.604925
vn -9.293644 -88.423117 45.770958
vn -9.598109 -91.319911 39.604925
vn -3.102920 -88.856014 45.770958
vn -3.204574 -91.766991 39.604925
vn 3.102920 -88.856014 45.770958
vn 3.204574 -91.766991 39.604925
vn 9.293644 -88.423117 45.770958
vn 9.598109 -91.319911 39.604925
vn 15.439090 -87.559430 45.770958
vn 15.944884 -90.427930 39.604925
vn 21.509318 -86.269164 45.770958
vn 22.213977 -89.095394 39.604925
vn 27.474755 -84.558602 45.770958
vn 28.374845 -87.328793 39.604925
vn 33.306338 -82.436080 45.770958
vn 34.397474 -85.136735 39.604925
vn 38.975656 -79.911937 45.770958
vn 40.252522 -82.529900 39.604925
vn 44.455088 -76.998471 45.770958
vn 45.911463 -79.520987 39.604925
vn 49.717939 -73.709876 45.770958
vn 51.346729 -76.124656 39.604925
vn 54.738570 -70.062175 45.770958
vn 56.531839 -72.357454 39.604925
vn 59.492520 -66.073137 45.770958
vn 61.441531 -68.237733 39.604925
vn 63.956628 -61.762198 45.770958
vn 66.051886 -63.785565 39.604925
vn 68.109146 -57.150359 45.770958
vn 70.340443 -59.022640 39.604925
vn 71.929843 -52.260090 45.770958
vn 74.286308 -53.972162 39.604925
vn 75.400105 -47.115215 45.770958
vn 77.870258 -48.658738 39.604925
vn 78.503026 -41.740799 45.770958
vn 81.074832 -43.108253 39.604925
vn 81.223487 -36.163026 45.770958
vn 83.884418 -37.347749 39.604925
vn 83.548236 -30.409071 45.770958
vn 86.285327 -31.405291 39.604925
vn 85.465946 -24.506966 45.770958
vn 88.265862 -25.309829 39.604925
vn 86.967275 -18.485465 45.770958
vn 89.816376 -19.091060 39.604925
vn 88.044908 -12.373905 45.770958
vn 90.929312 -12.779281 39.604925
vn 88.693595 -6.202060 45.770958
vn 91.599251 -6.405244 39.604925
vn 88.910176 0.000000 45.770958
vn 91.822927 0.000000 39.604925
vn 88.693595 6.202060 45.770958
vn 91.599251 6.405244 39.604925
vn 88.044908 12.373905 45.770958
vn 90.929312 12.779281 39.604925
vn 86.967275 18.485465 45.770958
vn 89.816376 19.091060 39.604925
vn 85.465946 24.506966 45.770958
vn 88.265862 25.309829 39.604925
vn 83.548236 30.409071 45.770958
vn 86.285327 31.405291 39.604925
vn 81.223487 36.163026 45.770958
vn 83.884418 37.347749 39.604925
vn 78.503026 41.740799 45.770958
vn 81.074832 43.108253 39.604925
vn 75.400105 47.115215 45.770958
vn 77.870258 48.658738 39.604925
vn 71.929843 52.260090 45.770958
vn 74.286308 53.972162 39.604925
vn 68.109146 57.150359 45.770958
vn 70.340443 59.022640 39.604925
vn 63.956628 61.762198 45.770958
vn 66.051886 63.785565 39.604925
vn 59.492520 66.073137 45.770958
vn 61.441531 68.237733 39.604925
vn 54.738570 70.062175 45.770958
vn 56.531839 72.357454 39.604925
vn 49.717939 73.709876 45.770958
vn 51.346729 76.124656 39.604925
vn 44.455088 76.998471 45.770958
vn 45.911463 79.520987 39.604925
vn 39.008176 79.896067 45.770958
vn 40.284988 82.514057 39.604925
vn 33.306338 82.436080 45.770958
vn 34.397474 85.136735 39.604925
vn 27.474755 84.558602 45.770958
vn 28.374845 87.328793 39.604925
vn 21.509318 86.269164 45.770958
vn 22.213977 89.095394 39.604925
vn 15.439090 87.559430 45.770958
vn 15.944884 90.427930 39.604925
vn 9.293644 88.423117 45.770958
vn 9.598109 91.319911 39.604925
vn 3.204574 91.766991 39.604925
vn -3.204574 91.766991 39.604925
vn -9.598109 91.319911 39.604925
vn -15.944884 90.427930 39.604925
vn -22.213977 89.095394 39.604925
vn -28.374845 87.328793 39.604925
vn -34.397474 85.136735 39.604925
vn -40.284988 82.514057 39.604925
vn -41.374393 84.748355 33.254713
vn -47.154332 81.673699 33.254713
vn -48.177913 83.446594 26.749853
vn -52.736736 78.185426 33.254713
vn -53.881495 79.882601 26.749853
vn -58.062211 74.316241 33.254713
vn -59.322571 75.929428 26.749853
vn -63.104813 70.084996 33.254713
vn -64.474633 71.606334 26.749853
vn -67.839975 65.512303 33.254713
vn -69.312581 66.934382 26.749853
vn -72.244628 60.620441 33.254713
vn -73.812846 61.936332 26.749853
vn -76.297312 55.433242 33.254713
vn -77.953502 56.636534 26.749853
vn -79.978283 49.975978 33.254713
vn -81.714376 51.060809 26.749853
vn -83.269608 44.275236 33.254713
vn -85.077145 45.236321 26.749853
vn -86.155251 38.358789 33.254713
vn -88.025428 39.191446 26.749853
vn -88.621155 32.255463 33.254713
vn -90.544860 32.955634 26.749853
vn -90.655306 25.994991 33.254713
vn -92.623166 26.559265 26.749853
vn -92.247793 19.607874 33.254713
vn -94.250221 20.033503 26.749853
vn -93.390858 13.125229 33.254713
vn -95.418099 13.410139 26.749853
vn -94.078933 6.578640 33.254713
vn -96.121109 6.721443 26.749853
vn -94.308664 0.000000 33.254713
vn -96.355827 0.000000 26.749853
vn -94.078933 -6.578640 33.254713
vn -96.121109 -6.721443 26.749853
vn -93.390858 -13.125229 33.254713
vn -95.418099 -13.410139 26.749853
vn -92.247793 -19.607874 33.254713
vn -94.250221 -20.033503 26.749853
vn -90.655306 -25.994991 33.254713
vn -92.623166 -26.559265 26.749853
vn -88.621155 -32.255463 33.254713
vn -90.544860 -32.955634 26.749853
vn -86.155251 -38.358789 33.254713
vn -88.025428 -39.191446 26.749853
vn -83.269608 -44.275236 33.254713
vn -85.077145 -45.236321 26.749853
vn -79.978283 -49.975978 33.254713
vn -81.714376 -51.060809 26.749853
vn -76.297312 -55.433242 33.254713
vn -77.953502 -56.636534 26.749853
vn -72.244628 -60.620441 33.254713
vn -73.812846 -61.936332 26.749853
vn -67.839975 -65.512303 33.254713
vn -69.312581 -66.934382 26.749853
vn -63.104813 -70.084996 33.254713
vn -64.474633 -71.606334 26.749853
vn -58.062211 -74.316241 33.254713
vn -59.322571 -75.929428 26.749853
vn -52.736736 -78.185426 33.254713
vn -53.881495 -79.882601 26.749853
vn -47.154332 -81.673699 33.254713
vn -48.177913 -83.446594 26.749853
vn -41.342197 -84.764066 33.254713
vn -42.239614 -86.604044 26.749853
vn -35.328647 -87.441470 33.254713
vn -36.095528 -89.339567 26.749853
vn -29.142980 -89.692869 33.254713
vn -29.775588 -91.639837 26.749853
vn -22.815331 -91.507293 33.254713
vn -23.310584 -93.493647 26.749853
vn -16.376528 -92.875903 33.254713
vn -16.732014 -94.891965 26.749853
vn -9.857940 -93.792031 33.254713
vn -10.071927 -95.827980 26.749853
vn -3.291325 -94.251214 33.254713
vn -3.362770 -96.297130 26.749853
vn 3.291325 -94.251214 33.254713
vn 3.362770 -96.297130 26.749853
vn 9.857940 -93.792031 33.254713
vn 10.071927 -95.827980 26.749853
vn 16.376528 -92.875903 33.254713
vn 16.732014 -94.891965 26.749853
vn 22.815331 -91.507293 33.254713
vn 23.310584 -93.493647 26.749853
vn 29.142980 -89.692869 33.254713
vn 29.775588 -91.639837 26.749853
vn 35.328647 -87.441470 33.254713
vn 36.095528 -89.339567 26.749853
vn 41.342197 -84.764066 33.254713
vn 42.239614 -86.604044 26.749853
vn 47.154332 -81.673699 33.254713
vn 48.177913 -83.446594 26.749853
vn 52.736736 -78.185426 33.254713
vn 53.881495 -79.882601 26.749853
vn 58.062211 -74.316241 33.254713
vn 59.322571 -75.929428 26.749853
vn 63.104813 -70.084996 33.254713
vn 64.474633 -71.606334 26.749853
vn 67.839975 -65.512303 33.254713
vn 69.312581 -66.934382 26.749853
vn 72.244628 -60.620441 33.254713
vn 73.812846 -61.936332 26.749853
vn 76.297312 -55.433242 33.254713
vn 77.953502 -56.636534 26.749853
vn 79.978283 -49.975978 33.254713
vn 81.714376 -51.060809 26.749853
vn 83.269608 -44.275236 33.254713
vn 85.077145 -45.236321 26.749853
vn 86.155251 -38.358789 33.254713
vn 88.025428 -39.191446 26.749853
vn 88.621155 -32.255463 33.254713
vn 90.544860 -32.955634 26.749853
vn 90.655306 -25.994991 33.254713
vn 92.623166 -26.559265 26.749853
vn 92.247793 -19.607874 33.254713
vn 94.250221 -20.033503 26.749853
vn 93.390858 -13.125229 33.254713
vn 95.418099 -13.410139 26.749853
vn 94.078933 -6.578640 33.254713
vn 96.121109 -6.721443 26.749853
vn 94.308664 0.000000 33.254713
vn 96.355827 0.000000 26.749853
vn 94.078933 6.578640 33.254713
vn 96.121109 6.721443 26.749853
vn 93.390858 13.125229 33.254713
vn 95.418099 13.410139 26.749853
vn 92.247793 19.607874 33.254713
vn 94.250221 20.033503 26.749853
vn 90.655306 25.994991 33.254713
vn 92.623166 26.559265 26.749853
vn 88.621155 32.255463 33.254713
vn 90.544860 32.955634 26.749853
vn 86.155251 38.358789 33.254713
vn 88.025428 39.191446 26.749853
vn 83.269608 44.275236 33.254713
vn 85.077145 45.236321 26.749853
vn 79.978283 49.975978 33.254713
vn 81.714376 51.060809 26.749853
vn 76.297312 55.433242 33.254713
vn 77.953502 56.636534 26.749853
vn 72.244628 60.620441 33.254713
vn 73.812846 61.936332 26.749853
vn 67.839975 65.512303 33.254713
vn 69.312581 66.934382 26.749853
vn 63.104813 70.084996 33.254713
vn 64.474633 71.606334 26.749853
vn 58.062211 74.316241 33.254713
vn 59.322571 75.929428 26.749853
vn 52.736736 78.185426 33.254713
vn 53.881495 79.882601 26.749853
vn 47.154332 81.673699 33.254713
vn 48.177913 83.446594 26.749853
vn 41.374393 84.748355 33.254713
vn 42.271334 86.588566 26.749853
vn 35.328647 87.441470 33.254713
vn 36.095528 89.339567 26.749853
vn 29.142980 89.692869 33.254713
vn 29.775588 91.639837 26.749853
vn 22.815331 91.507293 33.254713
vn 23.310584 93.493647 26.749853
vn 16.376528 92.875903 33.254713
vn 16.732014 94.891965 26.749853
vn 9.857940 93.792031 33.254713
vn 10.071927 95.827980 26.749853
vn 3.291325 94.251214 33.254713
vn 3.362770 96.297130 26.749853
vn -3.291325 94.251214 33.254713
vn -3.362770 96.297130 26.749853
vn -9.857940 93.792031 33.254713
vn -10.071927 95.827980 26.749853
vn -16.376528 92.875903 33.254713
vn -16.732014 94.891965 26.749853
vn -22.815331 91.507293 33.254713
vn -23.310584 93.493647 26.749853
vn -29.142980 89.692869 33.254713
vn -29.775588 91.639837 26.749853
vn -35.328647 87.441470 33.254713
vn -36.095528 89.339567 26.749853
vn -42.271334 86.588566 26.749853
vn -42.971652 88.026126 20.120595
vn -48.977448 84.831428 20.120595
vn -49.549218 85.821762 13.397768
vn -54.775683 81.208289 20.120595
vn -55.415142 82.156326 13.397768
vn -60.307056 77.189512 20.120595
vn -61.011089 78.090632 13.397768
vn -65.544619 72.794674 20.120595
vn -66.309796 73.644489 13.397768
vn -70.462855 68.045189 20.120595
vn -71.285448 68.839557 13.397768
vn -75.037804 62.964194 20.120595
vn -75.913805 63.699246 13.397768
vn -79.247176 57.576443 20.120595
vn -80.172318 58.248599 13.397768
vn -83.070463 51.908186 20.120595
vn -84.040239 52.514170 13.397768
vn -86.489040 45.987038 20.120595
vn -87.498725 46.523897 13.397768
vn -89.486250 39.841846 20.120595
vn -90.530925 40.306965 13.397768
vn -92.047493 33.502548 20.120595
vn -93.122068 33.893661 13.397768
vn -94.160290 27.000029 20.120595
vn -95.259530 27.315231 13.397768
vn -95.814347 20.365968 20.120595
vn -96.932896 20.603723 13.397768
vn -97.001606 13.632687 20.120595
vn -98.134016 13.791837 13.397768
vn -97.716283 6.832988 20.120595
vn -98.857036 6.912757 13.397768
vn -97.954896 0.000000 20.120595
vn -99.098435 0.000000 13.397768
vn -97.716283 -6.832988 20.120595
vn -98.857036 -6.912757 13.397768
vn -97.001606 -13.632687 20.120595
vn -98.134016 -13.791837 13.397768
vn -95.814347 -20.365968 20.120595
vn -96.932896 -20.603723 13.397768
vn -94.160290 -27.000029 20.120595
vn -95.259530 -27.315231 13.397768
vn -92.047493 -33.502548 20.120595
vn -93.122068 -33.893661 13.397768
vn -89.486250 -39.841846 20.120595
vn -90.530925 -40.306965 13.397768
vn -86.489040 -45.987038 20.120595
vn -87.498725 -46.523897 13.397768
vn -83.070463 -51.908186 20.120595
vn -84.040239 -52.514170 13.397768
vn -79.247176 -57.576443 20.120595
vn -80.172318 -58.248599 13.397768
vn -75.037804 -62.964194 20.120595
vn -75.913805 -63.699246 13.397768
vn -70.462855 -68.045189 20.120595
vn -71.285448 -68.839557 13.397768
vn -65.544619 -72.794674 20.120595
vn -66.309796 -73.644489 13.397768
vn -60.307056 -77.189512 20.120595
vn -61.011089 -78.090632 13.397768
vn -54.775683 -81.208289 20.120595
vn -55.415142 -82.156326 13.397768
vn -48.977448 -84.831428 20.120595
vn -49.549218 -85.821762 13.397768
vn -42.940600 -88.041277 20.120595
vn -43.441895 -89.069083 13.397768
vn -36.694550 -90.822198 20.120595
vn -37.122927 -91.882469 13.397768
vn -30.269728 -93.160642 20.120595
vn -30.623101 -94.248212 13.397768
vn -23.697434 -95.045217 20.120595
vn -23.974081 -96.154788 13.397768
vn -17.009689 -96.466741 20.120595
vn -17.208263 -97.592907 13.397768
vn -10.239075 -97.418289 20.120595
vn -10.358607 -98.555563 13.397768
vn -3.418577 -97.895225 20.120595
vn -3.458486 -99.038067 13.397768
vn 3.418577 -97.895225 20.120595
vn 3.458486 -99.038067 13.397768
vn 10.239075 -97.418289 20.120595
vn 10.358607 -98.555563 13.397768
vn 17.009689 -96.466741 20.120595
vn 17.208263 -97.592907 13.397768
vn 23.697434 -95.045217 20.120595
vn 23.974081 -96.154788 13.397768
vn 30.269728 -93.160642 20.120595
vn 30.623101 -94.248212 13.397768
vn 36.694550 -90.822198 20.120595
vn 37.122927 -91.882469 13.397768
vn 42.940600 -88.041277 20.120595
vn 43.441895 -89.069083 13.397768
vn 48.977448 -84.831428 20.120595
vn 49.549218 -85.821762 13.397768
vn 54.775683 -81.208289 20.120595
vn 55.415142 -82.156326 13.397768
vn 60.307056 -77.189512 20.120595
vn 61.011089 -78.090632 13.397768
vn 65.544619 -72.794674 20.120595
vn 66.309796 -73.644489 13.397768
vn 70.462855 -68.045189 20.120595
vn 71.285448 -68.839557 13.397768
vn 75.037804 -62.964194 20.120595
vn 75.913805 -63.699246 13.397768
vn 79.247176 -57.576443 20.120595
vn 80.172318 -58.248599 13.397768
vn 83.070463 -51.908186 20.120595
vn 84.040239 -52.514170 13.397768
vn 86.489040 -45.987038 20.120595
vn 87.498725 -46.523897 13.397768
vn 89.486250 -39.841846 20.120595
vn 90.530925 -40.306965 13.397768
vn 92.047493 -33.502548 20.120595
vn 93.122068 -33.893661 13.397768
vn 94.160290 -27.000029 20.120595
vn 95.259530 -27.315231 13.397768
vn 95.814347 -20.365968 20.120595
vn 96.932896 -20.603723 13.397768
vn 97.001606 -13.632687 20.120595
vn 98.134016 -13.791837 13.397768
vn 97.716283 -6.832988 20.120595
vn 98.857036 -6.912757 13.397768
vn 97.954896 0.000000 20.120595
vn 99.098435 0.000000 13.397768
vn 97.716283 6.832988 20.120595
vn 98.857036 6.912757 13.397768
vn 97.001606 13.632687 20.120595
vn 98.134016 13.791837 13.397768
vn 95.814347 20.365968 20.120595
vn 96.932896 20.603723 13.397768
vn 94.160290 27.000029 20.120595
vn 95.259530 27.315231 13.397768
vn 92.047493 33.502548 20.120595
vn 93.122068 33.893661 13.397768
vn 89.486250 39.841846 20.120595
vn 90.530925 40.306965 13.397768
vn 86.489040 45.987038 20.120595
vn 87.498725 46.523897 13.397768
vn 83.070463 51.908186 20.120595
vn 84.040239 52.514170 13.397768
vn 79.247176 57.576443 20.120595
vn 80.172318 58.248599 13.397768
vn 75.037804 62.964194 20.120595
vn 75.913805 63.699246 13.397768
vn 70.462855 68.045189 20.120595
vn 71.285448 68.839557 13.397768
vn 65.544619 72.794674 20.120595
vn 66.309796 73.644489 13.397768
vn 60.307056 77.189512 20.120595
vn 61.011089 78.090632 13.397768
vn 54.775683 81.208289 20.120595
vn 55.415142 82.156326 13.397768
vn 48.977448 84.831428 20.120595
vn 49.549218 85.821762 13.397768
vn 42.971652 88.026126 20.120595
vn 43.472101 89.054344 13.397768
vn 36.694550 90.822198 20.120595
vn 37.122927 91.882469 13.397768
vn 30.269728 93.160642 20.120595
vn 30.623101 94.248212 13.397768
vn 23.697434 95.045217 20.120595
vn 23.974081 96.154788 13.397768
vn 17.009689 96.466741 20.120595
vn 17.208263 97.592907 13.397768
vn 10.239075 97.418289 20.120595
vn 10.358607 98.555563 13.397768
vn 3.418577 97.895225 20.120595
vn 3.458486 99.038067 13.397768
vn -3.418577 97.895225 20.120595
vn -3.458486 99.038067 13.397768
vn -10.239075 97.418289 20.120595
vn -10.358607 98.555563 13.397768
vn -17.009689 96.466741 20.120595
vn -17.208263 97.592907 13.397768
vn -23.697434 95.045217 20.120595
vn -23.974081 96.154788 13.397768
vn -30.269728 93.160642 20.120595
vn -30.623101 94.248212 13.397768
vn -36.694550 90.822198 20.120595
vn -37.122927 91.882469 13.397768
vn -43.472101 89.054344 13.397768
vn -43.770365 89.668435 6.612635
vn -49.890563 86.412990 6.612635
vn -49.999897 86.602362 -0.203248
vn -55.796897 82.722302 6.612635
vn -55.919175 82.903586 -0.203248
vn -61.431395 78.628600 6.612635
vn -61.566020 78.800913 -0.203248
vn -66.766605 74.151827 6.612635
vn -66.912922 74.314329 -0.203248
vn -71.776535 69.313794 6.612635
vn -71.933831 69.465694 -0.203248
vn -76.436777 64.138071 6.612635
vn -76.604286 64.278628 -0.203248
vn -80.724626 58.649874 6.612635
vn -80.901532 58.778404 -0.203248
vn -84.619194 52.875941 6.612635
vn -84.804634 52.991817 -0.203248
vn -88.101505 46.844401 6.612635
vn -88.294577 46.947059 -0.203248
vn -91.154594 40.584640 6.612635
vn -91.354357 40.673580 -0.203248
vn -93.763588 34.127155 6.612635
vn -93.969068 34.201944 -0.203248
vn -95.915774 27.503406 6.612635
vn -96.125971 27.563679 -0.203248
vn -97.600669 20.745663 6.612635
vn -97.814558 20.791126 -0.203248
vn -98.810063 13.886849 6.612635
vn -99.026602 13.917281 -0.203248
vn -99.538064 6.960379 6.612635
vn -99.756199 6.975633 -0.203248
vn -99.781126 0.000000 6.612635
vn -99.999793 0.000000 -0.203248
vn -99.538064 -6.960379 6.612635
vn -99.756199 -6.975633 -0.203248
vn -98.810063 -13.886849 6.612635
vn -99.026602 -13.917281 -0.203248
vn -97.600669 -20.745663 6.612635
vn -97.814558 -20.791126 -0.203248
vn -95.915774 -27.503406 6.612635
vn -96.125971 -27.563679 -0.203248
vn -93.763588 -34.127155 6.612635
vn -93.969068 -34.201944 -0.203248
vn -91.154594 -40.584640 6.612635
vn -91.354357 -40.673580 -0.203248
vn -88.101505 -46.844401 6.612635
vn -88.294577 -46.947059 -0.203248
vn -84.619194 -52.875941 6.612635
vn -84.804634 -52.991817 -0.203248
vn -80.724626 -58.649874 6.612635
vn -80.901532 -58.778404 -0.203248
vn -76.436777 -64.138071 6.612635
vn -76.604286 -64.278628 -0.203248
vn -71.776535 -69.313794 6.612635
vn -71.933831 -69.465694 -0.203248
vn -66.766605 -74.151827 6.612635
vn -66.912922 -74.314329 -0.203248
vn -61.431395 -78.628600 6.612635
vn -61.566020 -78.800913 -0.203248
vn -55.796897 -82.722302 6.612635
vn -55.919175 -82.903586 -0.203248
vn -49.890563 -86.412990 6.612635
vn -49.999897 -86.602362 -0.203248
vn -43.741167 -89.682682 6.612635
vn -43.837024 -89.879219 -0.203248
vn -37.378668 -92.515449 6.612635
vn -37.460582 -92.718194 -0.203248
vn -30.834064 -94.897490 6.612635
vn -30.901636 -95.105455 -0.203248
vn -24.139239 -96.817200 6.612635
vn -24.192140 -97.029372 -0.203248
vn -17.326811 -98.265226 6.612635
vn -17.364782 -98.480572 -0.203248
vn -10.429968 -99.234514 6.612635
vn -10.452825 -99.451984 -0.203248
vn -3.482311 -99.720342 6.612635
vn -3.489942 -99.938876 -0.203248
vn 3.482311 -99.720342 6.612635
vn 3.489942 -99.938876 -0.203248
vn 10.429968 -99.234514 6.612635
vn 10.452825 -99.451984 -0.203248
vn 17.326811 -98.265226 6.612635
vn 17.364782 -98.480572 -0.203248
vn 24.139239 -96.817200 6.612635
vn 24.192140 -97.029372 -0.203248
vn 30.834064 -94.897490 6.612635
vn 30.901636 -95.105455 -0.203248
vn 37.378668 -92.515449 6.612635
vn 37.460582 -92.718194 -0.203248
vn 43.741167 -89.682682 6.612635
vn 43.837024 -89.879219 -0.203248
vn 49.890563 -86.412990 6.612635
vn 49.999897 -86.602362 -0.203248
vn 55.796897 -82.722302 6.612635
vn 55.919175 -82.903586 -0.203248
vn 61.431395 -78.628600 6.612635
vn 61.566020 -78.800913 -0.203248
vn 66.766605 -74.151827 6.612635
vn 66.912922 -74.314329 -0.203248
vn 71.776535 -69.313794 6.612635
vn 71.933831 -69.465694 -0.203248
vn 76.436777 -64.138071 6.612635
vn 76.604286 -64.278628 -0.203248
vn 80.724626 -58.649874 6.612635
vn 80.901532 -58.778404 -0.203248
vn 84.619194 -52.875941 6.612635
vn 84.804634 -52.991817 -0.203248
vn 88.101505 -46.844401 6.612635
vn 88.294577 -46.947059 -0.203248
vn 91.154594 -40.584640 6.612635
vn 91.354357 -40.673580 -0.203248
vn 93.763588 -34.127155 6.612635
vn 93.969068 -34.201944 -0.203248
vn 95.915774 -27.503406 6.612635
vn 96.125971 -27.563679 -0.203248
vn 97.600669 -20.745663 6.612635
vn 97.814558 -20.791126 -0.203248
vn 98.810063 -13.886849 6.612635
vn 99.026602 -13.917281 -0.203248
vn 99.538064 -6.960379 6.612635
vn 99.756199 -6.975633 -0.203248
vn 99.781126 0.000000 6.612635
vn 99.999793 0.000000 -0.203248
vn 99.538064 6.960379 6.612635
vn 99.756199 6.975633 -0.203248
vn 98.810063 13.886849 6.612635
vn 99.026602 13.917281 -0.203248
vn 97.600669 20.745663 6.612635
vn 97.814558 20.791126 -0.203248
vn 95.915774 27.503406 6.612635
vn 96.125971 27.563679 -0.203248
vn 93.763588 34.127155 6.612635
vn 93.969068 34.201944 -0.203248
vn 91.154594 40.584640 6.612635
vn 91.354357 40.673580 -0.203248
vn 88.101505 46.844401 6.612635
vn 88.294577 46.947059 -0.203248
vn 84.619194 52.875941 6.612635
vn 84.804634 52.991817 -0.203248
vn 80.724626 58.649874 6.612635
vn 80.901532 58.778404 -0.203248
vn 76.436777 64.138071 6.612635
vn 76.604286 64.278628 -0.203248
vn 71.776535 69.313794 6.612635
vn 71.933831 69.465694 -0.203248
vn 66.766605 74.151827 6.612635
vn 66.912922 74.314329 -0.203248
vn 61.431395 78.628600 6.612635
vn 61.566020 78.800913 -0.203248
vn 55.796897 82.722302 6.612635
vn 55.919175 82.903586 -0.203248
vn 49.890563 86.412990 6.612635
vn 49.999897 86.602362 -0.203248
vn 43.770365 89.668435 6.612635
vn 43.865067 89.865536 -0.203248
vn 37.378668 92.515449 6.612635
vn 37.460582 92.718194 -0.203248
vn 30.834064 94.897490 6.612635
vn 30.901636 95.105455 -0.203248
vn 24.139239 96.817200 6.612635
vn 24.192140 97.029372 -0.203248
vn 17.326811 98.265226 6.612635
vn 17.364782 98.480572 -0.203248
vn 10.429968 99.234514 6.612635
vn 10.452825 99.451984 -0.203248
vn 3.482311 99.720342 6.612635
vn 3.489942 99.938876 -0.203248
vn -3.482311 99.720342 6.612635
vn -3.489942 99.938876 -0.203248
vn -10.429968 99.234514 6.612635
vn -10.452825 99.451984 -0.203248
vn -17.326811 98.265226 6.612635
vn -17.364782 98.480572 -0.203248
vn -24.139239 96.817200 6.612635
vn -24.192140 97.029372 -0.203248
vn -30.834064 94.897490 6.612635
vn -30.901636 95.105455 -0.203248
vn -37.378668 92.515449 6.612635
vn -37.460582 92.718194 -0.203248
vn -43.865067 89.865536 -0.203248
vn -43.755779 89.644726 -7.018186
vn -49.876711 86.388997 -7.018186
vn -49.521577 85.773888 -13.800487
vn -55.781405 82.699334 -7.018186
vn -55.384229 82.110497 -13.800487
vn -61.414339 78.606769 -7.018186
vn -60.977055 78.047071 -13.800487
vn -66.748067 74.131239 -7.018186
vn -66.272806 73.603408 -13.800487
vn -71.756606 69.294549 -7.018186
vn -71.245683 68.801157 -13.800487
vn -76.415554 64.120263 -7.018186
vn -75.871459 63.663713 -13.800487
vn -80.702213 58.633590 -7.018186
vn -80.127596 58.216106 -13.800487
vn -84.595699 52.861260 -7.018186
vn -83.993359 52.484876 -13.800487
vn -88.077043 46.831395 -7.018186
vn -87.449915 46.497945 -13.800487
vn -91.129285 40.573372 -7.018186
vn -90.480424 40.284480 -13.800487
vn -93.737554 34.117679 -7.018186
vn -93.070122 33.874754 -13.800487
vn -95.889143 27.495769 -7.018186
vn -95.206391 27.299993 -13.800487
vn -97.573570 20.739902 -7.018186
vn -96.878824 20.592230 -13.800487
vn -98.782628 13.882993 -7.018186
vn -98.079274 13.784143 -13.800487
vn -99.510427 6.958447 -7.018186
vn -98.801891 6.908901 -13.800487
vn -99.753421 0.000000 -7.018186
vn -99.043155 0.000000 -13.800487
vn -99.510427 -6.958447 -7.018186
vn -98.801891 -6.908901 -13.800487
vn -98.782628 -13.882993 -7.018186
vn -98.079274 -13.784143 -13.800487
vn -97.573570 -20.739902 -7.018186
vn -96.878824 -20.592230 -13.800487
vn -95.889143 -27.495769 -7.018186
vn -95.206391 -27.299993 -13.800487
vn -93.737554 -34.117679 -7.018186
vn -93.070122 -33.874754 -13.800487
vn -91.129285 -40.573372 -7.018186
vn -90.480424 -40.284480 -13.800487
vn -88.077043 -46.831395 -7.018186
vn -87.449915 -46.497945 -13.800487
vn -84.595699 -52.861260 -7.018186
vn -83.993359 -52.484876 -13.800487
vn -80.702213 -58.633590 -7.018186
vn -80.127596 -58.216106 -13.800487
vn -76.415554 -64.120263 -7.018186
vn -75.871459 -63.663713 -13.800487
vn -71.756606 -69.294549 -7.018186
vn -71.245683 -68.801157 -13.800487
vn -66.748067 -74.131239 -7.018186
vn -66.272806 -73.603408 -13.800487
vn -61.414339 -78.606769 -7.018186
vn -60.977055 -78.047071 -13.800487
vn -55.781405 -82.699334 -7.018186
vn -55.384229 -82.110497 -13.800487
vn -49.876711 -86.388997 -7.018186
vn -49.521577 -85.773888 -13.800487
vn -43.729022 -89.657781 -7.018186
vn -43.417661 -89.019398 -13.800487
vn -37.368289 -92.489762 -7.018186
vn -37.102219 -91.831214 -13.800487
vn -30.825502 -94.871141 -7.018186
vn -30.606018 -94.195638 -13.800487
vn -24.132537 -96.790318 -7.018186
vn -23.960708 -96.101150 -13.800487
vn -17.322000 -98.237943 -7.018186
vn -17.198663 -97.538467 -13.800487
vn -10.427072 -99.206962 -7.018186
vn -10.352829 -98.500586 -13.800487
vn -3.481344 -99.692654 -7.018186
vn -3.456556 -98.982821 -13.800487
vn 3.481344 -99.692654 -7.018186
vn 3.456556 -98.982821 -13.800487
vn 10.427072 -99.206962 -7.018186
vn 10.352829 -98.500586 -13.800487
vn 17.322000 -98.237943 -7.018186
vn 17.198663 -97.538467 -13.800487
vn 24.132537 -96.790318 -7.018186
vn 23.960708 -96.101150 -13.800487
vn 30.825502 -94.871141 -7.018186
vn 30.606018 -94.195638 -13.800487
vn 37.368289 -92.489762 -7.018186
vn 37.102219 -91.831214 -13.800487
vn 43.729022 -89.657781 -7.018186
vn 43.417661 -89.019398 -13.800487
vn 49.876711 -86.388997 -7.018186
vn 49.521577 -85.773888 -13.800487
vn 55.781405 -82.699334 -7.018186
vn 55.384229 -82.110497 -13.800487
vn 61.414339 -78.606769 -7.018186
vn 60.977055 -78.047071 -13.800487
vn 66.748067 -74.131239 -7.018186
vn 66.272806 -73.603408 -13.800487
vn 71.756606 -69.294549 -7.018186
vn 71.245683 -68.801157 -13.800487
vn 76.415554 -64.120263 -7.018186
vn 75.871459 -63.663713 -13.800487
vn 80.702213 -58.633590 -7.018186
vn 80.127596 -58.216106 -13.800487
vn 84.595699 -52.861260 -7.018186
vn 83.993359 -52.484876 -13.800487
vn 88.077043 -46.831395 -7.018186
vn 87.449915 -46.497945 -13.800487
vn 91.129285 -40.573372 -7.018186
vn 90.480424 -40.284480 -13.800487
vn 93.737554 -34.117679 -7.018186
vn 93.070122 -33.874754 -13.800487
vn 95.889143 -27.495769 -7.018186
vn 95.206391 -27.299993 -13.800487
vn 97.573570 -20.739902 -7.018186
vn 96.878824 -20.592230 -13.800487
vn 98.782628 -13.882993 -7.018186
vn 98.079274 -13.784143 -13.800487
vn 99.510427 -6.958447 -7.018186
vn 98.801891 -6.908901 -13.800487
vn 99.753421 0.000000 -7.018186
vn 99.043155 0.000000 -13.800487
vn 99.510427 6.958447 -7.018186
vn 98.801891 6.908901 -13.800487
vn 98.782628 13.882993 -7.018186
vn 98.079274 13.784143 -13.800487
vn 97.573570 20.739902 -7.018186
vn 96.878824 20.592230 -13.800487
vn 95.889143 27.495769 -7.018186
vn 95.206391 27.299993 -13.800487
vn 93.737554 34.117679 -7.018186
vn 93.070122 33.874754 -13.800487
vn 91.129285 40.573372 -7.018186
vn 90.480424 40.284480 -13.800487
vn 88.077043 46.831395 -7.018186
vn 87.449915 46.497945 -13.800487
vn 84.595699 52.861260 -7.018186
vn 83.993359 52.484876 -13.800487
vn 80.702213 58.633590 -7.018186
vn 80.127596 58.216106 -13.800487
vn 76.415554 64.120263 -7.018186
vn 75.871459 63.663713 -13.800487
vn 71.756606 69.294549 -7.018186
vn 71.245683 68.801157 -13.800487
vn 66.748067 74.131239 -7.018186
vn 66.272806 73.603408 -13.800487
vn 61.414339 78.606769 -7.018186
vn 60.977055 78.047071 -13.800487
vn 55.781405 82.699334 -7.018186
vn 55.384229 82.110497 -13.800487
vn 49.876711 86.388997 -7.018186
vn 49.521577 85.773888 -13.800487
vn 43.755779 89.644726 -7.018186
vn 43.443021 89.007025 -13.800487
vn 37.368289 92.489762 -7.018186
vn 37.102219 91.831214 -13.800487
vn 30.825502 94.871141 -7.018186
vn 30.606018 94.195638 -13.800487
vn 24.132537 96.790318 -7.018186
vn 23.960708 96.101150 -13.800487
vn 17.322000 98.237943 -7.018186
vn 17.198663 97.538467 -13.800487
vn 10.427072 99.206962 -7.018186
vn 10.352829 98.500586 -13.800487
vn 3.481344 99.692654 -7.018186
vn 3.456556 98.982821 -13.800487
vn -3.481344 99.692654 -7.018186
vn -3.456556 98.982821 -13.800487
vn -10.427072 99.206962 -7.018186
vn -10.352829 98.500586 -13.800487
vn -17.322000 98.237943 -7.018186
vn -17.198663 97.538467 -13.800487
vn -24.132537 96.790318 -7.018186
vn -23.960708 96.101150 -13.800487
vn -30.825502 94.871141 -7.018186
vn -30.606018 94.195638 -13.800487
vn -37.368289 92.489762 -7.018186
vn -37.102219 91.831214 -13.800487
vn -43.443021 89.007025 -13.800487
vn -42.928258 87.955394 -20.518610
vn -48.936149 84.759896 -20.518610
vn -48.123147 83.351736 -27.141313
vn -54.729494 81.139812 -20.518610
vn -53.820245 79.791794 -27.141313
vn -60.256203 77.124423 -20.518610
vn -59.255135 75.843115 -27.141313
vn -65.489350 72.733291 -20.518610
vn -64.401341 71.524935 -27.141313
vn -70.403439 67.987811 -20.518610
vn -69.233790 66.858294 -27.141313
vn -74.974530 62.911100 -20.518610
vn -73.728939 61.865925 -27.141313
vn -79.180352 57.527893 -20.518610
vn -77.864887 56.572152 -27.141313
vn -83.000416 51.864416 -20.518610
vn -81.621486 51.002765 -27.141313
vn -86.416110 45.948260 -20.518610
vn -84.980434 45.184898 -27.141313
vn -89.410793 39.808250 -20.518610
vn -87.925365 39.146895 -27.141313
vn -91.969876 33.474297 -20.518610
vn -90.441932 32.918171 -27.141313
vn -94.080891 26.977261 -20.518610
vn -92.517876 26.529074 -27.141313
vn -95.733553 20.348795 -20.518610
vn -94.143082 20.010730 -27.141313
vn -96.919811 13.621191 -20.518610
vn -95.309632 13.394895 -27.141313
vn -97.633886 6.827226 -20.518610
vn -96.011843 6.713802 -27.141313
vn -97.872298 0.000000 -20.518610
vn -96.246294 0.000000 -27.141313
vn -97.633886 -6.827226 -20.518610
vn -96.011843 -6.713802 -27.141313
vn -96.919811 -13.621191 -20.518610
vn -95.309632 -13.394895 -27.141313
vn -95.733553 -20.348795 -20.518610
vn -94.143082 -20.010730 -27.141313
vn -94.080891 -26.977261 -20.518610
vn -92.517876 -26.529074 -27.141313
vn -91.969876 -33.474297 -20.518610
vn -90.441932 -32.918171 -27.141313
vn -89.410793 -39.808250 -20.518610
vn -87.925365 -39.146895 -27.141313
vn -86.416110 -45.948260 -20.518610
vn -84.980434 -45.184898 -27.141313
vn -83.000416 -51.864416 -20.518610
vn -81.621486 -51.002765 -27.141313
vn -79.180352 -57.527893 -20.518610
vn -77.864887 -56.572152 -27.141313
vn -74.974530 -62.911100 -20.518610
vn -73.728939 -61.865925 -27.141313
vn -70.403439 -67.987811 -20.518610
vn -69.233790 -66.858294 -27.141313
vn -65.489350 -72.733291 -20.518610
vn -64.401341 -71.524935 -27.141313
vn -60.256203 -77.124423 -20.518610
vn -59.255135 -75.843115 -27.141313
vn -54.729494 -81.139812 -20.518610
vn -53.820245 -79.791794 -27.141313
vn -48.936149 -84.759896 -20.518610
vn -48.123147 -83.351736 -27.141313
vn -42.904391 -87.967038 -20.518610
vn -42.191598 -86.505596 -27.141313
vn -36.663608 -90.745614 -20.518610
vn -36.054496 -89.238010 -27.141313
vn -30.244203 -93.082086 -20.518610
vn -29.741740 -91.535665 -27.141313
vn -23.677452 -94.965072 -20.518610
vn -23.284086 -93.387368 -27.141313
vn -16.995346 -96.385397 -20.518610
vn -16.712994 -94.784096 -27.141313
vn -10.230441 -97.336143 -20.518610
vn -10.060477 -95.719047 -27.141313
vn -3.415694 -97.812676 -20.518610
vn -3.358947 -96.187663 -27.141313
vn 3.415694 -97.812676 -20.518610
vn 3.358947 -96.187663 -27.141313
vn 10.230441 -97.336143 -20.518610
vn 10.060477 -95.719047 -27.141313
vn 16.995346 -96.385397 -20.518610
vn 16.712994 -94.784096 -27.141313
vn 23.677452 -94.965072 -20.518610
vn 23.284086 -93.387368 -27.141313
vn 30.244203 -93.082086 -20.518610
vn 29.741740 -91.535665 -27.141313
vn 36.663608 -90.745614 -20.518610
vn 36.054496 -89.238010 -27.141313
vn 42.904391 -87.967038 -20.518610
vn 42.191598 -86.505596 -27.141313
vn 48.936149 -84.759896 -20.518610
vn 48.123147 -83.351736 -27.141313
vn 54.729494 -81.139812 -20.518610
vn 53.820245 -79.791794 -27.141313
vn 60.256203 -77.124423 -20.518610
vn 59.255135 -75.843115 -27.141313
vn 65.489350 -72.733291 -20.518610
vn 64.401341 -71.524935 -27.141313
vn 70.403439 -67.987811 -20.518610
vn 69.233790 -66.858294 -27.141313
vn 74.974530 -62.911100 -20.518610
vn 73.728939 -61.865925 -27.141313
vn 79.180352 -57.527893 -20.518610
vn 77.864887 -56.572152 -27.141313
vn 83.000416 -51.864416 -20.518610
vn 81.621486 -51.002765 -27.141313
vn 86.416110 -45.948260 -20.518610
vn 84.980434 -45.184898 -27.141313
vn 89.410793 -39.808250 -20.518610
vn 87.925365 -39.146895 -27.141313
vn 91.969876 -33.474297 -20.518610
vn 90.441932 -32.918171 -27.141313
vn 94.080891 -26.977261 -20.518610
vn 92.517876 -26.529074 -27.141313
vn 95.733553 -20.348795 -20.518610
vn 94.143082 -20.010730 -27.141313
vn 96.919811 -13.621191 -20.518610
vn 95.309632 -13.394895 -27.141313
vn 97.633886 -6.827226 -20.518610
vn 96.011843 -6.713802 -27.141313
vn 97.872298 0.000000 -20.518610
vn 96.246294 0.000000 -27.141313
vn 97.633886 6.827226 -20.518610
vn 96.011843 6.713802 -27.141313
vn 96.919811 13.621191 -20.518610
vn 95.309632 13.394895 -27.141313
vn 95.733553 20.348795 -20.518610
vn 94.143082 20.010730 -27.141313
vn 94.080891 26.977261 -20.518610
vn 92.517876 26.529074 -27.141313
vn 91.969876 33.474297 -20.518610
vn 90.441932 32.918171 -27.141313
vn 89.410793 39.808250 -20.518610
vn 87.925365 39.146895 -27.141313
vn 86.416110 45.948260 -20.518610
vn 84.980434 45.184898 -27.141313
vn 83.000416 51.864416 -20.518610
vn 81.621486 51.002765 -27.141313
vn 79.180352 57.527893 -20.518610
vn 77.864887 56.572152 -27.141313
vn 74.974530 62.911100 -20.518610
vn 73.728939 61.865925 -27.141313
vn 70.403439 67.987811 -20.518610
vn 69.233790 66.858294 -27.141313
vn 65.489350 72.733291 -20.518610
vn 64.401341 71.524935 -27.141313
vn 60.256203 77.124423 -20.518610
vn 59.255135 75.843115 -27.141313
vn 54.729494 81.139812 -20.518610
vn 53.820245 79.791794 -27.141313
vn 48.936149 84.759896 -20.518610
vn 48.123147 83.351736 -27.141313
vn 42.928258 87.955394 -20.518610
vn 42.213895 86.494718 -27.141313
vn 36.663608 90.745614 -20.518610
vn 36.054496 89.238010 -27.141313
vn 30.244203 93.082086 -20.518610
vn 29.741740 91.535665 -27.141313
vn 23.677452 94.965072 -20.518610
vn 23.284086 93.387368 -27.141313
vn 16.995346 96.385397 -20.518610
vn 16.712994 94.784096 -27.141313
vn 10.230441 97.336143 -20.518610
vn 10.060477 95.719047 -27.141313
vn 3.415694 97.812676 -20.518610
vn 3.358947 96.187663 -27.141313
vn -3.415694 97.812676 -20.518610
vn -3.358947 96.187663 -27.141313
vn -10.230441 97.336143 -20.518610
vn -10.060477 95.719047 -27.141313
vn -16.995346 96.385397 -20.518610
vn -16.712994 94.784096 -27.141313
vn -23.677452 94.965072 -20.518610
vn -23.284086 93.387368 -27.141313
vn -30.244203 93.082086 -20.518610
vn -29.741740 91.535665 -27.141313
vn -36.663608 90.745614 -20.518610
vn -36.054496 89.238010 -27.141313
vn -42.213895 86.494718 -27.141313
vn -41.303265 84.631784 -33.637798
vn -47.086353 81.555956 -33.637798
vn -45.830588 79.380907 -39.977854
vn -52.660709 78.072711 -33.637798
vn -51.256279 75.990559 -39.977854
vn -57.978507 74.209105 -33.637798
vn -56.432255 72.229992 -39.977854
vn -63.013840 69.983959 -33.637798
vn -61.333298 68.117529 -39.977854
vn -67.742175 65.417858 -33.637798
vn -65.935532 63.673203 -39.977854
vn -72.140478 60.533048 -33.637798
vn -70.216535 58.918668 -39.977854
vn -76.187319 55.353328 -33.637798
vn -74.155449 53.877088 -39.977854
vn -79.862984 49.903931 -33.637798
vn -77.733086 48.573023 -39.977854
vn -83.149564 44.211407 -33.637798
vn -80.932015 43.032316 -39.977854
vn -86.031048 38.303490 -33.637798
vn -83.736651 37.281959 -39.977854
vn -88.493397 32.208962 -33.637798
vn -86.133331 31.349969 -39.977854
vn -90.524615 25.957516 -33.637798
vn -88.110378 25.265244 -39.977854
vn -92.114806 19.579606 -33.637798
vn -89.658159 19.057430 -39.977854
vn -93.256224 13.106307 -33.637798
vn -90.769136 12.756770 -39.977854
vn -93.943306 6.569156 -33.637798
vn -91.437894 6.393960 -39.977854
vn -94.172706 0.000000 -33.637798
vn -91.661176 0.000000 -39.977854
vn -93.943306 -6.569156 -33.637798
vn -91.437894 -6.393960 -39.977854
vn -93.256224 -13.106307 -33.637798
vn -90.769136 -12.756770 -39.977854
vn -92.114806 -19.579606 -33.637798
vn -89.658159 -19.057430 -39.977854
vn -90.524615 -25.957516 -33.637798
vn -88.110378 -25.265244 -39.977854
vn -88.493397 -32.208962 -33.637798
vn -86.133331 -31.349969 -39.977854
vn -86.031048 -38.303490 -33.637798
vn -83.736651 -37.281959 -39.977854
vn -83.149564 -44.211407 -33.637798
vn -80.932015 -43.032316 -39.977854
vn -79.862984 -49.903931 -33.637798
vn -77.733086 -48.573023 -39.977854
vn -76.187319 -55.353328 -33.637798
vn -74.155449 -53.877088 -39.977854
vn -72.140478 -60.533048 -33.637798
vn -70.216535 -58.918668 -39.977854
vn -67.742175 -65.417858 -33.637798
vn -65.935532 -63.673203 -39.977854
vn -63.013840 -69.983959 -33.637798
vn -61.333298 -68.117529 -39.977854
vn -57.978507 -74.209105 -33.637798
vn -56.432255 -72.229992 -39.977854
vn -52.660709 -78.072711 -33.637798
vn -51.256279 -75.990559 -39.977854
vn -47.086353 -81.555956 -33.637798
vn -45.830588 -79.380907 -39.977854
vn -41.282597 -84.641867 -33.637798
vn -40.181615 -82.384519 -39.977854
vn -35.277717 -87.315412 -33.637798
vn -34.336881 -84.986763 -39.977854
vn -29.100967 -89.563566 -33.637798
vn -28.324861 -87.174959 -39.977854
vn -22.782440 -91.375374 -33.637798
vn -22.174845 -88.938447 -39.977854
vn -16.352919 -92.742011 -33.637798
vn -15.916796 -90.268637 -39.977854
vn -9.843728 -93.656818 -33.637798
vn -9.581202 -91.159047 -39.977854
vn -3.286580 -94.115338 -33.637798
vn -3.198929 -91.605339 -39.977854
vn 3.286580 -94.115338 -33.637798
vn 3.198929 -91.605339 -39.977854
vn 9.843728 -93.656818 -33.637798
vn 9.581202 -91.159047 -39.977854
vn 16.352919 -92.742011 -33.637798
vn 15.916796 -90.268637 -39.977854
vn 22.782440 -91.375374 -33.637798
vn 22.174845 -88.938447 -39.977854
vn 29.100967 -89.563566 -33.637798
vn 28.324861 -87.174959 -39.977854
vn 35.277717 -87.315412 -33.637798
vn 34.336881 -84.986763 -39.977854
vn 41.282597 -84.641867 -33.637798
vn 40.181615 -82.384519 -39.977854
vn 47.086353 -81.555956 -33.637798
vn 45.830588 -79.380907 -39.977854
vn 52.660709 -78.072711 -33.637798
vn 51.256279 -75.990559 -39.977854
vn 57.978507 -74.209105 -33.637798
vn 56.432255 -72.229992 -39.977854
vn 63.013840 -69.983959 -33.637798
vn 61.333298 -68.117529 -39.977854
vn 67.742175 -65.417858 -33.637798
vn 65.935532 -63.673203 -39.977854
vn 72.140478 -60.533048 -33.637798
vn 70.216535 -58.918668 -39.977854
vn 76.187319 -55.353328 -33.637798
vn 74.155449 -53.877088 -39.977854
vn 79.862984 -49.903931 -33.637798
vn 77.733086 -48.573023 -39.977854
vn 83.149564 -44.211407 -33.637798
vn 80.932015 -43.032316 -39.977854
vn 86.031048 -38.303490 -33.637798
vn 83.736651 -37.281959 -39.977854
vn 88.493397 -32.208962 -33.637798
vn 86.133331 -31.349969 -39.977854
vn 90.524615 -25.957516 -33.637798
vn 88.110378 -25.265244 -39.977854
vn 92.114806 -19.579606 -33.637798
vn 89.658159 -19.057430 -39.977854
vn 93.256224 -13.106307 -33.637798
vn 90.769136 -12.756770 -39.977854
vn 93.943306 -6.569156 -33.637798
vn 91.437894 -6.393960 -39.977854
vn 94.172706 0.000000 -33.637798
vn 91.661176 0.000000 -39.977854
vn 93.943306 6.569156 -33.637798
vn 91.437894 6.393960 -39.977854
vn 93.256224 13.106307 -33.637798
vn 90.769136 12.756770 -39.977854
vn 92.114806 19.579606 -33.637798
vn 89.658159 19.057430 -39.977854
vn 90.524615 25.957516 -33.637798
vn 88.110378 25.265244 -39.977854
vn 88.493397 32.208962 -33.637798
vn 86.133331 31.349969 -39.977854
vn 86.031048 38.303490 -33.637798
vn 83.736651 37.281959 -39.977854
vn 83.149564 44.211407 -33.637798
vn 80.932015 43.032316 -39.977854
vn 79.862984 49.903931 -33.637798
vn 77.733086 48.573023 -39.977854
vn 76.187319 55.353328 -33.637798
vn 74.155449 53.877088 -39.977854
vn 72.140478 60.533048 -33.637798
vn 70.216535 58.918668 -39.977854
vn 67.742175 65.417858 -33.637798
vn 65.935532 63.673203 -39.977854
vn 63.013840 69.983959 -33.637798
vn 61.333298 68.117529 -39.977854
vn 57.978507 74.209105 -33.637798
vn 56.432255 72.229992 -39.977854
vn 52.660709 78.072711 -33.637798
vn 51.256279 75.990559 -39.977854
vn 47.086353 81.555956 -33.637798
vn 45.830588 79.380907 -39.977854
vn 41.303265 84.631784 -33.637798
vn 40.200614 82.375250 -39.977854
vn 35.277717 87.315412 -33.637798
vn 34.336881 84.986763 -39.977854
vn 29.100967 89.563566 -33.637798
vn 28.324861 87.174959 -39.977854
vn 22.782440 91.375374 -33.637798
vn 22.174845 88.938447 -39.977854
vn 16.352919 92.742011 -33.637798
vn 15.916796 90.268637 -39.977854
vn 9.843728 93.656818 -33.637798
vn 9.581202 91.159047 -39.977854
vn 3.286580 94.115338 -33.637798
vn 3.198929 91.605339 -39.977854
vn -3.286580 94.115338 -33.637798
vn -3.198929 91.605339 -39.977854
vn -9.843728 93.656818 -33.637798
vn -9.581202 91.159047 -39.977854
vn -16.352919 92.742011 -33.637798
vn -15.916796 90.268637 -39.977854
vn -22.782440 91.375374 -33.637798
vn -22.174845 88.938447 -39.977854
vn -29.100967 89.563566 -33.637798
vn -28.324861 87.174959 -39.977854
vn -35.277717 87.315412 -33.637798
vn -34.336881 84.986763 -39.977854
vn -40.200614 82.375250 -39.977854
vn -38.911080 79.735605 -46.131996
vn -44.361692 76.836705 -46.131996
vn -42.686496 73.935181 -52.071605
vn -49.613487 73.555019 -46.131996
vn -47.739972 70.777419 -52.071605
vn -54.623570 69.914981 -46.131996
vn -52.560863 67.274836 -52.071605
vn -59.367532 65.934324 -46.131996
vn -57.125683 63.444498 -52.071605
vn -63.822262 61.632442 -46.131996
vn -61.412192 59.305064 -52.071605
vn -67.966056 57.030292 -46.131996
vn -65.399507 54.876702 -52.071605
vn -71.778726 52.150297 -46.131996
vn -69.068202 50.180986 -52.071605
vn -75.241697 47.016231 -46.131996
vn -72.400404 45.240794 -52.071605
vn -78.338099 41.653106 -46.131996
vn -75.379879 40.080192 -52.071605
vn -81.052845 36.087052 -46.131996
vn -77.992110 34.724325 -52.071605
vn -83.372710 30.345185 -46.131996
vn -80.224371 29.199283 -52.071605
vn -85.286391 24.455479 -46.131996
vn -82.065788 23.531986 -52.071605
vn -86.784566 18.446629 -46.131996
vn -83.507388 17.750043 -52.071605
vn -87.859935 12.347909 -46.131996
vn -84.542149 11.881624 -52.071605
vn -88.507259 6.189030 -46.131996
vn -85.165029 5.955319 -52.071605
vn -88.723384 0.000000 -46.131996
vn -85.372993 0.000000 -52.071605
vn -88.507259 -6.189030 -46.131996
vn -85.165029 -5.955319 -52.071605
vn -87.859935 -12.347909 -46.131996
vn -84.542149 -11.881624 -52.071605
vn -86.784566 -18.446629 -46.131996
vn -83.507388 -17.750043 -52.071605
vn -85.286391 -24.455479 -46.131996
vn -82.065788 -23.531986 -52.071605
vn -83.372710 -30.345185 -46.131996
vn -80.224371 -29.199283 -52.071605
vn -81.052845 -36.087052 -46.131996
vn -77.992110 -34.724325 -52.071605
vn -78.338099 -41.653106 -46.131996
vn -75.379879 -40.080192 -52.071605
vn -75.241697 -47.016231 -46.131996
vn -72.400404 -45.240794 -52.071605
vn -71.778726 -52.150297 -46.131996
vn -69.068202 -50.180986 -52.071605
vn -67.966056 -57.030292 -46.131996
vn -65.399507 -54.876702 -52.071605
vn -63.822262 -61.632442 -46.131996
vn -61.412192 -59.305064 -52.071605
vn -59.367532 -65.934324 -46.131996
vn -57.125683 -63.444498 -52.071605
vn -54.623570 -69.914981 -46.131996
vn -52.560863 -67.274836 -52.071605
vn -49.613487 -73.555019 -46.131996
vn -47.739972 -70.777419 -52.071605
vn -44.361692 -76.836705 -46.131996
vn -42.686496 -73.935181 -52.071605
vn -38.893772 -79.744050 -46.131996
vn -37.425057 -76.732738 -52.071605
vn -33.236365 -82.262890 -46.131996
vn -31.981286 -79.156461 -52.071605
vn -27.417034 -84.380953 -46.131996
vn -26.381706 -81.194541 -52.071605
vn -21.464129 -86.087921 -46.131996
vn -20.653596 -82.837050 -52.071605
vn -15.406654 -87.375477 -46.131996
vn -14.824865 -84.075985 -52.071605
vn -9.274119 -88.237349 -46.131996
vn -8.923908 -84.905311 -52.071605
vn -3.096401 -88.669337 -46.131996
vn -2.979474 -85.320986 -52.071605
vn 3.096401 -88.669337 -46.131996
vn 2.979474 -85.320986 -52.071605
vn 9.274119 -88.237349 -46.131996
vn 8.923908 -84.905311 -52.071605
vn 15.406654 -87.375477 -46.131996
vn 14.824865 -84.075985 -52.071605
vn 21.464129 -86.087921 -46.131996
vn 20.653596 -82.837050 -52.071605
vn 27.417034 -84.380953 -46.131996
vn 26.381706 -81.194541 -52.071605
vn 33.236365 -82.262890 -46.131996
vn 31.981286 -79.156461 -52.071605
vn 38.893772 -79.744050 -46.131996
vn 37.425057 -76.732738 -52.071605
vn 44.361692 -76.836705 -46.131996
vn 42.686496 -73.935181 -52.071605
vn 49.613487 -73.555019 -46.131996
vn 47.739972 -70.777419 -52.071605
vn 54.623570 -69.914981 -46.131996
vn 52.560863 -67.274836 -52.071605
vn 59.367532 -65.934324 -46.131996
vn 57.125683 -63.444498 -52.071605
vn 63.822262 -61.632442 -46.131996
vn 61.412192 -59.305064 -52.071605
vn 67.966056 -57.030292 -46.131996
vn 65.399507 -54.876702 -52.071605
vn 71.778726 -52.150297 -46.131996
vn 69.068202 -50.180986 -52.071605
vn 75.241697 -47.016231 -46.131996
vn 72.400404 -45.240794 -52.071605
vn 78.338099 -41.653106 -46.131996
vn 75.379879 -40.080192 -52.071605
vn 81.052845 -36.087052 -46.131996
vn 77.992110 -34.724325 -52.071605
vn 83.372710 -30.345185 -46.131996
vn 80.224371 -29.199283 -52.071605
vn 85.286391 -24.455479 -46.131996
vn 82.065788 -23.531986 -52.071605
vn 86.784566 -18.446629 -46.131996
vn 83.507388 -17.750043 -52.071605
vn 87.859935 -12.347909 -46.131996
vn 84.542149 -11.881624 -52.071605
vn 88.507259 -6.189030 -46.131996
vn 85.165029 -5.955319 -52.071605
vn 88.723384 0.000000 -46.131996
vn 85.372993 0.000000 -52.071605
vn 88.507259 6.189030 -46.131996
vn 85.165029 5.955319 -52.071605
vn 87.859935 12.347909 -46.131996
vn 84.542149 11.881624 -52.071605
vn 86.784566 18.446629 -46.131996
vn 83.507388 17.750043 -52.071605
vn 85.286391 24.455479 -46.131996
vn 82.065788 23.531986 -52.071605
vn 83.372710 30.345185 -46.131996
vn 80.224371 29.199283 -52.071605
vn 81.052845 36.087052 -46.131996
vn 77.992110 34.724325 -52.071605
vn 78.338099 41.653106 -46.131996
vn 75.379879 40.080192 -52.071605
vn 75.241697 47.016231 -46.131996
vn 72.400404 45.240794 -52.071605
vn 71.778726 52.150297 -46.131996
vn 69.068202 50.180986 -52.071605
vn 67.966056 57.030292 -46.131996
vn 65.399507 54.876702 -52.071605
vn 63.822262 61.632442 -46.131996
vn 61.412192 59.305064 -52.071605
vn 59.367532 65.934324 -46.131996
vn 57.125683 63.444498 -52.071605
vn 54.623570 69.914981 -46.131996
vn 52.560863 67.274836 -52.071605
vn 49.613487 73.555019 -46.131996
vn 47.739972 70.777419 -52.071605
vn 44.361692 76.836705 -46.131996
vn 42.686496 73.935181 -52.071605
vn 38.911080 79.735605 -46.131996
vn 37.440671 76.725120 -52.071605
vn 33.236365 82.262890 -46.131996
vn 31.981286 79.156461 -52.071605
vn 27.417034 84.380953 -46.131996
vn 26.381706 81.194541 -52.071605
vn 21.464129 86.087921 -46.131996
vn 20.653596 82.837050 -52.071605
vn 15.406654 87.375477 -46.131996
vn 14.824865 84.075985 -52.071605
vn 9.274119 88.237349 -46.131996
vn 8.923908 84.905311 -52.071605
vn 3.096401 88.669337 -46.131996
vn 2.979474 85.320986 -52.071605
vn -3.096401 88.669337 -46.131996
vn -2.979474 85.320986 -52.071605
vn -9.274119 88.237349 -46.131996
vn -8.923908 84.905311 -52.071605
vn -15.406654 87.375477 -46.131996
vn -14.824865 84.075985 -52.071605
vn -21.464129 86.087921 -46.131996
vn -20.653596 82.837050 -52.071605
vn -27.417034 84.380953 -46.131996
vn -26.381706 81.194541 -52.071605
vn -33.236365 82.262890 -46.131996
vn -31.981286 79.156461 -52.071605
vn -37.440671 76.725120 -52.071605
vn -35.796234 73.357790 -57.769061
vn -40.812791 70.689828 -57.769061
vn -38.749289 67.115738 -63.197866
vn -45.644446 67.670674 -57.769061
vn -43.336655 64.249234 -63.197866
vn -50.253726 64.321836 -57.769061
vn -47.712889 61.069714 -63.197866
vn -54.618175 60.659629 -57.769061
vn -51.856671 57.592668 -63.197866
vn -58.716530 56.701894 -57.769061
vn -55.747812 53.835037 -63.197866
vn -62.528824 52.467913 -57.769061
vn -59.367356 49.815126 -63.197866
vn -66.036483 47.978313 -57.769061
vn -62.697667 45.552522 -63.197866
vn -69.222419 43.254968 -57.769061
vn -65.722522 41.067990 -63.197866
vn -72.071111 38.320890 -57.769061
vn -68.427184 36.383379 -63.197866
vn -74.568680 33.200115 -57.769061
vn -70.798475 31.521512 -63.197866
vn -76.702957 27.917593 -57.769061
vn -72.824843 26.506075 -63.197866
vn -78.463545 22.499060 -57.769061
vn -74.496415 21.361503 -63.197866
vn -79.841867 16.970913 -57.769061
vn -75.805049 16.112861 -63.197866
vn -80.831207 11.360085 -57.769061
vn -76.744368 10.785718 -63.197866
vn -81.426746 5.693913 -57.769061
vn -77.309796 5.406028 -63.197866
vn -81.625582 0.000000 -57.769061
vn -77.498579 0.000000 -63.197866
vn -81.426746 -5.693913 -57.769061
vn -77.309796 -5.406028 -63.197866
vn -80.831207 -11.360085 -57.769061
vn -76.744368 -10.785718 -63.197866
vn -79.841867 -16.970913 -57.769061
vn -75.805049 -16.112861 -63.197866
vn -78.463545 -22.499060 -57.769061
vn -74.496415 -21.361503 -63.197866
vn -76.702957 -27.917593 -57.769061
vn -72.824843 -26.506075 -63.197866
vn -74.568680 -33.200115 -57.769061
vn -70.798475 -31.521512 -63.197866
vn -72.071111 -38.320890 -57.769061
vn -68.427184 -36.383379 -63.197866
vn -69.222419 -43.254968 -57.769061
vn -65.722522 -41.067990 -63.197866
vn -66.036483 -47.978313 -57.769061
vn -62.697667 -45.552522 -63.197866
vn -62.528824 -52.467913 -57.769061
vn -59.367356 -49.815126 -63.197866
vn -58.716530 -56.701894 -57.769061
vn -55.747812 -53.835037 -63.197866
vn -54.618175 -60.659629 -57.769061
vn -51.856671 -57.592668 -63.197866
vn -50.253726 -64.321836 -57.769061
vn -47.712889 -61.069714 -63.197866
vn -45.644446 -67.670674 -57.769061
vn -43.336655 -64.249234 -63.197866
vn -40.812791 -70.689828 -57.769061
vn -38.749289 -67.115738 -63.197866
vn -35.782300 -73.364587 -57.769061
vn -33.973141 -69.655261 -63.197866
vn -30.577481 -75.681922 -57.769061
vn -29.031479 -71.855431 -63.197866
vn -25.223692 -77.630542 -57.769061
vn -23.948378 -73.705528 -63.197866
vn -19.747016 -79.200953 -57.769061
vn -18.748603 -75.196540 -63.197866
vn -14.174134 -80.385506 -57.769061
vn -13.457487 -76.321201 -63.197866
vn -8.532197 -81.178429 -57.769061
vn -8.100807 -77.074034 -63.197866
vn -2.848692 -81.575858 -57.769061
vn -2.704661 -77.451369 -63.197866
vn 2.848692 -81.575858 -57.769061
vn 2.704661 -77.451369 -63.197866
vn 8.532197 -81.178429 -57.769061
vn 8.100807 -77.074034 -63.197866
vn 14.174134 -80.385506 -57.769061
vn 13.457487 -76.321201 -63.197866
vn 19.747016 -79.200953 -57.769061
vn 18.748603 -75.196540 -63.197866
vn 25.223692 -77.630542 -57.769061
vn 23.948378 -73.705528 -63.197866
vn 30.577481 -75.681922 -57.769061
vn 29.031479 -71.855431 -63.197866
vn 35.782300 -73.364587 -57.769061
vn 33.973141 -69.655261 -63.197866
vn 40.812791 -70.689828 -57.769061
vn 38.749289 -67.115738 -63.197866
vn 45.644446 -67.670674 -57.769061
vn 43.336655 -64.249234 -63.197866
vn 50.253726 -64.321836 -57.769061
vn 47.712889 -61.069714 -63.197866
vn 54.618175 -60.659629 -57.769061
vn 51.856671 -57.592668 -63.197866
vn 58.716530 -56.701894 -57.769061
vn 55.747812 -53.835037 -63.197866
vn 62.528824 -52.467913 -57.769061
vn 59.367356 -49.815126 -63.197866
vn 66.036483 -47.978313 -57.769061
vn 62.697667 -45.552522 -63.197866
vn 69.222419 -43.254968 -57.769061
vn 65.722522 -41.067990 -63.197866
vn 72.071111 -38.320890 -57.769061
vn 68.427184 -36.383379 -63.197866
vn 74.568680 -33.200115 -57.769061
vn 70.798475 -31.521512 -63.197866
vn 76.702957 -27.917593 -57.769061
vn 72.824843 -26.506075 -63.197866
vn 78.463545 -22.499060 -57.769061
vn 74.496415 -21.361503 -63.197866
vn 79.841867 -16.970913 -57.769061
vn 75.805049 -16.112861 -63.197866
vn 80.831207 -11.360085 -57.769061
vn 76.744368 -10.785718 -63.197866
vn 81.426746 -5.693913 -57.769061
vn 77.309796 -5.406028 -63.197866
vn 81.625582 0.000000 -57.769061
vn 77.498579 0.000000 -63.197866
vn 81.426746 5.693913 -57.769061
vn 77.309796 5.406028 -63.197866
vn 80.831207 11.360085 -57.769061
vn 76.744368 10.785718 -63.197866
vn 79.841867 16.970913 -57.769061
vn 75.805049 16.112861 -63.197866
vn 78.463545 22.499060 -57.769061
vn 74.496415 21.361503 -63.197866
vn 76.702957 27.917593 -57.769061
vn 72.824843 26.506075 -63.197866
vn 74.568680 33.200115 -57.769061
vn 70.798475 31.521512 -63.197866
vn 72.071111 38.320890 -57.769061
vn 68.427184 36.383379 -63.197866
vn 69.222419 43.254968 -57.769061
vn 65.722522 41.067990 -63.197866
vn 66.036483 47.978313 -57.769061
vn 62.697667 45.552522 -63.197866
vn 62.528824 52.467913 -57.769061
vn 59.367356 49.815126 -63.197866
vn 58.716530 56.701894 -57.769061
vn 55.747812 53.835037 -63.197866
vn 54.618175 60.659629 -57.769061
vn 51.856671 57.592668 -63.197866
vn 50.253726 64.321836 -57.769061
vn 47.712889 61.069714 -63.197866
vn 45.644446 67.670674 -57.769061
vn 43.336655 64.249234 -63.197866
vn 40.812791 70.689828 -57.769061
vn 38.749289 67.115738 -63.197866
vn 35.796234 73.357790 -57.769061
vn 33.985425 69.649269 -63.197866
vn 30.577481 75.681922 -57.769061
vn 29.031479 71.855431 -63.197866
vn 25.223692 77.630542 -57.769061
vn 23.948378 73.705528 -63.197866
vn 19.747016 79.200953 -57.769061
vn 18.748603 75.196540 -63.197866
vn 14.174134 80.385506 -57.769061
vn 13.457487 76.321201 -63.197866
vn 8.532197 81.178429 -57.769061
vn 8.100807 77.074034 -63.197866
vn 2.848692 81.575858 -57.769061
vn 2.704661 77.451369 -63.197866
vn -2.848692 81.575858 -57.769061
vn -2.704661 77.451369 -63.197866
vn -8.532197 81.178429 -57.769061
vn -8.100807 77.074034 -63.197866
vn -14.174134 80.385506 -57.769061
vn -13.457487 76.321201 -63.197866
vn -19.747016 79.200953 -57.769061
vn -18.748603 75.196540 -63.197866
vn -25.223692 77.630542 -57.769061
vn -23.948378 73.705528 -63.197866
vn -30.577481 75.681922 -57.769061
vn -29.031479 71.855431 -63.197866
vn -33.985425 69.649269 -63.197866
vn -32.016676 65.616799 -68.332776
vn -36.505588 63.229533 -68.332776
vn -34.092120 59.049285 -73.149910
vn -40.827331 60.529008 -68.332776
vn -38.128144 56.527297 -73.149910
vn -44.950168 57.533592 -68.332776
vn -41.978410 53.729915 -73.149910
vn -48.854012 54.257877 -68.332776
vn -45.624162 50.670766 -73.149910
vn -52.519845 50.717824 -68.332776
vn -49.047638 47.364754 -73.149910
vn -55.929805 46.930679 -68.332776
vn -52.232159 43.827985 -73.149910
vn -59.067282 42.914892 -68.332776
vn -55.162209 40.077691 -73.149910
vn -61.916989 38.690028 -68.332776
vn -57.823516 36.132143 -73.149910
vn -64.465042 34.276671 -68.332776
vn -60.203111 32.010562 -73.149910
vn -66.699028 29.696321 -68.332776
vn -62.289403 27.733029 -73.149910
vn -68.608063 24.971293 -68.332776
vn -64.072228 23.320384 -73.149910
vn -70.182847 20.124607 -68.332776
vn -65.542899 18.794124 -73.149910
vn -71.415706 15.179877 -68.332776
vn -66.694251 14.176301 -73.149910
vn -72.300636 10.161192 -68.332776
vn -67.520676 9.489412 -73.149910
vn -72.833324 5.093002 -68.332776
vn -68.018147 4.756292 -73.149910
vn -73.011176 0.000000 -68.332776
vn -68.184241 0.000000 -73.149910
vn -72.833324 -5.093002 -68.332776
vn -68.018147 -4.756292 -73.149910
vn -72.300636 -10.161192 -68.332776
vn -67.520676 -9.489412 -73.149910
vn -71.415706 -15.179877 -68.332776
vn -66.694251 -14.176301 -73.149910
vn -70.182847 -20.124607 -68.332776
vn -65.542899 -18.794124 -73.149910
vn -68.608063 -24.971293 -68.332776
vn -64.072228 -23.320384 -73.149910
vn -66.699028 -29.696321 -68.332776
vn -62.289403 -27.733029 -73.149910
vn -64.465042 -34.276671 -68.332776
vn -60.203111 -32.010562 -73.149910
vn -61.916989 -38.690028 -68.332776
vn -57.823516 -36.132143 -73.149910
vn -59.067282 -42.914892 -68.332776
vn -55.162209 -40.077691 -73.149910
vn -55.929805 -46.930679 -68.332776
vn -52.232159 -43.827985 -73.149910
vn -52.519845 -50.717824 -68.332776
vn -49.047638 -47.364754 -73.149910
vn -48.854012 -54.257877 -68.332776
vn -45.624162 -50.670766 -73.149910
vn -44.950168 -57.533592 -68.332776
vn -41.978410 -53.729915 -73.149910
vn -40.827331 -60.529008 -68.332776
vn -38.128144 -56.527297 -73.149910
vn -36.505588 -63.229533 -68.332776
vn -34.092120 -59.049285 -73.149910
vn -32.005993 -65.622010 -68.332776
vn -29.890004 -61.283590 -73.149910
vn -27.350468 -67.694783 -68.332776
vn -25.542266 -63.219327 -73.149910
vn -22.561694 -69.437754 -68.332776
vn -21.070089 -64.847066 -73.149910
vn -17.663002 -70.842432 -68.332776
vn -16.495261 -66.158877 -73.149910
vn -12.678258 -71.901972 -68.332776
vn -11.840069 -67.148369 -73.149910
vn -7.631746 -72.611213 -68.332776
vn -7.127194 -67.810720 -73.149910
vn -2.548053 -72.966699 -68.332776
vn -2.379596 -68.142705 -73.149910
vn 2.548053 -72.966699 -68.332776
vn 2.379596 -68.142705 -73.149910
vn 7.631746 -72.611213 -68.332776
vn 7.127194 -67.810720 -73.149910
vn 12.678258 -71.901972 -68.332776
vn 11.840069 -67.148369 -73.149910
vn 17.663002 -70.842432 -68.332776
vn 16.495261 -66.158877 -73.149910
vn 22.561694 -69.437754 -68.332776
vn 21.070089 -64.847066 -73.149910
vn 27.350468 -67.694783 -68.332776
vn 25.542266 -63.219327 -73.149910
vn 32.005993 -65.622010 -68.332776
vn 29.890004 -61.283590 -73.149910
vn 36.505588 -63.229533 -68.332776
vn 34.092120 -59.049285 -73.149910
vn 40.827331 -60.529008 -68.332776
vn 38.128144 -56.527297 -73.149910
vn 44.950168 -57.533592 -68.332776
vn 41.978410 -53.729915 -73.149910
vn 48.854012 -54.257877 -68.332776
vn 45.624162 -50.670766 -73.149910
vn 52.519845 -50.717824 -68.332776
vn 49.047638 -47.364754 -73.149910
vn 55.929805 -46.930679 -68.332776
vn 52.232159 -43.827985 -73.149910
vn 59.067282 -42.914892 -68.332776
vn 55.162209 -40.077691 -73.149910
vn 61.916989 -38.690028 -68.332776
vn 57.823516 -36.132143 -73.149910
vn 64.465042 -34.276671 -68.332776
vn 60.203111 -32.010562 -73.149910
vn 66.699028 -29.696321 -68.332776
vn 62.289403 -27.733029 -73.149910
vn 68.608063 -24.971293 -68.332776
vn 64.072228 -23.320384 -73.149910
vn 70.182847 -20.124607 -68.332776
vn 65.542899 -18.794124 -73.149910
vn 71.415706 -15.179877 -68.332776
vn 66.694251 -14.176301 -73.149910
vn 72.300636 -10.161192 -68.332776
vn 67.520676 -9.489412 -73.149910
vn 72.833324 -5.093002 -68.332776
vn 68.018147 -4.756292 -73.149910
vn 73.011176 0.000000 -68.332776
vn 68.184241 0.000000 -73.149910
vn 72.833324 5.093002 -68.332776
vn 68.018147 4.756292 -73.149910
vn 72.300636 10.161192 -68.332776
vn 67.520676 9.489412 -73.149910
vn 71.415706 15.179877 -68.332776
vn 66.694251 14.176301 -73.149910
vn 70.182847 20.124607 -68.332776
vn 65.542899 18.794124 -73.149910
vn 68.608063 24.971293 -68.332776
vn 64.072228 23.320384 -73.149910
vn 66.699028 29.696321 -68.332776
vn 62.289403 27.733029 -73.149910
vn 64.465042 34.276671 -68.332776
vn 60.203111 32.010562 -73.149910
vn 61.916989 38.690028 -68.332776
vn 57.823516 36.132143 -73.149910
vn 59.067282 42.914892 -68.332776
vn 55.162209 40.077691 -73.149910
vn 55.929805 46.930679 -68.332776
vn 52.232159 43.827985 -73.149910
vn 52.519845 50.717824 -68.332776
vn 49.047638 47.364754 -73.149910
vn 48.854012 54.257877 -68.332776
vn 45.624162 50.670766 -73.149910
vn 44.950168 57.533592 -68.332776
vn 41.978410 53.729915 -73.149910
vn 40.827331 60.529008 -68.332776
vn 38.128144 56.527297 -73.149910
vn 36.505588 63.229533 -68.332776
vn 34.092120 59.049285 -73.149910
vn 32.016676 65.616799 -68.332776
vn 29.899149 61.279128 -73.149910
vn 27.350468 67.694783 -68.332776
vn 25.542266 63.219327 -73.149910
vn 22.561694 69.437754 -68.332776
vn 21.070089 64.847066 -73.149910
vn 17.663002 70.842432 -68.332776
vn 16.495261 66.158877 -73.149910
vn 12.678258 71.901972 -68.332776
vn 11.840069 67.148369 -73.149910
vn 7.631746 72.611213 -68.332776
vn 7.127194 67.810720 -73.149910
vn 2.548053 72.966699 -68.332776
vn 2.379596 68.142705 -73.149910
vn -2.548053 72.966699 -68.332776
vn -2.379596 68.142705 -73.149910
vn -7.631746 72.611213 -68.332776
vn -7.127194 67.810720 -73.149910
vn -12.678258 71.901972 -68.332776
vn -11.840069 67.148369 -73.149910
vn -17.663002 70.842432 -68.332776
vn -16.495261 66.158877 -73.149910
vn -22.561694 69.437754 -68.332776
vn -21.070089 64.847066 -73.149910
vn -27.350468 67.694783 -68.332776
vn -25.542266 63.219327 -73.149910
vn -29.899149 61.279128 -73.149910
vn -27.642701 56.656426 -77.626867
vn -31.520111 54.594433 -77.626867
vn -28.801519 49.885695 -81.742828
vn -35.251644 52.262712 -77.626867
vn -32.211211 47.755083 -81.742828
vn -38.811436 49.676372 -77.626867
vn -35.463972 45.391814 -81.742828
vn -42.182141 46.848014 -77.626867
vn -38.543956 42.807400 -81.742828
vn -45.347340 43.791417 -77.626867
vn -41.436158 40.014433 -81.742828
vn -48.291611 40.521473 -77.626867
vn -44.126488 37.026520 -81.742828
vn -51.000610 37.054112 -77.626867
vn -46.601837 33.858217 -81.742828
vn -53.461140 33.406228 -77.626867
vn -48.850147 30.524960 -81.742828
vn -55.661212 29.595591 -77.626867
vn -50.860464 27.042989 -81.742828
vn -57.590108 25.640768 -77.626867
vn -52.622994 23.429267 -81.742828
vn -59.238431 21.561025 -77.626867
vn -54.129151 19.701400 -81.742828
vn -60.598150 17.376240 -77.626867
vn -55.371595 15.877549 -81.742828
vn -61.662641 13.106799 -77.626867
vn -56.344274 11.976345 -81.742828
vn -62.426718 8.773503 -77.626867
vn -57.042450 8.016794 -81.742828
vn -62.886658 4.397464 -77.626867
vn -57.462721 4.018185 -81.742828
vn -63.040221 0.000000 -77.626867
vn -57.603039 0.000000 -81.742828
vn -62.886658 -4.397464 -77.626867
vn -57.462721 -4.018185 -81.742828
vn -62.426718 -8.773503 -77.626867
vn -57.042450 -8.016794 -81.742828
vn -61.662641 -13.106799 -77.626867
vn -56.344274 -11.976345 -81.742828
vn -60.598150 -17.376240 -77.626867
vn -55.371595 -15.877549 -81.742828
vn -59.238431 -21.561025 -77.626867
vn -54.129151 -19.701400 -81.742828
vn -57.590108 -25.640768 -77.626867
vn -52.622994 -23.429267 -81.742828
vn -55.661212 -29.595591 -77.626867
vn -50.860464 -27.042989 -81.742828
vn -53.461140 -33.406228 -77.626867
vn -48.850147 -30.524960 -81.742828
vn -51.000610 -37.054112 -77.626867
vn -46.601837 -33.858217 -81.742828
vn -48.291611 -40.521473 -77.626867
vn -44.126488 -37.026520 -81.742828
vn -45.347340 -43.791417 -77.626867
vn -41.436158 -40.014433 -81.742828
vn -42.182141 -46.848014 -77.626867
vn -38.543956 -42.807400 -81.742828
vn -38.811436 -49.676372 -77.626867
vn -35.463972 -45.391814 -81.742828
vn -35.251644 -52.262712 -77.626867
vn -32.211211 -47.755083 -81.742828
vn -31.520111 -54.594433 -77.626867
vn -28.801519 -49.885695 -81.742828
vn -27.635014 -56.660175 -77.626867
vn -25.251510 -51.773268 -81.742828
vn -23.615282 -58.449875 -77.626867
vn -21.578478 -53.408608 -81.742828
vn -19.480500 -59.954813 -77.626867
vn -17.800318 -54.783745 -81.742828
vn -15.250810 -61.167657 -77.626867
vn -13.935436 -55.891982 -81.742828
vn -10.946820 -62.082499 -77.626867
vn -10.002663 -56.727919 -81.742828
vn -6.589497 -62.694880 -77.626867
vn -6.021157 -57.287483 -81.742828
vn -2.200072 -63.001819 -77.626867
vn -2.010317 -57.567949 -81.742828
vn 2.200072 -63.001819 -77.626867
vn 2.010317 -57.567949 -81.742828
vn 6.589497 -62.694880 -77.626867
vn 6.021157 -57.287483 -81.742828
vn 10.946820 -62.082499 -77.626867
vn 10.002663 -56.727919 -81.742828
vn 15.250810 -61.167657 -77.626867
vn 13.935436 -55.891982 -81.742828
vn 19.480500 -59.954813 -77.626867
vn 17.800318 -54.783745 -81.742828
vn 23.615282 -58.449875 -77.626867
vn 21.578478 -53.408608 -81.742828
vn 27.635014 -56.660175 -77.626867
vn 25.251510 -51.773268 -81.742828
vn 31.520111 -54.594433 -77.626867
vn 28.801519 -49.885695 -81.742828
vn 35.251644 -52.262712 -77.626867
vn 32.211211 -47.755083 -81.742828
vn 38.811436 -49.676372 -77.626867
vn 35.463972 -45.391814 -81.742828
vn 42.182141 -46.848014 -77.626867
vn 38.543956 -42.807400 -81.742828
vn 45.347340 -43.791417 -77.626867
vn 41.436158 -40.014433 -81.742828
vn 48.291611 -40.521473 -77.626867
vn 44.126488 -37.026520 -81.742828
vn 51.000610 -37.054112 -77.626867
vn 46.601837 -33.858217 -81.742828
vn 53.461140 -33.406228 -77.626867
vn 48.850147 -30.524960 -81.742828
vn 55.661212 -29.595591 -77.626867
vn 50.860464 -27.042989 -81.742828
vn 57.590108 -25.640768 -77.626867
vn 52.622994 -23.429267 -81.742828
vn 59.238431 -21.561025 -77.626867
vn 54.129151 -19.701400 -81.742828
vn 60.598150 -17.376240 -77.626867
vn 55.371595 -15.877549 -81.742828
vn 61.662641 -13.106799 -77.626867
vn 56.344274 -11.976345 -81.742828
vn 62.426718 -8.773503 -77.626867
vn 57.042450 -8.016794 -81.742828
vn 62.886658 -4.397464 -77.626867
vn 57.462721 -4.018185 -81.742828
vn 63.040221 0.000000 -77.626867
vn 57.603039 0.000000 -81.742828
vn 62.886658 4.397464 -77.626867
vn 57.462721 4.018185 -81.742828
vn 62.426718 8.773503 -77.626867
vn 57.042450 8.016794 -81.742828
vn 61.662641 13.106799 -77.626867
vn 56.344274 11.976345 -81.742828
vn 60.598150 17.376240 -77.626867
vn 55.371595 15.877549 -81.742828
vn 59.238431 21.561025 -77.626867
vn 54.129151 19.701400 -81.742828
vn 57.590108 25.640768 -77.626867
vn 52.622994 23.429267 -81.742828
vn 55.661212 29.595591 -77.626867
vn 50.860464 27.042989 -81.742828
vn 53.461140 33.406228 -77.626867
vn 48.850147 30.524960 -81.742828
vn 51.000610 37.054112 -77.626867
vn 46.601837 33.858217 -81.742828
vn 48.291611 40.521473 -77.626867
vn 44.126488 37.026520 -81.742828
vn 45.347340 43.791417 -77.626867
vn 41.436158 40.014433 -81.742828
vn 42.182141 46.848014 -77.626867
vn 38.543956 42.807400 -81.742828
vn 38.811436 49.676372 -77.626867
vn 35.463972 45.391814 -81.742828
vn 35.251644 52.262712 -77.626867
vn 32.211211 47.755083 -81.742828
vn 31.520111 54.594433 -77.626867
vn 28.801519 49.885695 -81.742828
vn 27.642701 56.656426 -77.626867
vn 25.257831 51.770185 -81.742828
vn 23.615282 58.449875 -77.626867
vn 21.578478 53.408608 -81.742828
vn 19.480500 59.954813 -77.626867
vn 17.800318 54.783745 -81.742828
vn 15.250810 61.167657 -77.626867
vn 13.935436 55.891982 -81.742828
vn 10.946820 62.082499 -77.626867
vn 10.002663 56.727919 -81.742828
vn 6.589497 62.694880 -77.626867
vn 6.021157 57.287483 -81.742828
vn 2.200072 63.001819 -77.626867
vn 2.010317 57.567949 -81.742828
vn -2.200072 63.001819 -77.626867
vn -2.010317 57.567949 -81.742828
vn -6.589497 62.694880 -77.626867
vn -6.021157 57.287483 -81.742828
vn -10.946820 62.082499 -77.626867
vn -10.002663 56.727919 -81.742828
vn -15.250810 61.167657 -77.626867
vn -13.935436 55.891982 -81.742828
vn -19.480500 59.954813 -77.626867
vn -17.800318 54.783745 -81.742828
vn -23.615282 58.449875 -77.626867
vn -21.578478 53.408608 -81.742828
vn -25.257831 51.770185 -81.742828
vn -22.755639 46.643125 -85.478651
vn -25.948989 44.944968 -85.478651
vn -22.975786 39.795229 -88.816964
vn -29.020981 43.025374 -85.478651
vn -25.695793 38.095580 -88.816964
vn -31.951586 40.896165 -85.478651
vn -28.290613 36.210333 -88.816964
vn -34.726526 38.567714 -85.478651
vn -30.747603 34.148673 -88.816964
vn -37.332282 36.051365 -85.478651
vn -33.054795 31.920644 -88.816964
vn -39.756158 33.359378 -85.478651
vn -35.200946 29.537101 -88.816964
vn -41.986347 30.504867 -85.478651
vn -37.175603 27.009656 -88.816964
vn -44.011982 27.501739 -85.478651
vn -38.969143 24.350623 -88.816964
vn -45.823195 24.364625 -85.478651
vn -40.572830 21.572956 -88.816964
vn -47.411163 21.108810 -85.478651
vn -41.978850 18.690188 -88.816964
vn -48.768148 17.750154 -85.478651
vn -43.180353 15.716363 -88.816964
vn -49.887539 14.305022 -85.478651
vn -44.171486 12.665970 -88.816964
vn -50.763883 10.790197 -85.478651
vn -44.947420 9.553869 -88.816964
vn -51.392911 7.222803 -85.478651
vn -45.504374 6.395223 -88.816964
vn -51.771558 3.620220 -85.478651
vn -45.839636 3.205420 -88.816964
vn -51.897979 0.000000 -85.478651
vn -45.951572 0.000000 -88.816964
vn -51.771558 -3.620220 -85.478651
vn -45.839636 -3.205420 -88.816964
vn -51.392911 -7.222803 -85.478651
vn -45.504374 -6.395223 -88.816964
vn -50.763883 -10.790197 -85.478651
vn -44.947420 -9.553869 -88.816964
vn -49.887539 -14.305022 -85.478651
vn -44.171486 -12.665970 -88.816964
vn -48.768148 -17.750154 -85.478651
vn -43.180353 -15.716363 -88.816964
vn -47.411163 -21.108810 -85.478651
vn -41.978850 -18.690188 -88.816964
vn -45.823195 -24.364625 -85.478651
vn -40.572830 -21.572956 -88.816964
vn -44.011982 -27.501739 -85.478651
vn -38.969143 -24.350623 -88.816964
vn -41.986347 -30.504867 -85.478651
vn -37.175603 -27.009656 -88.816964
vn -39.756158 -33.359378 -85.478651
vn -35.200946 -29.537101 -88.816964
vn -37.332282 -36.051365 -85.478651
vn -33.054795 -31.920644 -88.816964
vn -34.726526 -38.567714 -85.478651
vn -30.747603 -34.148673 -88.816964
vn -31.951586 -40.896165 -85.478651
vn -28.290613 -36.210333 -88.816964
vn -29.020981 -43.025374 -85.478651
vn -25.695793 -38.095580 -88.816964
vn -25.948989 -44.944968 -85.478651
vn -22.975786 -39.795229 -88.816964
vn -22.750576 -46.645594 -85.478651
vn -20.143843 -41.300999 -88.816964
vn -19.441325 -48.118968 -85.478651
vn -17.213762 -42.605556 -88.816964
vn -16.037357 -49.357911 -85.478651
vn -14.199817 -43.702542 -88.816964
vn -12.555257 -50.356387 -85.478651
vn -11.116691 -44.586614 -88.816964
vn -9.011989 -51.109532 -85.478651
vn -7.979407 -45.253464 -88.816964
vn -5.424816 -51.613676 -85.478651
vn -4.803247 -45.699845 -88.816964
vn -1.811213 -51.866364 -85.478651
vn -1.603687 -45.923580 -88.816964
vn 1.811213 -51.866364 -85.478651
vn 1.603687 -45.923580 -88.816964
vn 5.424816 -51.613676 -85.478651
vn 4.803247 -45.699845 -88.816964
vn 9.011989 -51.109532 -85.478651
vn 7.979407 -45.253464 -88.816964
vn 12.555257 -50.356387 -85.478651
vn 11.116691 -44.586614 -88.816964
vn 16.037357 -49.357911 -85.478651
vn 14.199817 -43.702542 -88.816964
vn 19.441325 -48.118968 -85.478651
vn 17.213762 -42.605556 -88.816964
vn 22.750576 -46.645594 -85.478651
vn 20.143843 -41.300999 -88.816964
vn 25.948989 -44.944968 -85.478651
vn 22.975786 -39.795229 -88.816964
vn 29.020981 -43.025374 -85.478651
vn 25.695793 -38.095580 -88.816964
vn 31.951586 -40.896165 -85.478651
vn 28.290613 -36.210333 -88.816964
vn 34.726526 -38.567714 -85.478651
vn 30.747603 -34.148673 -88.816964
vn 37.332282 -36.051365 -85.478651
vn 33.054795 -31.920644 -88.816964
vn 39.756158 -33.359378 -85.478651
vn 35.200946 -29.537101 -88.816964
vn 41.986347 -30.504867 -85.478651
vn 37.175603 -27.009656 -88.816964
vn 44.011982 -27.501739 -85.478651
vn 38.969143 -24.350623 -88.816964
vn 45.823195 -24.364625 -85.478651
vn 40.572830 -21.572956 -88.816964
vn 47.411163 -21.108810 -85.478651
vn 41.978850 -18.690188 -88.816964
vn 48.768148 -17.750154 -85.478651
vn 43.180353 -15.716363 -88.816964
vn 49.887539 -14.305022 -85.478651
vn 44.171486 -12.665970 -88.816964
vn 50.763883 -10.790197 -85.478651
vn 44.947420 -9.553869 -88.816964
vn 51.392911 -7.222803 -85.478651
vn 45.504374 -6.395223 -88.816964
vn 51.771558 -3.620220 -85.478651
vn 45.839636 -3.205420 -88.816964
vn 51.897979 0.000000 -85.478651
vn 45.951572 0.000000 -88.816964
vn 51.771558 3.620220 -85.478651
vn 45.839636 3.205420 -88.816964
vn 51.392911 7.222803 -85.478651
vn 45.504374 6.395223 -88.816964
vn 50.763883 10.790197 -85.478651
vn 44.947420 9.553869 -88.816964
vn 49.887539 14.305022 -85.478651
vn 44.171486 12.665970 -88.816964
vn 48.768148 17.750154 -85.478651
vn 43.180353 15.716363 -88.816964
vn 47.411163 21.108810 -85.478651
vn 41.978850 18.690188 -88.816964
vn 45.823195 24.364625 -85.478651
vn 40.572830 21.572956 -88.816964
vn 44.011982 27.501739 -85.478651
vn 38.969143 24.350623 -88.816964
vn 41.986347 30.504867 -85.478651
vn 37.175603 27.009656 -88.816964
vn 39.756158 33.359378 -85.478651
vn 35.200946 29.537101 -88.816964
vn 37.332282 36.051365 -85.478651
vn 33.054795 31.920644 -88.816964
vn 34.726526 38.567714 -85.478651
vn 30.747603 34.148673 -88.816964
vn 31.951586 40.896165 -85.478651
vn 28.290613 36.210333 -88.816964
vn 29.020981 43.025374 -85.478651
vn 25.695793 38.095580 -88.816964
vn 25.948989 44.944968 -85.478651
vn 22.975786 39.795229 -88.816964
vn 22.755639 46.643125 -85.478651
vn 20.147765 41.299086 -88.816964
vn 19.441325 48.118968 -85.478651
vn 17.213762 42.605556 -88.816964
vn 16.037357 49.357911 -85.478651
vn 14.199817 43.702542 -88.816964
vn 12.555257 50.356387 -85.478651
vn 11.116691 44.586614 -88.816964
vn 9.011989 51.109532 -85.478651
vn 7.979407 45.253464 -88.816964
vn 5.424816 51.613676 -85.478651
vn 4.803247 45.699845 -88.816964
vn 1.811213 51.866364 -85.478651
vn 1.603687 45.923580 -88.816964
vn -1.811213 51.866364 -85.478651
vn -1.603687 45.923580 -88.816964
vn -5.424816 51.613676 -85.478651
vn -4.803247 45.699845 -88.816964
vn -9.011989 51.109532 -85.478651
vn -7.979407 45.253464 -88.816964
vn -12.555257 50.356387 -85.478651
vn -11.116691 44.586614 -88.816964
vn -16.037357 49.357911 -85.478651
vn -14.199817 43.702542 -88.816964
vn -19.441325 48.118968 -85.478651
vn -17.213762 42.605556 -88.816964
vn -20.147765 41.299086 -88.816964
vn -17.446344 35.762918 -91.742241
vn -19.895736 34.460425 -91.742241
vn -16.723162 28.965367 -94.240879
vn -22.251109 32.988625 -91.742241
vn -18.702947 27.728260 -94.240879
vn -24.498076 31.356108 -91.742241
vn -20.591614 26.356064 -94.240879
vn -26.625692 29.570826 -91.742241
vn -22.379960 24.855463 -94.240879
vn -28.623589 27.641479 -91.742241
vn -24.059273 23.233769 -94.240879
vn -30.482036 25.577465 -91.742241
vn -25.621371 21.498883 -94.240879
vn -32.191977 23.388840 -91.742241
vn -27.058645 19.659256 -94.240879
vn -33.745082 21.086267 -91.742241
vn -28.364092 17.723852 -94.240879
vn -35.133784 18.680964 -91.742241
vn -29.531352 15.702098 -94.240879
vn -36.351318 16.184650 -91.742241
vn -30.554738 13.603846 -94.240879
vn -37.391752 13.609485 -91.742241
vn -31.429265 11.439317 -94.240879
vn -38.250018 10.968016 -91.742241
vn -32.150671 9.219057 -94.240879
vn -38.921933 8.273112 -91.742241
vn -32.715442 6.953882 -94.240879
vn -39.404224 5.537903 -91.742241
vn -33.120827 4.654829 -94.240879
vn -39.694542 2.775713 -91.742241
vn -33.364851 2.333098 -94.240879
vn -39.791472 0.000000 -91.742241
vn -33.446325 0.000000 -94.240879
vn -39.694542 -2.775713 -91.742241
vn -33.364851 -2.333098 -94.240879
vn -39.404224 -5.537903 -91.742241
vn -33.120827 -4.654829 -94.240879
vn -38.921933 -8.273112 -91.742241
vn -32.715442 -6.953882 -94.240879
vn -38.250018 -10.968016 -91.742241
vn -32.150671 -9.219057 -94.240879
vn -37.391752 -13.609485 -91.742241
vn -31.429265 -11.439317 -94.240879
vn -36.351318 -16.184650 -91.742241
vn -30.554738 -13.603846 -94.240879
vn -35.133784 -18.680964 -91.742241
vn -29.531352 -15.702098 -94.240879
vn -33.745082 -21.086267 -91.742241
vn -28.364092 -17.723852 -94.240879
vn -32.191977 -23.388840 -91.742241
vn -27.058645 -19.659256 -94.240879
vn -30.482036 -25.577465 -91.742241
vn -25.621371 -21.498883 -94.240879
vn -28.623589 -27.641479 -91.742241
vn -24.059273 -23.233769 -94.240879
vn -26.625692 -29.570826 -91.742241
vn -22.379960 -24.855463 -94.240879
vn -24.498076 -31.356108 -91.742241
vn -20.591614 -26.356064 -94.240879
vn -22.251109 -32.988625 -91.742241
vn -18.702947 -27.728260 -94.240879
vn -19.895736 -34.460425 -91.742241
vn -16.723162 -28.965367 -94.240879
vn -17.443433 -35.764338 -91.742241
vn -14.661904 -30.061358 -94.240879
vn -14.906148 -36.894010 -91.742241
vn -12.529214 -31.010892 -94.240879
vn -12.296241 -37.843938 -91.742241
vn -10.335483 -31.809345 -94.240879
vn -9.626428 -38.609495 -91.742241
vn -8.091398 -32.452826 -94.240879
vn -6.909717 -39.186950 -91.742241
vn -5.807893 -32.938200 -94.240879
vn -4.159341 -39.573490 -91.742241
vn -3.496093 -33.263102 -94.240879
vn -1.388702 -39.767232 -91.742241
vn -1.167260 -33.425950 -94.240879
vn 1.388702 -39.767232 -91.742241
vn 1.167260 -33.425950 -94.240879
vn 4.159341 -39.573490 -91.742241
vn 3.496093 -33.263102 -94.240879
vn 6.909717 -39.186950 -91.742241
vn 5.807893 -32.938200 -94.240879
vn 9.626428 -38.609495 -91.742241
vn 8.091398 -32.452826 -94.240879
vn 12.296241 -37.843938 -91.742241
vn 10.335483 -31.809345 -94.240879
vn 14.906148 -36.894010 -91.742241
vn 12.529214 -31.010892 -94.240879
vn 17.443433 -35.764338 -91.742241
vn 14.661904 -30.061358 -94.240879
vn 19.895736 -34.460425 -91.742241
vn 16.723162 -28.965367 -94.240879
vn 22.251109 -32.988625 -91.742241
vn 18.702947 -27.728260 -94.240879
vn 24.498076 -31.356108 -91.742241
vn 20.591614 -26.356064 -94.240879
vn 26.625692 -29.570826 -91.742241
vn 22.379960 -24.855463 -94.240879
vn 28.623589 -27.641479 -91.742241
vn 24.059273 -23.233769 -94.240879
vn 30.482036 -25.577465 -91.742241
vn 25.621371 -21.498883 -94.240879
vn 32.191977 -23.388840 -91.742241
vn 27.058645 -19.659256 -94.240879
vn 33.745082 -21.086267 -91.742241
vn 28.364092 -17.723852 -94.240879
vn 35.133784 -18.680964 -91.742241
vn 29.531352 -15.702098 -94.240879
vn 36.351318 -16.184650 -91.742241
vn 30.554738 -13.603846 -94.240879
vn 37.391752 -13.609485 -91.742241
vn 31.429265 -11.439317 -94.240879
vn 38.250018 -10.968016 -91.742241
vn 32.150671 -9.219057 -94.240879
vn 38.921933 -8.273112 -91.742241
vn 32.715442 -6.953882 -94.240879
vn 39.404224 -5.537903 -91.742241
vn 33.120827 -4.654829 -94.240879
vn 39.694542 -2.775713 -91.742241
vn 33.364851 -2.333098 -94.240879
vn 39.791472 0.000000 -91.742241
vn 33.446325 0.000000 -94.240879
vn 39.694542 2.775713 -91.742241
vn 33.364851 2.333098 -94.240879
vn 39.404224 5.537903 -91.742241
vn 33.120827 4.654829 -94.240879
vn 38.921933 8.273112 -91.742241
vn 32.715442 6.953882 -94.240879
vn 38.250018 10.968016 -91.742241
vn 32.150671 9.219057 -94.240879
vn 37.391752 13.609485 -91.742241
vn 31.429265 11.439317 -94.240879
vn 36.351318 16.184650 -91.742241
vn 30.554738 13.603846 -94.240879
vn 35.133784 18.680964 -91.742241
vn 29.531352 15.702098 -94.240879
vn 33.745082 21.086267 -91.742241
vn 28.364092 17.723852 -94.240879
vn 32.191977 23.388840 -91.742241
vn 27.058645 19.659256 -94.240879
vn 30.482036 25.577465 -91.742241
vn 25.621371 21.498883 -94.240879
vn 28.623589 27.641479 -91.742241
vn 24.059273 23.233769 -94.240879
vn 26.625692 29.570826 -91.742241
vn 22.379960 24.855463 -94.240879
vn 24.498076 31.356108 -91.742241
vn 20.591614 26.356064 -94.240879
vn 22.251109 32.988625 -91.742241
vn 18.702947 27.728260 -94.240879
vn 19.895736 34.460425 -91.742241
vn 16.723162 28.965367 -94.240879
vn 17.446344 35.762918 -91.742241
vn 14.663943 30.060363 -94.240879
vn 14.906148 36.894010 -91.742241
vn 12.529214 31.010892 -94.240879
vn 12.296241 37.843938 -91.742241
vn 10.335483 31.809345 -94.240879
vn 9.626428 38.609495 -91.742241
vn 8.091398 32.452826 -94.240879
vn 6.909717 39.186950 -91.742241
vn 5.807893 32.938200 -94.240879
vn 4.159341 39.573490 -91.742241
vn 3.496093 33.263102 -94.240879
vn 1.388702 39.767232 -91.742241
vn 1.167260 33.425950 -94.240879
vn -1.388702 39.767232 -91.742241
vn -1.167260 33.425950 -94.240879
vn -4.159341 39.573490 -91.742241
vn -3.496093 33.263102 -94.240879
vn -6.909717 39.186950 -91.742241
vn -5.807893 32.938200 -94.240879
vn -9.626428 38.609495 -91.742241
vn -8.091398 32.452826 -94.240879
vn -12.296241 37.843938 -91.742241
vn -10.335483 31.809345 -94.240879
vn -14.906148 36.894010 -91.742241
vn -12.529214 31.010892 -94.240879
vn -14.663943 30.060363 -94.240879
vn -11.813505 24.217939 -96.301259
vn -13.472819 23.335608 -96.301259
vn -10.159822 17.597328 -97.913799
vn -15.067810 22.338947 -96.301259
vn -11.362601 16.845749 -97.913799
vn -16.589392 21.233453 -96.301259
vn -12.510022 16.012098 -97.913799
vn -18.030152 20.024512 -96.301259
vn -13.596496 15.100439 -97.913799
vn -19.383070 18.718013 -96.301259
vn -14.616729 14.115211 -97.913799
vn -20.641557 17.320323 -96.301259
vn -15.565751 13.061216 -97.913799
vn -21.799480 15.838249 -96.301259
vn -16.438938 11.943587 -97.913799
vn -22.851198 14.279013 -96.301259
vn -17.232036 10.767771 -97.913799
vn -23.791587 12.650211 -96.301259
vn -17.941181 9.539495 -97.913799
vn -24.616066 10.959779 -96.301259
vn -18.562919 8.264744 -97.913799
vn -25.320618 9.215951 -96.301259
vn -19.094220 6.949728 -97.913799
vn -25.901810 7.427225 -96.301259
vn -19.532496 5.600853 -97.913799
vn -26.356812 5.602313 -96.301259
vn -19.875611 4.224692 -97.913799
vn -26.683406 3.750108 -96.301259
vn -20.121895 2.827948 -97.913799
vn -26.880000 1.879633 -96.301259
vn -20.270147 1.417427 -97.913799
vn -26.945639 0.000000 -96.301259
vn -20.319644 0.000000 -97.913799
vn -26.880000 -1.879633 -96.301259
vn -20.270147 -1.417427 -97.913799
vn -26.683406 -3.750108 -96.301259
vn -20.121895 -2.827948 -97.913799
vn -26.356812 -5.602313 -96.301259
vn -19.875611 -4.224692 -97.913799
vn -25.901810 -7.427225 -96.301259
vn -19.532496 -5.600853 -97.913799
vn -25.320618 -9.215951 -96.301259
vn -19.094220 -6.949728 -97.913799
vn -24.616066 -10.959779 -96.301259
vn -18.562919 -8.264744 -97.913799
vn -23.791587 -12.650211 -96.301259
vn -17.941181 -9.539495 -97.913799
vn -22.851198 -14.279013 -96.301259
vn -17.232036 -10.767771 -97.913799
vn -21.799480 -15.838249 -96.301259
vn -16.438938 -11.943587 -97.913799
vn -20.641557 -17.320323 -96.301259
vn -15.565751 -13.061216 -97.913799
vn -19.383070 -18.718013 -96.301259
vn -14.616729 -14.115211 -97.913799
vn -18.030152 -20.024512 -96.301259
vn -13.596496 -15.100439 -97.913799
vn -16.589392 -21.233453 -96.301259
vn -12.510022 -16.012098 -97.913799
vn -15.067810 -22.338947 -96.301259
vn -11.362601 -16.845749 -97.913799
vn -13.472819 -23.335608 -96.301259
vn -10.159822 -17.597328 -97.913799
vn -11.812191 -24.218580 -96.301259
vn -8.907546 -18.263175 -97.913799
vn -10.094014 -24.983561 -96.301259
vn -7.611873 -18.840046 -97.913799
vn -8.326660 -25.626825 -96.301259
vn -6.279115 -19.325130 -97.913799
vn -6.518740 -26.145238 -96.301259
vn -4.915767 -19.716064 -97.913799
vn -4.679061 -26.536274 -96.301259
vn -3.528469 -20.010943 -97.913799
vn -2.816586 -26.798028 -96.301259
vn -2.123981 -20.208331 -97.913799
vn -0.940389 -26.929224 -96.301259
vn -0.709145 -20.307266 -97.913799
vn 0.940389 -26.929224 -96.301259
vn 0.709145 -20.307266 -97.913799
vn 2.816586 -26.798028 -96.301259
vn 2.123981 -20.208331 -97.913799
vn 4.679061 -26.536274 -96.301259
vn 3.528469 -20.010943 -97.913799
vn 6.518740 -26.145238 -96.301259
vn 4.915767 -19.716064 -97.913799
vn 8.326660 -25.626825 -96.301259
vn 6.279115 -19.325130 -97.913799
vn 10.094014 -24.983561 -96.301259
vn 7.611873 -18.840046 -97.913799
vn 11.812191 -24.218580 -96.301259
vn 8.907546 -18.263175 -97.913799
vn 13.472819 -23.335608 -96.301259
vn 10.159822 -17.597328 -97.913799
vn 15.067810 -22.338947 -96.301259
vn 11.362601 -16.845749 -97.913799
vn 16.589392 -21.233453 -96.301259
vn 12.510022 -16.012098 -97.913799
vn 18.030152 -20.024512 -96.301259
vn 13.596496 -15.100439 -97.913799
vn 19.383070 -18.718013 -96.301259
vn 14.616729 -14.115211 -97.913799
vn 20.641557 -17.320323 -96.301259
vn 15.565751 -13.061216 -97.913799
vn 21.799480 -15.838249 -96.301259
vn 16.438938 -11.943587 -97.913799
vn 22.851198 -14.279013 -96.301259
vn 17.232036 -10.767771 -97.913799
vn 23.791587 -12.650211 -96.301259
vn 17.941181 -9.539495 -97.913799
vn 24.616066 -10.959779 -96.301259
vn 18.562919 -8.264744 -97.913799
vn 25.320618 -9.215951 -96.301259
vn 19.094220 -6.949728 -97.913799
vn 25.901810 -7.427225 -96.301259
vn 19.532496 -5.600853 -97.913799
vn 26.356812 -5.602313 -96.301259
vn 19.875611 -4.224692 -97.913799
vn 26.683406 -3.750108 -96.301259
vn 20.121895 -2.827948 -97.913799
vn 26.880000 -1.879633 -96.301259
vn 20.270147 -1.417427 -97.913799
vn 26.945639 0.000000 -96.301259
vn 20.319644 0.000000 -97.913799
vn 26.880000 1.879633 -96.301259
vn 20.270147 1.417427 -97.913799
vn 26.683406 3.750108 -96.301259
vn 20.121895 2.827948 -97.913799
vn 26.356812 5.602313 -96.301259
vn 19.875611 4.224692 -97.913799
vn 25.901810 7.427225 -96.301259
vn 19.532496 5.600853 -97.913799
vn 25.320618 9.215951 -96.301259
vn 19.094220 6.949728 -97.913799
vn 24.616066 10.959779 -96.301259
vn 18.562919 8.264744 -97.913799
vn 23.791587 12.650211 -96.301259
vn 17.941181 9.539495 -97.913799
vn 22.851198 14.279013 -96.301259
vn 17.232036 10.767771 -97.913799
vn 21.799480 15.838249 -96.301259
vn 16.438938 11.943587 -97.913799
vn 20.641557 17.320323 -96.301259
vn 15.565751 13.061216 -97.913799
vn 19.383070 18.718013 -96.301259
vn 14.616729 14.115211 -97.913799
vn 18.030152 20.024512 -96.301259
vn 13.596496 15.100439 -97.913799
vn 16.589392 21.233453 -96.301259
vn 12.510022 16.012098 -97.913799
vn 15.067810 22.338947 -96.301259
vn 11.362601 16.845749 -97.913799
vn 13.472819 23.335608 -96.301259
vn 10.159822 17.597328 -97.913799
vn 11.813505 24.217939 -96.301259
vn 8.908289 18.262813 -97.913799
vn 10.094014 24.983561 -96.301259
vn 7.611873 18.840046 -97.913799
vn 8.326660 25.626825 -96.301259
vn 6.279115 19.325130 -97.913799
vn 6.518740 26.145238 -96.301259
vn 4.915767 19.716064 -97.913799
vn 4.679061 26.536274 -96.301259
vn 3.528469 20.010943 -97.913799
vn 2.816586 26.798028 -96.301259
vn 2.123981 20.208331 -97.913799
vn 0.940389 26.929224 -96.301259
vn 0.709145 20.307266 -97.913799
vn -0.940389 26.929224 -96.301259
vn -0.709145 20.307266 -97.913799
vn -2.816586 26.798028 -96.301259
vn -2.123981 20.208331 -97.913799
vn -4.679061 26.536274 -96.301259
vn -3.528469 20.010943 -97.913799
vn -6.518740 26.145238 -96.301259
vn -4.915767 19.716064 -97.913799
vn -8.326660 25.626825 -96.301259
vn -6.279115 19.325130 -97.913799
vn -10.094014 24.983561 -96.301259
vn -7.611873 18.840046 -97.913799
vn -8.908289 18.262813 -97.913799
vn -5.961809 12.222678 -99.071000
vn -6.799578 11.777214 -99.071000
vn -3.407713 5.902331 -99.767480
vn -7.604551 11.274211 -99.071000
vn -3.811137 5.650243 -99.767480
vn -8.372476 10.716281 -99.071000
vn -4.195995 5.370628 -99.767480
vn -9.099611 10.106142 -99.071000
vn -4.560409 5.064848 -99.767480
vn -9.782414 9.446767 -99.071000
vn -4.902606 4.734392 -99.767480
vn -10.417558 8.741369 -99.071000
vn -5.220918 4.380871 -99.767480
vn -11.001948 7.993383 -99.071000
vn -5.513795 4.006006 -99.767480
vn -11.532738 7.206455 -99.071000
vn -5.779808 3.611625 -99.767480
vn -12.007342 6.384417 -99.071000
vn -6.017663 3.199648 -99.767480
vn -12.423447 5.531275 -99.071000
vn -6.226201 2.772083 -99.767480
vn -12.779026 4.651185 -99.071000
vn -6.404405 2.331013 -99.767480
vn -13.072347 3.748435 -99.071000
vn -6.551407 1.878586 -99.767480
vn -13.301981 2.827423 -99.071000
vn -6.666492 1.417007 -99.767480
vn -13.466810 1.892637 -99.071000
vn -6.749098 0.948524 -99.767480
vn -13.566029 0.948629 -99.071000
vn -6.798823 0.475420 -99.767480
vn -13.599156 0.000000 -99.071000
vn -6.815425 0.000000 -99.767480
vn -13.566029 -0.948629 -99.071000
vn -6.798823 -0.475420 -99.767480
vn -13.466810 -1.892637 -99.071000
vn -6.749098 -0.948524 -99.767480
vn -13.301981 -2.827423 -99.071000
vn -6.666492 -1.417007 -99.767480
vn -13.072347 -3.748435 -99.071000
vn -6.551407 -1.878586 -99.767480
vn -12.779026 -4.651185 -99.071000
vn -6.404405 -2.331013 -99.767480
vn -12.423447 -5.531275 -99.071000
vn -6.226201 -2.772083 -99.767480
vn -12.007342 -6.384417 -99.071000
vn -6.017663 -3.199648 -99.767480
vn -11.532738 -7.206455 -99.071000
vn -5.779808 -3.611625 -99.767480
vn -11.001948 -7.993383 -99.071000
vn -5.513795 -4.006006 -99.767480
vn -10.417558 -8.741369 -99.071000
vn -5.220918 -4.380871 -99.767480
vn -9.782414 -9.446767 -99.071000
vn -4.902606 -4.734392 -99.767480
vn -9.099611 -10.106142 -99.071000
vn -4.560409 -5.064848 -99.767480
vn -8.372476 -10.716281 -99.071000
vn -4.195995 -5.370628 -99.767480
vn -7.604551 -11.274211 -99.071000
vn -3.811137 -5.650243 -99.767480
vn -6.799578 -11.777214 -99.071000
vn -3.407713 -5.902331 -99.767480
vn -5.961477 -12.222840 -99.071000
vn -2.987686 -6.125663 -99.767480
vn -5.094333 -12.608917 -99.071000
vn -2.553103 -6.319152 -99.767480
vn -4.202370 -12.933566 -99.071000
vn -2.106082 -6.481854 -99.767480
vn -3.289933 -13.195203 -99.071000
vn -1.648801 -6.612978 -99.767480
vn -2.361469 -13.392554 -99.071000
vn -1.183486 -6.711883 -99.767480
vn -1.421499 -13.524658 -99.071000
vn -0.712406 -6.778089 -99.767480
vn -0.474604 -13.590871 -99.071000
vn -0.237855 -6.811273 -99.767480
vn 0.474604 -13.590871 -99.071000
vn 0.237855 -6.811273 -99.767480
vn 1.421499 -13.524658 -99.071000
vn 0.712406 -6.778089 -99.767480
vn 2.361469 -13.392554 -99.071000
vn 1.183486 -6.711883 -99.767480
vn 3.289933 -13.195203 -99.071000
vn 1.648801 -6.612978 -99.767480
vn 4.202370 -12.933566 -99.071000
vn 2.106082 -6.481854 -99.767480
vn 5.094333 -12.608917 -99.071000
vn 2.553103 -6.319152 -99.767480
vn 5.961477 -12.222840 -99.071000
vn 2.987686 -6.125663 -99.767480
vn 6.799578 -11.777214 -99.071000
vn 3.407713 -5.902331 -99.767480
vn 7.604551 -11.274211 -99.071000
vn 3.811137 -5.650243 -99.767480
vn 8.372476 -10.716281 -99.071000
vn 4.195995 -5.370628 -99.767480
vn 9.099611 -10.106142 -99.071000
vn 4.560409 -5.064848 -99.767480
vn 9.782414 -9.446767 -99.071000
vn 4.902606 -4.734392 -99.767480
vn 10.417558 -8.741369 -99.071000
vn 5.220918 -4.380871 -99.767480
vn 11.001948 -7.993383 -99.071000
vn 5.513795 -4.006006 -99.767480
vn 11.532738 -7.206455 -99.071000
vn 5.779808 -3.611625 -99.767480
vn 12.007342 -6.384417 -99.071000
vn 6.017663 -3.199648 -99.767480
vn 12.423447 -5.531275 -99.071000
vn 6.226201 -2.772083 -99.767480
vn 12.779026 -4.651185 -99.071000
vn 6.404405 -2.331013 -99.767480
vn 13.072347 -3.748435 -99.071000
vn 6.551407 -1.878586 -99.767480
vn 13.301981 -2.827423 -99.071000
vn 6.666492 -1.417007 -99.767480
vn 13.466810 -1.892637 -99.071000
vn 6.749098 -0.948524 -99.767480
vn 13.566029 -0.948629 -99.071000
vn 6.798823 -0.475420 -99.767480
vn 13.599156 0.000000 -99.071000
vn 6.815425 0.000000 -99.767480
vn 13.566029 0.948629 -99.071000
vn 6.798823 0.475420 -99.767480
vn 13.466810 1.892637 -99.071000
vn 6.749098 0.948524 -99.767480
vn 13.301981 2.827423 -99.071000
vn 6.666492 1.417007 -99.767480
vn 13.072347 3.748435 -99.071000
vn 6.551407 1.878586 -99.767480
vn 12.779026 4.651185 -99.071000
vn 6.404405 2.331013 -99.767480
vn 12.423447 5.531275 -99.071000
vn 6.226201 2.772083 -99.767480
vn 12.007342 6.384417 -99.071000
vn 6.017663 3.199648 -99.767480
vn 11.532738 7.206455 -99.071000
vn 5.779808 3.611625 -99.767480
vn 11.001948 7.993383 -99.071000
vn 5.513795 4.006006 -99.767480
vn 10.417558 8.741369 -99.071000
vn 5.220918 4.380871 -99.767480
vn 9.782414 9.446767 -99.071000
vn 4.902606 4.734392 -99.767480
vn 9.099611 10.106142 -99.071000
vn 4.560409 5.064848 -99.767480
vn 8.372476 10.716281 -99.071000
vn 4.195995 5.370628 -99.767480
vn 7.604551 11.274211 -99.071000
vn 3.811137 5.650243 -99.767480
vn 6.799578 11.777214 -99.071000
vn 3.407713 5.902331 -99.767480
vn 5.961809 12.222678 -99.071000
vn 2.987769 6.125623 -99.767480
vn 5.094333 12.608917 -99.071000
vn 2.553103 6.319152 -99.767480
vn 4.202370 12.933566 -99.071000
vn 2.106082 6.481854 -99.767480
vn 3.289933 13.195203 -99.071000
vn 1.648801 6.612978 -99.767480
vn 2.361469 13.392554 -99.071000
vn 1.183486 6.711883 -99.767480
vn 1.421499 13.524658 -99.071000
vn 0.712406 6.778089 -99.767480
vn 0.474604 13.590871 -99.071000
vn 0.237855 6.811273 -99.767480
vn -0.474604 13.590871 -99.071000
vn -0.237855 6.811273 -99.767480
vn -1.421499 13.524658 -99.071000
vn -0.712406 6.778089 -99.767480
vn -2.361469 13.392554 -99.071000
vn -1.183486 6.711883 -99.767480
vn -3.289933 13.195203 -99.071000
vn -1.648801 6.612978 -99.767480
vn -4.202370 12.933566 -99.071000
vn -2.106082 6.481854 -99.767480
vn -5.094333 12.608917 -99.071000
vn -2.553103 6.319152 -99.767480
vn -2.987769 6.125623 -99.767480
vn -0.000000 0.000000 -100.000000
usemtl Paint_-_Metallic_(Blue)
f 2/1/1 3/2/2 1/3/3
f 1/3/3 3/2/2 14/4/4
f 1/3/3 14/4/4 11/5/5
f 11/5/5 14/4/4 10/6/6
f 10/6/6 14/4/4 15/7/7
f 10/6/6 15/7/7 16/8/8
f 16/8/8 15/7/7 20/9/9
f 16/8/8 20/9/9 21/10/10
f 21/10/10 20/9/9 25/11/11
f 21/10/10 25/11/11 6/12/12
f 6/12/12 25/11/11 12/13/13
f 6/12/12 12/13/13 5/14/14
f 14/4/4 3/2/2 18/15/15
f 18/15/15 3/2/2 4/16/16
f 18/15/15 4/16/16 22/17/17
f 22/17/17 4/16/16 13/18/18
f 22/17/17 13/18/18 27/19/19
f 27/19/19 13/18/18 5/20/20
f 4/16/16 5/21/21 13/18/18
f 6/12/12 7/22/22 21/10/10
f 21/10/10 7/22/22 8/23/23
f 21/10/10 8/23/23 17/24/24
f 17/24/24 8/23/23 9/25/25
f 17/24/24 9/25/25 16/8/8
f 16/8/8 9/25/25 10/6/6
f 27/19/19 5/26/26 26/27/27
f 26/27/27 5/28/28 12/13/13
f 15/7/7 14/4/4 19/29/29
f 19/29/29 14/4/4 18/15/15
f 19/29/29 18/15/15 23/30/30
f 23/30/30 18/15/15 22/17/17
f 23/30/30 22/17/17 27/19/19
f 21/10/10 17/24/24 16/8/8
f 15/7/7 19/29/29 20/9/9
f 20/9/9 19/29/29 24/31/31
f 20/9/9 24/31/31 25/11/11
f 25/11/11 24/31/31 12/13/13
f 24/31/31 19/29/29 23/30/30
f 27/19/19 26/27/27 23/30/30
f 23/30/30 26/27/27 24/31/31
f 26/27/27 12/13/13 24/31/31
f 29/32/32 43/33/33 28/34/34
f 28/34/34 43/33/33 37/35/35
f 28/34/34 37/35/35 38/36/36
f 29/32/32 30/37/37 43/33/33
f 43/33/33 30/37/37 42/38/38
f 43/33/33 42/38/38 37/35/35
f 37/35/35 42/38/38 41/39/39
f 37/35/35 41/39/39 36/40/40
f 36/40/40 41/39/39 51/41/41
f 36/40/40 51/41/41 39/42/42
f 39/42/42 51/41/41 50/43/43
f 39/42/42 50/43/43 54/44/44
f 54/44/44 50/43/43 49/45/45
f 54/44/44 49/45/45 55/46/46
f 55/46/46 49/45/45 48/47/47
f 55/46/46 48/47/47 56/48/48
f 56/48/48 48/47/47 35/49/49
f 56/48/48 35/49/49 5/50/50
f 42/38/38 30/37/37 47/51/51
f 47/51/51 30/37/37 31/52/52
f 47/51/51 31/52/52 46/53/53
f 46/53/53 31/52/52 45/54/54
f 46/53/53 45/54/54 52/55/55
f 52/55/55 45/54/54 53/56/56
f 52/55/55 53/56/56 50/43/43
f 50/43/43 53/56/56 49/45/45
f 45/54/54 31/52/52 44/57/57
f 44/57/57 31/52/52 32/58/58
f 44/57/57 32/58/58 33/59/59
f 44/57/57 33/59/59 40/60/60
f 40/60/60 33/59/59 34/61/61
f 40/60/60 34/61/61 48/47/47
f 48/47/47 34/61/61 35/49/49
f 56/48/48 5/62/62 55/46/46
f 55/46/46 5/63/63 54/44/44
f 54/44/44 5/64/64 39/42/42
f 5/65/65 36/40/40 39/42/42
f 53/56/56 45/54/54 44/57/57
f 41/39/39 42/38/38 46/53/53
f 46/53/53 42/38/38 47/51/51
f 41/39/39 46/53/53 52/55/55
f 48/47/47 49/45/45 40/60/60
f 40/60/60 49/45/45 53/56/56
f 40/60/60 53/56/56 44/57/57
f 41/39/39 52/55/55 51/41/41
f 51/41/41 52/55/55 50/43/43
f 73/66/66 1/67/67 78/68/68
f 78/68/68 1/67/67 11/69/69
f 78/68/68 11/69/69 77/70/70
f 77/70/70 11/69/69 76/71/71
f 77/70/70 76/71/71 82/72/72
f 82/72/72 76/71/71 81/73/73
f 82/72/72 81/73/73 86/74/74
f 86/74/74 81/73/73 85/75/75
f 86/74/74 85/75/75 94/76/76
f 94/76/76 85/75/75 95/77/77
f 94/76/76 95/77/77 91/78/78
f 91/78/78 95/77/77 90/79/79
f 91/78/78 90/79/79 101/80/80
f 101/80/80 90/79/79 100/81/81
f 101/80/80 100/81/81 65/82/82
f 65/82/82 100/81/81 64/83/83
f 64/83/83 100/81/81 99/84/84
f 64/83/83 99/84/84 63/85/85
f 63/85/85 99/84/84 98/86/86
f 63/85/85 98/86/86 61/87/87
f 61/87/87 98/86/86 60/88/88
f 60/88/88 98/86/86 88/89/89
f 60/88/88 88/89/89 59/90/90
f 59/90/90 88/89/89 58/91/91
f 58/91/91 88/89/89 97/92/92
f 58/91/91 97/92/92 74/93/93
f 74/93/93 97/92/92 96/94/94
f 74/93/93 96/94/94 84/95/95
f 84/95/95 96/94/94 95/77/77
f 84/95/95 95/77/77 85/75/75
f 11/69/69 10/96/96 76/71/71
f 76/71/71 10/96/96 75/97/97
f 76/71/71 75/97/97 81/73/73
f 81/73/73 75/97/97 80/98/98
f 81/73/73 80/98/98 85/75/75
f 85/75/75 80/98/98 84/95/95
f 10/96/96 9/99/99 75/97/97
f 75/97/97 9/99/99 80/98/98
f 80/98/98 9/99/99 79/100/100
f 79/100/100 9/99/99 8/101/101
f 79/100/100 8/101/101 57/102/102
f 57/102/102 8/101/101 7/103/103
f 79/100/100 57/102/102 74/93/93
f 74/93/93 57/102/102 58/91/91
f 61/87/87 62/104/104 63/85/85
f 65/82/82 66/105/105 101/80/80
f 101/80/80 66/105/105 102/106/106
f 101/80/80 102/106/106 91/78/78
f 91/78/78 102/106/106 92/107/107
f 91/78/78 92/107/107 94/76/76
f 94/76/76 92/107/107 93/108/108
f 94/76/76 93/108/108 86/74/74
f 86/74/74 93/108/108 87/109/109
f 86/74/74 87/109/109 82/72/72
f 82/72/72 87/109/109 83/110/110
f 82/72/72 83/110/110 77/70/70
f 77/70/70 83/110/110 78/68/68
f 66/105/105 67/111/111 102/106/106
f 102/106/106 67/111/111 68/112/112
f 102/106/106 68/112/112 69/113/113
f 102/106/106 69/113/113 92/107/107
f 92/107/107 69/113/113 70/114/114
f 92/107/107 70/114/114 93/108/108
f 93/108/108 70/114/114 71/115/115
f 93/108/108 71/115/115 87/109/109
f 87/109/109 71/115/115 72/116/116
f 87/109/109 72/116/116 83/110/110
f 83/110/110 72/116/116 73/66/66
f 83/110/110 73/66/66 78/68/68
f 84/95/95 80/98/98 79/100/100
f 74/93/93 84/95/95 79/100/100
f 96/94/94 97/92/92 89/117/117
f 89/117/117 97/92/92 88/89/89
f 89/117/117 88/89/89 99/84/84
f 99/84/84 88/89/89 98/86/86
f 95/77/77 96/94/94 90/79/79
f 90/79/79 96/94/94 89/117/117
f 90/79/79 89/117/117 100/81/81
f 100/81/81 89/117/117 99/84/84
f 7/118/103 6/119/118 57/120/102
f 57/120/102 6/119/118 58/121/91
f 58/121/91 6/119/118 59/122/90
f 59/122/90 6/119/118 5/123/119
f 59/122/90 5/123/119 60/124/88
f 60/124/88 5/123/119 61/125/87
f 61/125/87 5/123/119 35/126/120
f 61/125/87 35/126/120 107/127/121
f 107/127/121 35/126/120 106/128/122
f 106/128/122 35/126/120 105/129/123
f 105/129/123 35/126/120 34/130/124
f 105/129/123 34/130/124 104/131/125
f 104/131/125 34/130/124 103/132/126
f 103/132/126 34/130/124 33/133/127
f 61/125/87 107/127/121 62/134/104
f 62/134/104 107/127/121 108/135/128
f 62/134/104 108/135/128 109/136/129
f 109/136/129 110/137/130 62/134/104
f 103/138/126 33/139/127 126/140/131
f 126/140/131 33/139/127 32/141/132
f 126/140/131 32/141/132 31/142/133
f 30/143/134 127/144/135 31/142/133
f 31/142/133 127/144/135 125/145/136
f 31/142/133 125/145/136 126/140/131
f 126/140/131 125/145/136 136/146/137
f 126/140/131 136/146/137 103/138/126
f 103/138/126 136/146/137 104/147/125
f 104/147/125 136/146/137 135/148/138
f 104/147/125 135/148/138 105/149/123
f 105/149/123 135/148/138 145/150/139
f 105/149/123 145/150/139 106/151/122
f 106/151/122 145/150/139 107/152/121
f 107/152/121 145/150/139 108/153/128
f 108/153/128 145/150/139 121/154/140
f 121/154/140 145/150/139 144/155/141
f 121/154/140 144/155/141 120/156/142
f 120/156/142 144/155/141 143/157/143
f 120/156/142 143/157/143 142/158/144
f 142/158/144 143/157/143 132/159/145
f 142/158/144 132/159/145 131/160/146
f 131/160/146 132/159/145 140/161/147
f 131/160/146 140/161/147 113/162/148
f 113/162/148 140/161/147 122/163/149
f 113/162/148 122/163/149 112/164/150
f 112/164/150 122/163/149 130/165/151
f 112/164/150 130/165/151 111/166/152
f 111/166/152 130/165/151 28/167/153
f 28/167/153 130/165/151 29/168/154
f 29/168/154 130/165/151 129/169/155
f 29/168/154 129/169/155 128/170/156
f 128/170/156 129/169/155 124/171/157
f 128/170/156 124/171/157 125/145/136
f 125/145/136 124/171/157 137/172/158
f 125/145/136 137/172/158 136/146/137
f 136/146/137 137/172/158 135/148/138
f 127/144/135 30/143/134 128/170/156
f 128/170/156 30/143/134 29/168/154
f 113/162/148 114/173/159 131/160/146
f 131/160/146 114/173/159 115/174/160
f 131/160/146 115/174/160 141/175/161
f 141/175/161 115/174/160 116/176/162
f 141/175/161 116/176/162 118/177/163
f 118/177/163 116/176/162 117/178/164
f 118/177/163 119/179/165 141/175/161
f 141/175/161 119/179/165 142/158/144
f 141/175/161 142/158/144 131/160/146
f 119/179/165 120/156/142 142/158/144
f 129/169/155 130/165/151 123/180/166
f 123/180/166 130/165/151 122/163/149
f 123/180/166 122/163/149 139/181/167
f 139/181/167 122/163/149 140/161/147
f 139/181/167 140/161/147 132/159/145
f 129/169/155 123/180/166 124/171/157
f 124/171/157 123/180/166 138/182/168
f 124/171/157 138/182/168 137/172/158
f 137/172/158 138/182/168 134/183/169
f 137/172/158 134/183/169 135/148/138
f 135/148/138 134/183/169 145/150/139
f 138/182/168 123/180/166 139/181/167
f 127/144/135 128/170/156 125/145/136
f 138/182/168 139/181/167 133/184/170
f 133/184/170 139/181/167 132/159/145
f 133/184/170 132/159/145 143/157/143
f 138/182/168 133/184/170 134/183/169
f 134/183/169 133/184/170 144/155/141
f 134/183/169 144/155/141 145/150/139
f 144/155/141 133/184/170 143/157/143
f 147/185/171 148/186/172 146/187/173
f 146/187/173 148/186/172 159/188/174
f 146/187/173 159/188/174 156/189/175
f 156/189/175 159/188/174 155/190/176
f 155/190/176 159/188/174 160/191/177
f 155/190/176 160/191/177 161/192/178
f 161/192/178 160/191/177 165/193/179
f 161/192/178 165/193/179 166/194/180
f 166/194/180 165/193/179 170/195/181
f 166/194/180 170/195/181 151/196/182
f 151/196/182 170/195/181 157/197/183
f 151/196/182 157/197/183 150/198/184
f 159/188/174 148/186/172 163/199/185
f 163/199/185 148/186/172 149/200/186
f 163/199/185 149/200/186 167/201/187
f 167/201/187 149/200/186 158/202/188
f 167/201/187 158/202/188 172/203/189
f 172/203/189 158/202/188 150/204/190
f 149/200/186 150/205/191 158/202/188
f 151/196/182 152/206/192 166/194/180
f 166/194/180 152/206/192 153/207/193
f 166/194/180 153/207/193 162/208/194
f 162/208/194 153/207/193 154/209/195
f 162/208/194 154/209/195 161/192/178
f 161/192/178 154/209/195 155/190/176
f 172/203/189 150/210/196 171/211/197
f 171/211/197 150/212/198 157/197/183
f 160/191/177 159/188/174 164/213/199
f 164/213/199 159/188/174 163/199/185
f 164/213/199 163/199/185 168/214/200
f 168/214/200 163/199/185 167/201/187
f 168/214/200 167/201/187 172/203/189
f 166/194/180 162/208/194 161/192/178
f 160/191/177 164/213/199 165/193/179
f 165/193/179 164/213/199 169/215/201
f 165/193/179 169/215/201 170/195/181
f 170/195/181 169/215/201 157/197/183
f 169/215/201 164/213/199 168/214/200
f 172/203/189 171/211/197 168/214/200
f 168/214/200 171/211/197 169/215/201
f 171/211/197 157/197/183 169/215/201
f 174/216/202 186/217/203 173/218/204
f 173/218/204 186/217/203 181/219/205
f 173/218/204 181/219/205 182/220/206
f 174/216/202 175/221/207 186/217/203
f 186/217/203 175/221/207 185/222/208
f 186/217/203 185/222/208 181/219/205
f 181/219/205 185/222/208 184/223/209
f 181/219/205 184/223/209 180/224/210
f 180/224/210 184/223/209 194/225/211
f 180/224/210 194/225/211 150/226/212
f 185/222/208 175/221/207 190/227/213
f 190/227/213 175/221/207 176/228/214
f 190/227/213 176/228/214 189/229/215
f 189/229/215 176/228/214 188/230/216
f 189/229/215 188/230/216 195/231/217
f 195/231/217 188/230/216 196/232/218
f 195/231/217 196/232/218 193/233/219
f 193/233/219 196/232/218 192/234/220
f 193/233/219 192/234/220 150/235/221
f 188/230/216 176/228/214 187/236/222
f 187/236/222 176/228/214 177/237/223
f 187/236/222 177/237/223 183/238/224
f 183/238/224 177/237/223 179/239/225
f 183/238/224 179/239/225 191/240/226
f 191/240/226 179/239/225 150/241/227
f 177/237/223 178/242/228 179/239/225
f 191/240/226 150/243/229 192/234/220
f 193/233/219 150/244/230 194/225/211
f 196/232/218 188/230/216 187/236/222
f 184/223/209 185/222/208 189/229/215
f 189/229/215 185/222/208 190/227/213
f 184/223/209 189/229/215 195/231/217
f 191/240/226 192/234/220 183/238/224
f 183/238/224 192/234/220 196/232/218
f 183/238/224 196/232/218 187/236/222
f 184/223/209 195/231/217 194/225/211
f 194/225/211 195/231/217 193/233/219
f 223/245/231 173/246/232 237/247/233
f 237/247/233 173/246/232 182/248/234
f 237/247/233 182/248/234 226/249/235
f 226/249/235 182/248/234 227/250/236
f 226/249/235 227/250/236 225/251/237
f 225/251/237 227/250/236 228/252/238
f 225/251/237 228/252/238 224/253/239
f 224/253/239 228/252/238 229/254/240
f 224/253/239 229/254/240 202/255/241
f 202/255/241 229/254/240 201/256/242
f 201/256/242 229/254/240 230/257/243
f 201/256/242 230/257/243 232/258/244
f 232/258/244 230/257/243 197/259/245
f 232/258/244 197/259/245 233/260/246
f 233/260/246 197/259/245 198/261/247
f 233/260/246 198/261/247 200/262/248
f 200/262/248 198/261/247 199/263/249
f 182/248/234 197/259/245 227/250/236
f 227/250/236 197/259/245 231/264/250
f 227/250/236 231/264/250 228/252/238
f 228/252/238 231/264/250 230/257/243
f 228/252/238 230/257/243 229/254/240
f 233/260/246 200/262/248 232/258/244
f 232/258/244 200/262/248 201/256/242
f 224/253/239 202/255/241 234/265/251
f 234/265/251 202/255/241 203/266/252
f 234/265/251 203/266/252 246/267/253
f 246/267/253 203/266/252 238/268/254
f 246/267/253 238/268/254 239/269/255
f 239/269/255 238/268/254 258/270/256
f 239/269/255 258/270/256 257/271/257
f 257/271/257 258/270/256 247/272/258
f 257/271/257 247/272/258 248/273/259
f 248/273/259 247/272/258 259/274/260
f 248/273/259 259/274/260 260/275/261
f 260/275/261 259/274/260 209/276/262
f 260/275/261 209/276/262 210/277/263
f 203/266/252 204/278/264 238/268/254
f 238/268/254 204/278/264 258/270/256
f 204/278/264 205/279/265 258/270/256
f 258/270/256 205/279/265 247/272/258
f 205/279/265 206/280/266 247/272/258
f 247/272/258 206/280/266 259/274/260
f 207/281/267 208/282/268 206/280/266
f 206/280/266 208/282/268 259/274/260
f 208/282/268 209/276/262 259/274/260
f 211/283/269 262/284/270 210/277/263
f 210/277/263 262/284/270 261/285/271
f 210/277/263 261/285/271 260/275/261
f 260/275/261 261/285/271 249/286/272
f 260/275/261 249/286/272 248/273/259
f 248/273/259 249/286/272 256/287/273
f 248/273/259 256/287/273 257/271/257
f 257/271/257 256/287/273 240/288/274
f 257/271/257 240/288/274 239/269/255
f 239/269/255 240/288/274 245/289/275
f 239/269/255 245/289/275 246/267/253
f 246/267/253 245/289/275 235/290/276
f 246/267/253 235/290/276 234/265/251
f 234/265/251 235/290/276 224/253/239
f 262/284/270 211/283/269 263/291/277
f 263/291/277 211/283/269 212/292/278
f 263/291/277 212/292/278 264/293/279
f 264/293/279 212/292/278 213/294/280
f 264/293/279 213/294/280 265/295/281
f 265/295/281 213/294/280 214/296/282
f 265/295/281 214/296/282 266/297/283
f 266/297/283 214/296/282 215/298/284
f 266/297/283 215/298/284 218/299/285
f 218/299/285 215/298/284 216/300/286
f 218/299/285 216/300/286 217/301/287
f 218/299/285 219/302/288 266/297/283
f 266/297/283 219/302/288 220/303/289
f 266/297/283 220/303/289 265/295/281
f 265/295/281 220/303/289 253/304/290
f 265/295/281 253/304/290 264/293/279
f 264/293/279 253/304/290 252/305/291
f 264/293/279 252/305/291 263/291/277
f 263/291/277 252/305/291 251/306/292
f 263/291/277 251/306/292 262/284/270
f 262/284/270 251/306/292 250/307/293
f 262/284/270 250/307/293 261/285/271
f 261/285/271 250/307/293 249/286/272
f 220/303/289 221/308/294 253/304/290
f 253/304/290 221/308/294 252/305/291
f 221/308/294 222/309/295 252/305/291
f 252/305/291 222/309/295 254/310/296
f 252/305/291 254/310/296 251/306/292
f 251/306/292 254/310/296 250/307/293
f 254/310/296 222/309/295 242/311/297
f 242/311/297 222/309/295 223/245/231
f 242/311/297 223/245/231 243/312/298
f 243/312/298 223/245/231 237/247/233
f 243/312/298 237/247/233 244/313/299
f 244/313/299 237/247/233 236/314/300
f 244/313/299 236/314/300 245/289/275
f 245/289/275 236/314/300 235/290/276
f 224/253/239 235/290/276 225/251/237
f 225/251/237 235/290/276 236/314/300
f 225/251/237 236/314/300 226/249/235
f 226/249/235 236/314/300 237/247/233
f 230/257/243 231/264/250 197/259/245
f 244/313/299 245/289/275 240/288/274
f 243/312/298 244/313/299 241/315/301
f 241/315/301 244/313/299 240/288/274
f 241/315/301 240/288/274 256/287/273
f 243/312/298 241/315/301 242/311/297
f 242/311/297 241/315/301 255/316/302
f 242/311/297 255/316/302 254/310/296
f 254/310/296 255/316/302 250/307/293
f 255/316/302 241/315/301 256/287/273
f 255/316/302 256/287/273 249/286/272
f 249/286/272 250/307/293 255/316/302
f 146/317/303 308/318/304 147/319/305
f 147/319/305 308/318/304 295/320/306
f 147/319/305 295/320/306 300/321/307
f 300/321/307 295/320/306 296/322/308
f 300/321/307 296/322/308 299/323/309
f 299/323/309 296/322/308 297/324/310
f 299/323/309 297/324/310 298/325/311
f 298/325/311 297/324/310 288/326/312
f 298/325/311 288/326/312 289/327/313
f 146/317/303 267/328/314 308/318/304
f 308/318/304 267/328/314 301/329/315
f 308/318/304 301/329/315 302/330/316
f 302/330/316 301/329/315 316/331/317
f 302/330/316 316/331/317 315/332/318
f 315/332/318 316/331/317 312/333/319
f 315/332/318 312/333/319 313/334/320
f 313/334/320 312/333/319 325/335/321
f 313/334/320 325/335/321 285/336/322
f 285/336/322 325/335/321 284/337/323
f 284/337/323 325/335/321 333/338/324
f 284/337/323 333/338/324 283/339/325
f 283/339/325 333/338/324 282/340/326
f 282/340/326 333/338/324 332/341/327
f 282/340/326 332/341/327 281/342/328
f 281/342/328 332/341/327 331/343/329
f 281/342/328 331/343/329 280/344/330
f 280/344/330 331/343/329 330/345/331
f 280/344/330 330/345/331 279/346/332
f 279/346/332 330/345/331 329/347/333
f 279/346/332 329/347/333 278/348/334
f 278/348/334 329/347/333 328/349/335
f 278/348/334 328/349/335 277/350/336
f 277/350/336 328/349/335 327/351/337
f 277/350/336 327/351/337 276/352/338
f 276/352/338 327/351/337 326/353/339
f 276/352/338 326/353/339 275/354/340
f 275/354/340 326/353/339 272/355/341
f 275/354/340 272/355/341 273/356/342
f 301/329/315 267/328/314 318/357/343
f 318/357/343 267/328/314 268/358/344
f 318/357/343 268/358/344 309/359/345
f 309/359/345 268/358/344 320/360/346
f 309/359/345 320/360/346 321/361/347
f 321/361/347 320/360/346 329/347/333
f 321/361/347 329/347/333 330/345/331
f 268/358/344 269/362/348 320/360/346
f 320/360/346 269/362/348 319/363/349
f 320/360/346 319/363/349 328/349/335
f 328/349/335 319/363/349 327/351/337
f 269/362/348 270/364/350 319/363/349
f 319/363/349 270/364/350 327/351/337
f 327/351/337 270/364/350 326/353/339
f 326/353/339 270/364/350 271/365/351
f 326/353/339 271/365/351 272/355/341
f 273/356/342 274/366/352 275/354/340
f 285/336/322 286/367/353 313/334/320
f 313/334/320 286/367/353 314/368/354
f 313/334/320 314/368/354 315/332/318
f 315/332/318 314/368/354 303/369/355
f 315/332/318 303/369/355 302/330/316
f 302/330/316 303/369/355 307/370/356
f 302/330/316 307/370/356 308/318/304
f 308/318/304 307/370/356 295/320/306
f 286/367/353 287/371/357 314/368/354
f 314/368/354 287/371/357 304/372/358
f 314/368/354 304/372/358 303/369/355
f 303/369/355 304/372/358 306/373/359
f 303/369/355 306/373/359 307/370/356
f 307/370/356 306/373/359 295/320/306
f 304/372/358 287/371/357 305/374/360
f 305/374/360 287/371/357 288/326/312
f 305/374/360 288/326/312 297/324/310
f 290/375/361 336/376/362 289/327/313
f 289/327/313 336/376/362 335/377/363
f 289/327/313 335/377/363 298/325/311
f 298/325/311 335/377/363 334/378/364
f 298/325/311 334/378/364 299/323/309
f 299/323/309 334/378/364 300/321/307
f 291/379/365 292/380/366 290/375/361
f 290/375/361 292/380/366 294/381/367
f 290/375/361 294/381/367 336/376/362
f 336/376/362 294/381/367 293/382/368
f 336/376/362 293/382/368 334/378/364
f 334/378/364 293/382/368 300/321/307
f 292/380/366 293/382/368 294/381/367
f 293/382/368 147/319/305 300/321/307
f 305/374/360 297/324/310 296/322/308
f 305/374/360 296/322/308 306/373/359
f 306/373/359 296/322/308 295/320/306
f 305/374/360 306/373/359 304/372/358
f 309/359/345 310/383/369 318/357/343
f 318/357/343 310/383/369 317/384/370
f 318/357/343 317/384/370 301/329/315
f 301/329/315 317/384/370 316/331/317
f 316/331/317 317/384/370 311/385/371
f 311/385/371 317/384/370 310/383/369
f 311/385/371 310/383/369 323/386/372
f 323/386/372 310/383/369 322/387/373
f 323/386/372 322/387/373 331/343/329
f 331/343/329 322/387/373 330/345/331
f 310/383/369 309/359/345 322/387/373
f 322/387/373 309/359/345 321/361/347
f 322/387/373 321/361/347 330/345/331
f 316/331/317 311/385/371 312/333/319
f 312/333/319 311/385/371 324/388/374
f 312/333/319 324/388/374 325/335/321
f 325/335/321 324/388/374 333/338/324
f 324/388/374 311/385/371 323/386/372
f 329/347/333 320/360/346 328/349/335
f 331/343/329 332/341/327 323/386/372
f 323/386/372 332/341/327 324/388/374
f 332/341/327 333/338/324 324/388/374
f 334/378/364 335/377/363 336/376/362
f 267/389/375 146/390/376 351/391/377
f 351/391/377 146/390/376 156/392/378
f 351/391/377 156/392/378 350/393/379
f 350/393/379 156/392/378 349/394/380
f 350/393/379 349/394/380 355/395/381
f 355/395/381 349/394/380 354/396/382
f 355/395/381 354/396/382 359/397/383
f 359/397/383 354/396/382 358/398/384
f 359/397/383 358/398/384 367/399/385
f 367/399/385 358/398/384 368/400/386
f 367/399/385 368/400/386 364/401/387
f 364/401/387 368/400/386 363/402/388
f 364/401/387 363/402/388 374/403/389
f 374/403/389 363/402/388 373/404/390
f 374/403/389 373/404/390 345/405/391
f 345/405/391 373/404/390 344/406/392
f 344/406/392 373/404/390 372/407/393
f 344/406/392 372/407/393 343/408/394
f 343/408/394 372/407/393 371/409/395
f 343/408/394 371/409/395 341/410/396
f 341/410/396 371/409/395 340/411/397
f 340/411/397 371/409/395 361/412/398
f 340/411/397 361/412/398 339/413/399
f 339/413/399 361/412/398 338/414/400
f 338/414/400 361/412/398 370/415/401
f 338/414/400 370/415/401 347/416/402
f 347/416/402 370/415/401 369/417/403
f 347/416/402 369/417/403 357/418/404
f 357/418/404 369/417/403 368/400/386
f 357/418/404 368/400/386 358/398/384
f 156/392/378 155/419/405 349/394/380
f 349/394/380 155/419/405 348/420/406
f 349/394/380 348/420/406 354/396/382
f 354/396/382 348/420/406 353/421/407
f 354/396/382 353/421/407 358/398/384
f 358/398/384 353/421/407 357/418/404
f 155/419/405 154/422/408 348/420/406
f 348/420/406 154/422/408 353/421/407
f 353/421/407 154/422/408 352/423/409
f 352/423/409 154/422/408 153/424/410
f 352/423/409 153/424/410 337/425/411
f 337/425/411 153/424/410 152/426/412
f 352/423/409 337/425/411 347/416/402
f 347/416/402 337/425/411 338/414/400
f 341/410/396 342/427/413 343/408/394
f 345/405/391 346/428/414 374/403/389
f 374/403/389 346/428/414 375/429/415
f 374/403/389 375/429/415 364/401/387
f 364/401/387 375/429/415 365/430/416
f 364/401/387 365/430/416 367/399/385
f 367/399/385 365/430/416 366/431/417
f 367/399/385 366/431/417 359/397/383
f 359/397/383 366/431/417 360/432/418
f 359/397/383 360/432/418 355/395/381
f 355/395/381 360/432/418 356/433/419
f 355/395/381 356/433/419 350/393/379
f 350/393/379 356/433/419 351/391/377
f 346/428/414 273/434/342 375/429/415
f 375/429/415 273/434/342 272/435/420
f 375/429/415 272/435/420 271/436/421
f 375/429/415 271/436/421 365/430/416
f 365/430/416 271/436/421 270/437/422
f 365/430/416 270/437/422 366/431/417
f 366/431/417 270/437/422 269/438/423
f 366/431/417 269/438/423 360/432/418
f 360/432/418 269/438/423 268/439/424
f 360/432/418 268/439/424 356/433/419
f 356/433/419 268/439/424 267/389/375
f 356/433/419 267/389/375 351/391/377
f 357/418/404 353/421/407 352/423/409
f 347/416/402 357/418/404 352/423/409
f 369/417/403 370/415/401 362/440/425
f 362/440/425 370/415/401 361/412/398
f 362/440/425 361/412/398 372/407/393
f 372/407/393 361/412/398 371/409/395
f 368/400/386 369/417/403 363/402/388
f 363/402/388 369/417/403 362/440/425
f 363/402/388 362/440/425 373/404/390
f 373/404/390 362/440/425 372/407/393
f 342/441/413 376/442/426 343/443/427
f 343/443/427 376/442/426 377/444/428
f 343/443/427 377/444/428 344/445/429
f 344/445/429 377/444/428 378/446/430
f 344/445/429 378/446/430 345/447/431
f 345/447/431 378/446/430 379/448/432
f 345/447/431 379/448/432 346/449/433
f 346/449/433 379/448/432 380/450/434
f 346/449/433 380/450/434 273/451/342
f 273/451/342 380/450/434 381/452/435
f 109/453/129 382/454/436 415/455/437
f 415/455/437 382/454/436 419/456/438
f 415/455/437 419/456/438 414/457/439
f 414/457/439 419/456/438 423/458/440
f 414/457/439 423/458/440 413/459/441
f 413/459/441 423/458/440 427/460/442
f 413/459/441 427/460/442 412/461/443
f 412/461/443 427/460/442 431/462/444
f 412/461/443 431/462/444 411/463/445
f 411/463/445 431/462/444 435/464/446
f 411/463/445 435/464/446 410/465/447
f 410/465/447 435/464/446 439/466/448
f 410/465/447 439/466/448 409/467/449
f 409/467/449 439/466/448 443/468/450
f 409/467/449 443/468/450 408/469/451
f 408/469/451 443/468/450 447/470/452
f 408/469/451 447/470/452 407/471/453
f 407/471/453 447/470/452 451/472/454
f 407/471/453 451/472/454 406/473/455
f 406/473/455 451/472/454 455/474/456
f 406/473/455 455/474/456 405/475/457
f 405/475/457 455/474/456 459/476/458
f 405/475/457 459/476/458 404/477/459
f 404/477/459 459/476/458 463/478/460
f 404/477/459 463/478/460 403/479/461
f 403/479/461 463/478/460 467/480/462
f 403/479/461 467/480/462 402/481/463
f 402/481/463 467/480/462 471/482/464
f 402/481/463 471/482/464 401/483/465
f 401/483/465 471/482/464 475/484/466
f 401/483/465 475/484/466 376/485/426
f 376/485/426 475/484/466 377/486/428
f 377/486/428 475/484/466 474/487/467
f 377/486/428 474/487/467 378/488/430
f 378/488/430 474/487/467 473/489/468
f 378/488/430 473/489/468 379/490/432
f 379/490/432 473/489/468 472/491/469
f 379/490/432 472/491/469 380/492/434
f 380/492/434 472/491/469 381/493/435
f 381/493/435 472/491/469 400/494/470
f 400/494/470 472/491/469 468/495/471
f 400/494/470 468/495/471 399/496/472
f 399/496/472 468/495/471 464/497/473
f 399/496/472 464/497/473 398/498/474
f 398/498/474 464/497/473 460/499/475
f 398/498/474 460/499/475 397/500/476
f 397/500/476 460/499/475 456/501/477
f 397/500/476 456/501/477 396/502/478
f 396/502/478 456/501/477 452/503/479
f 396/502/478 452/503/479 395/504/480
f 395/504/480 452/503/479 448/505/481
f 395/504/480 448/505/481 394/506/482
f 394/506/482 448/505/481 444/507/483
f 394/506/482 444/507/483 393/508/484
f 393/508/484 444/507/483 440/509/485
f 393/508/484 440/509/485 392/510/486
f 392/510/486 440/509/485 436/511/487
f 392/510/486 436/511/487 391/512/488
f 391/512/488 436/511/487 432/513/489
f 391/512/488 432/513/489 390/514/490
f 390/514/490 432/513/489 428/515/491
f 390/514/490 428/515/491 389/516/492
f 389/516/492 428/515/491 424/517/493
f 389/516/492 424/517/493 388/518/494
f 388/518/494 424/517/493 420/519/495
f 388/518/494 420/519/495 387/520/496
f 387/520/496 420/519/495 416/521/497
f 387/520/496 416/521/497 386/522/498
f 386/522/498 416/521/497 385/523/499
f 385/523/499 416/521/497 417/524/500
f 385/523/499 417/524/500 384/525/501
f 384/525/501 417/524/500 418/526/502
f 384/525/501 418/526/502 383/527/503
f 383/527/503 418/526/502 419/456/438
f 383/527/503 419/456/438 382/454/436
f 417/524/500 416/521/497 421/528/504
f 421/528/504 416/521/497 420/519/495
f 421/528/504 420/519/495 425/529/505
f 425/529/505 420/519/495 424/517/493
f 425/529/505 424/517/493 429/530/506
f 429/530/506 424/517/493 428/515/491
f 429/530/506 428/515/491 433/531/507
f 433/531/507 428/515/491 432/513/489
f 433/531/507 432/513/489 437/532/508
f 437/532/508 432/513/489 436/511/487
f 437/532/508 436/511/487 441/533/509
f 441/533/509 436/511/487 440/509/485
f 441/533/509 440/509/485 445/534/510
f 445/534/510 440/509/485 444/507/483
f 445/534/510 444/507/483 449/535/511
f 449/535/511 444/507/483 448/505/481
f 449/535/511 448/505/481 453/536/512
f 453/536/512 448/505/481 452/503/479
f 453/536/512 452/503/479 457/537/513
f 457/537/513 452/503/479 456/501/477
f 457/537/513 456/501/477 461/538/514
f 461/538/514 456/501/477 460/499/475
f 461/538/514 460/499/475 465/539/515
f 465/539/515 460/499/475 464/497/473
f 465/539/515 464/497/473 469/540/516
f 469/540/516 464/497/473 468/495/471
f 469/540/516 468/495/471 473/489/468
f 473/489/468 468/495/471 472/491/469
f 423/458/440 419/456/438 418/526/502
f 418/526/502 417/524/500 422/541/517
f 422/541/517 417/524/500 421/528/504
f 422/541/517 421/528/504 426/542/518
f 426/542/518 421/528/504 425/529/505
f 426/542/518 425/529/505 430/543/519
f 430/543/519 425/529/505 429/530/506
f 430/543/519 429/530/506 434/544/520
f 434/544/520 429/530/506 433/531/507
f 434/544/520 433/531/507 438/545/521
f 438/545/521 433/531/507 437/532/508
f 438/545/521 437/532/508 442/546/522
f 442/546/522 437/532/508 441/533/509
f 442/546/522 441/533/509 446/547/523
f 446/547/523 441/533/509 445/534/510
f 446/547/523 445/534/510 450/548/524
f 450/548/524 445/534/510 449/535/511
f 450/548/524 449/535/511 454/549/525
f 454/549/525 449/535/511 453/536/512
f 454/549/525 453/536/512 458/550/526
f 458/550/526 453/536/512 457/537/513
f 458/550/526 457/537/513 462/551/527
f 462/551/527 457/537/513 461/538/514
f 462/551/527 461/538/514 466/552/528
f 466/552/528 461/538/514 465/539/515
f 466/552/528 465/539/515 470/553/529
f 470/553/529 465/539/515 469/540/516
f 470/553/529 469/540/516 474/487/467
f 474/487/467 469/540/516 473/489/468
f 427/460/442 423/458/440 422/541/517
f 422/541/517 423/458/440 418/526/502
f 427/460/442 422/541/517 426/542/518
f 431/462/444 427/460/442 426/542/518
f 431/462/444 426/542/518 430/543/519
f 435/464/446 431/462/444 430/543/519
f 435/464/446 430/543/519 434/544/520
f 439/466/448 435/464/446 434/544/520
f 439/466/448 434/544/520 438/545/521
f 443/468/450 439/466/448 438/545/521
f 443/468/450 438/545/521 442/546/522
f 447/470/452 443/468/450 442/546/522
f 447/470/452 442/546/522 446/547/523
f 451/472/454 447/470/452 446/547/523
f 451/472/454 446/547/523 450/548/524
f 455/474/456 451/472/454 450/548/524
f 455/474/456 450/548/524 454/549/525
f 459/476/458 455/474/456 454/549/525
f 459/476/458 454/549/525 458/550/526
f 463/478/460 459/476/458 458/550/526
f 463/478/460 458/550/526 462/551/527
f 467/480/462 463/478/460 462/551/527
f 467/480/462 462/551/527 466/552/528
f 471/482/464 467/480/462 466/552/528
f 471/482/464 466/552/528 470/553/529
f 475/484/466 471/482/464 470/553/529
f 475/484/466 470/553/529 474/487/467
f 109/554/129 108/555/128 382/556/436
f 382/556/436 108/555/128 121/557/530
f 382/556/436 121/557/530 383/558/503
f 383/558/503 121/557/530 120/559/531
f 383/558/503 120/559/531 384/560/501
f 384/560/501 120/559/531 119/561/532
f 384/560/501 119/561/532 385/562/499
f 385/562/499 119/561/532 118/563/533
f 385/562/499 118/563/533 386/564/498
f 386/564/498 118/563/533 117/565/534
f 110/566/130 109/567/129 491/568/535
f 491/568/535 109/567/129 415/569/437
f 491/568/535 415/569/437 490/570/536
f 490/570/536 415/569/437 414/571/439
f 490/570/536 414/571/439 489/572/537
f 489/572/537 414/571/439 413/573/441
f 489/572/537 413/573/441 488/574/538
f 488/574/538 413/573/441 412/575/443
f 488/574/538 412/575/443 487/576/539
f 487/576/539 412/575/443 411/577/445
f 487/576/539 411/577/445 486/578/540
f 486/578/540 411/577/445 410/579/447
f 486/578/540 410/579/447 485/580/541
f 485/580/541 410/579/447 409/581/449
f 485/580/541 409/581/449 484/582/542
f 484/582/542 409/581/449 408/583/451
f 484/582/542 408/583/451 483/584/543
f 483/584/543 408/583/451 407/585/453
f 483/584/543 407/585/453 482/586/544
f 482/586/544 407/585/453 406/587/455
f 482/586/544 406/587/455 481/588/545
f 481/588/545 406/587/455 405/589/457
f 481/588/545 405/589/457 480/590/546
f 480/590/546 405/589/457 404/591/459
f 480/590/546 404/591/459 479/592/547
f 479/592/547 404/591/459 403/593/461
f 479/592/547 403/593/461 478/594/548
f 478/594/548 403/593/461 402/595/463
f 478/594/548 402/595/463 477/596/549
f 477/596/549 402/595/463 401/597/465
f 477/596/549 401/597/465 476/598/550
f 476/598/550 401/597/465 376/599/426
f 179/600/551 494/601/552 150/602/553
f 150/602/553 494/601/552 495/603/554
f 150/602/553 495/603/554 496/604/555
f 178/605/556 492/606/557 179/600/551
f 179/600/551 492/606/557 493/607/558
f 179/600/551 493/607/558 494/601/552
f 497/608/559 342/609/413 496/604/555
f 496/604/555 342/609/413 341/610/396
f 496/604/555 341/610/396 150/602/553
f 150/602/553 341/610/396 340/611/397
f 150/602/553 340/611/397 339/612/399
f 476/613/550 376/614/426 497/608/559
f 497/608/559 376/614/426 342/609/413
f 150/602/553 339/612/399 151/615/560
f 151/615/560 339/612/399 338/616/400
f 151/615/560 338/616/400 337/617/411
f 337/617/411 152/618/412 151/615/560
f 62/619/104 110/620/130 63/621/561
f 63/621/561 110/620/130 498/622/562
f 63/621/561 498/622/562 64/623/563
f 64/623/563 498/622/562 499/624/564
f 64/623/563 499/624/564 65/625/565
f 65/625/565 499/624/564 500/626/566
f 65/625/565 500/626/566 66/627/567
f 66/627/567 500/626/566 501/628/568
f 66/627/567 501/628/568 67/629/111
f 67/629/111 501/628/568 502/630/569
f 476/631/550 503/632/570 477/633/549
f 477/633/549 503/632/570 525/634/571
f 477/633/549 525/634/571 478/635/548
f 478/635/548 525/634/571 529/636/572
f 478/635/548 529/636/572 479/637/547
f 479/637/547 529/636/572 533/638/573
f 479/637/547 533/638/573 480/639/546
f 480/639/546 533/638/573 537/640/574
f 480/639/546 537/640/574 481/641/545
f 481/641/545 537/640/574 541/642/575
f 481/641/545 541/642/575 482/643/544
f 482/643/544 541/642/575 545/644/576
f 482/643/544 545/644/576 483/645/543
f 483/645/543 545/644/576 549/646/577
f 483/645/543 549/646/577 484/647/542
f 484/647/542 549/646/577 553/648/578
f 484/647/542 553/648/578 485/649/541
f 485/649/541 553/648/578 557/650/579
f 485/649/541 557/650/579 486/651/540
f 486/651/540 557/650/579 561/652/580
f 486/651/540 561/652/580 487/653/539
f 487/653/539 561/652/580 565/654/581
f 487/653/539 565/654/581 488/655/538
f 488/655/538 565/654/581 569/656/582
f 488/655/538 569/656/582 489/657/537
f 489/657/537 569/656/582 573/658/583
f 489/657/537 573/658/583 490/659/536
f 490/659/536 573/658/583 577/660/584
f 490/659/536 577/660/584 491/661/535
f 491/661/535 577/660/584 581/662/585
f 491/661/535 581/662/585 110/663/130
f 110/663/130 581/662/585 498/664/562
f 498/664/562 581/662/585 580/665/586
f 498/664/562 580/665/586 499/666/564
f 499/666/564 580/665/586 579/667/587
f 499/666/564 579/667/587 500/668/566
f 500/668/566 579/667/587 578/669/588
f 500/668/566 578/669/588 501/670/568
f 501/670/568 578/669/588 502/671/569
f 502/671/569 578/669/588 521/672/589
f 521/672/589 578/669/588 574/673/590
f 521/672/589 574/673/590 520/674/591
f 520/674/591 574/673/590 570/675/592
f 520/674/591 570/675/592 519/676/593
f 519/676/593 570/675/592 566/677/594
f 519/676/593 566/677/594 518/678/595
f 518/678/595 566/677/594 562/679/596
f 518/678/595 562/679/596 517/680/597
f 517/680/597 562/679/596 558/681/598
f 517/680/597 558/681/598 516/682/599
f 516/682/599 558/681/598 554/683/600
f 516/682/599 554/683/600 515/684/601
f 515/684/601 554/683/600 550/685/602
f 515/684/601 550/685/602 514/686/603
f 514/686/603 550/685/602 546/687/604
f 514/686/603 546/687/604 513/688/605
f 513/688/605 546/687/604 542/689/606
f 513/688/605 542/689/606 512/690/607
f 512/690/607 542/689/606 538/691/608
f 512/690/607 538/691/608 511/692/609
f 511/692/609 538/691/608 534/693/610
f 511/692/609 534/693/610 510/694/611
f 510/694/611 534/693/610 530/695/612
f 510/694/611 530/695/612 509/696/613
f 509/696/613 530/695/612 526/697/614
f 509/696/613 526/697/614 508/698/615
f 508/698/615 526/697/614 522/699/616
f 508/698/615 522/699/616 507/700/617
f 507/700/617 522/699/616 506/701/618
f 506/701/618 522/699/616 523/702/619
f 506/701/618 523/702/619 505/703/620
f 505/703/620 523/702/619 524/704/621
f 505/703/620 524/704/621 504/705/622
f 504/705/622 524/704/621 525/634/571
f 504/705/622 525/634/571 503/632/570
f 523/702/619 522/699/616 527/706/623
f 527/706/623 522/699/616 526/697/614
f 527/706/623 526/697/614 531/707/624
f 531/707/624 526/697/614 530/695/612
f 531/707/624 530/695/612 535/708/625
f 535/708/625 530/695/612 534/693/610
f 535/708/625 534/693/610 539/709/626
f 539/709/626 534/693/610 538/691/608
f 539/709/626 538/691/608 543/710/627
f 543/710/627 538/691/608 542/689/606
f 543/710/627 542/689/606 547/711/628
f 547/711/628 542/689/606 546/687/604
f 547/711/628 546/687/604 551/712/629
f 551/712/629 546/687/604 550/685/602
f 551/712/629 550/685/602 555/713/630
f 555/713/630 550/685/602 554/683/600
f 555/713/630 554/683/600 559/714/631
f 559/714/631 554/683/600 558/681/598
f 559/714/631 558/681/598 563/715/632
f 563/715/632 558/681/598 562/679/596
f 563/715/632 562/679/596 567/716/633
f 567/716/633 562/679/596 566/677/594
f 567/716/633 566/677/594 571/717/634
f 571/717/634 566/677/594 570/675/592
f 571/717/634 570/675/592 575/718/635
f 575/718/635 570/675/592 574/673/590
f 575/718/635 574/673/590 579/667/587
f 579/667/587 574/673/590 578/669/588
f 529/636/572 525/634/571 524/704/621
f 524/704/621 523/702/619 528/719/636
f 528/719/636 523/702/619 527/706/623
f 528/719/636 527/706/623 532/720/637
f 532/720/637 527/706/623 531/707/624
f 532/720/637 531/707/624 536/721/638
f 536/721/638 531/707/624 535/708/625
f 536/721/638 535/708/625 540/722/639
f 540/722/639 535/708/625 539/709/626
f 540/722/639 539/709/626 544/723/640
f 544/723/640 539/709/626 543/710/627
f 544/723/640 543/710/627 548/724/641
f 548/724/641 543/710/627 547/711/628
f 548/724/641 547/711/628 552/725/642
f 552/725/642 547/711/628 551/712/629
f 552/725/642 551/712/629 556/726/643
f 556/726/643 551/712/629 555/713/630
f 556/726/643 555/713/630 560/727/644
f 560/727/644 555/713/630 559/714/631
f 560/727/644 559/714/631 564/728/645
f 564/728/645 559/714/631 563/715/632
f 564/728/645 563/715/632 568/729/646
f 568/729/646 563/715/632 567/716/633
f 568/729/646 567/716/633 572/730/647
f 572/730/647 567/716/633 571/717/634
f 572/730/647 571/717/634 576/731/648
f 576/731/648 571/717/634 575/718/635
f 576/731/648 575/718/635 580/665/586
f 580/665/586 575/718/635 579/667/587
f 533/638/573 529/636/572 528/719/636
f 528/719/636 529/636/572 524/704/621
f 533/638/573 528/719/636 532/720/637
f 537/640/574 533/638/573 532/720/637
f 537/640/574 532/720/637 536/721/638
f 541/642/575 537/640/574 536/721/638
f 541/642/575 536/721/638 540/722/639
f 545/644/576 541/642/575 540/722/639
f 545/644/576 540/722/639 544/723/640
f 549/646/577 545/644/576 544/723/640
f 549/646/577 544/723/640 548/724/641
f 553/648/578 549/646/577 548/724/641
f 553/648/578 548/724/641 552/725/642
f 557/650/579 553/648/578 552/725/642
f 557/650/579 552/725/642 556/726/643
f 561/652/580 557/650/579 556/726/643
f 561/652/580 556/726/643 560/727/644
f 565/654/581 561/652/580 560/727/644
f 565/654/581 560/727/644 564/728/645
f 569/656/582 565/654/581 564/728/645
f 569/656/582 564/728/645 568/729/646
f 573/658/583 569/656/582 568/729/646
f 573/658/583 568/729/646 572/730/647
f 577/660/584 573/658/583 572/730/647
f 577/660/584 572/730/647 576/731/648
f 581/662/585 577/660/584 576/731/648
f 581/662/585 576/731/648 580/665/586
f 476/732/550 497/733/559 503/734/570
f 503/734/570 497/733/559 582/735/649
f 503/734/570 582/735/649 504/736/622
f 504/736/622 582/735/649 583/737/650
f 504/736/622 583/737/650 505/738/620
f 505/738/620 583/737/650 584/739/651
f 505/738/620 584/739/651 506/740/618
f 506/740/618 584/739/651 585/741/652
f 506/740/618 585/741/652 507/742/617
f 507/742/617 585/741/652 217/743/653
f 492/744/557 178/745/556 590/746/654
f 590/746/654 178/745/556 177/747/655
f 590/746/654 177/747/655 176/748/656
f 175/749/657 591/750/658 176/748/656
f 176/748/656 591/750/658 589/751/659
f 176/748/656 589/751/659 590/746/654
f 590/746/654 589/751/659 600/752/660
f 590/746/654 600/752/660 492/744/557
f 492/744/557 600/752/660 493/753/558
f 493/753/558 600/752/660 599/754/661
f 493/753/558 599/754/661 494/755/552
f 494/755/552 599/754/661 609/756/662
f 494/755/552 609/756/662 495/757/554
f 495/757/554 609/756/662 496/758/555
f 496/758/555 609/756/662 497/759/559
f 497/759/559 609/756/662 582/760/663
f 582/760/663 609/756/662 608/761/664
f 582/760/663 608/761/664 583/762/665
f 583/762/665 608/761/664 607/763/666
f 583/762/665 607/763/666 606/764/667
f 606/764/667 607/763/666 596/765/668
f 606/764/667 596/765/668 595/766/669
f 595/766/669 596/765/668 604/767/670
f 595/766/669 604/767/670 221/768/671
f 221/768/671 604/767/670 586/769/672
f 221/768/671 586/769/672 222/770/673
f 222/770/673 586/769/672 594/771/674
f 222/770/673 594/771/674 223/772/675
f 223/772/675 594/771/674 173/773/676
f 173/773/676 594/771/674 174/774/677
f 174/774/677 594/771/674 593/775/678
f 174/774/677 593/775/678 592/776/679
f 592/776/679 593/775/678 588/777/680
f 592/776/679 588/777/680 589/751/659
f 589/751/659 588/777/680 601/778/681
f 589/751/659 601/778/681 600/752/660
f 600/752/660 601/778/681 599/754/661
f 591/750/658 175/749/657 592/776/679
f 592/776/679 175/749/657 174/774/677
f 221/768/671 220/779/682 595/766/669
f 595/766/669 220/779/682 219/780/683
f 595/766/669 219/780/683 605/781/684
f 605/781/684 219/780/683 218/782/685
f 605/781/684 218/782/685 585/783/686
f 585/783/686 218/782/685 217/784/687
f 585/783/686 584/785/688 605/781/684
f 605/781/684 584/785/688 606/764/667
f 605/781/684 606/764/667 595/766/669
f 584/785/688 583/762/665 606/764/667
f 593/775/678 594/771/674 587/786/689
f 587/786/689 594/771/674 586/769/672
f 587/786/689 586/769/672 603/787/690
f 603/787/690 586/769/672 604/767/670
f 603/787/690 604/767/670 596/765/668
f 593/775/678 587/786/689 588/777/680
f 588/777/680 587/786/689 602/788/691
f 588/777/680 602/788/691 601/778/681
f 601/778/681 602/788/691 598/789/692
f 601/778/681 598/789/692 599/754/661
f 599/754/661 598/789/692 609/756/662
f 602/788/691 587/786/689 603/787/690
f 591/750/658 592/776/679 589/751/659
f 602/788/691 603/787/690 597/790/693
f 597/790/693 603/787/690 596/765/668
f 597/790/693 596/765/668 607/763/666
f 602/788/691 597/790/693 598/789/692
f 598/789/692 597/790/693 608/761/664
f 598/789/692 608/761/664 609/756/662
f 608/761/664 597/790/693 607/763/666
f 1/791/694 644/792/695 2/793/696
f 2/793/696 644/792/695 631/794/697
f 2/793/696 631/794/697 636/795/698
f 636/795/698 631/794/697 632/796/699
f 636/795/698 632/796/699 635/797/700
f 635/797/700 632/796/699 633/798/701
f 635/797/700 633/798/701 634/799/702
f 634/799/702 633/798/701 624/800/703
f 634/799/702 624/800/703 625/801/704
f 1/791/694 73/802/705 644/792/695
f 644/792/695 73/802/705 637/803/706
f 644/792/695 637/803/706 638/804/707
f 638/804/707 637/803/706 652/805/708
f 638/804/707 652/805/708 651/806/709
f 651/806/709 652/805/708 648/807/710
f 651/806/709 648/807/710 649/808/711
f 649/808/711 648/807/710 661/809/712
f 649/808/711 661/809/712 621/810/713
f 621/810/713 661/809/712 620/811/714
f 620/811/714 661/809/712 669/812/715
f 620/811/714 669/812/715 619/813/716
f 619/813/716 669/812/715 618/814/717
f 618/814/717 669/812/715 668/815/718
f 618/814/717 668/815/718 617/816/719
f 617/816/719 668/815/718 667/817/720
f 617/816/719 667/817/720 616/818/721
f 616/818/721 667/817/720 666/819/722
f 616/818/721 666/819/722 615/820/723
f 615/820/723 666/819/722 665/821/724
f 615/820/723 665/821/724 614/822/725
f 614/822/725 665/821/724 664/823/726
f 614/822/725 664/823/726 613/824/727
f 613/824/727 664/823/726 663/825/728
f 613/824/727 663/825/728 612/826/729
f 612/826/729 663/825/728 662/827/730
f 612/826/729 662/827/730 611/828/731
f 611/828/731 662/827/730 68/829/732
f 611/828/731 68/829/732 67/830/111
f 637/803/706 73/802/705 654/831/733
f 654/831/733 73/802/705 72/832/734
f 654/831/733 72/832/734 645/833/735
f 645/833/735 72/832/734 656/834/736
f 645/833/735 656/834/736 657/835/737
f 657/835/737 656/834/736 665/821/724
f 657/835/737 665/821/724 666/819/722
f 72/832/734 71/836/738 656/834/736
f 656/834/736 71/836/738 655/837/739
f 656/834/736 655/837/739 664/823/726
f 664/823/726 655/837/739 663/825/728
f 71/836/738 70/838/740 655/837/739
f 655/837/739 70/838/740 663/825/728
f 663/825/728 70/838/740 662/827/730
f 662/827/730 70/838/740 69/839/741
f 662/827/730 69/839/741 68/829/732
f 67/830/111 610/840/742 611/828/731
f 621/810/713 622/841/743 649/808/711
f 649/808/711 622/841/743 650/842/744
f 649/808/711 650/842/744 651/806/709
f 651/806/709 650/842/744 639/843/745
f 651/806/709 639/843/745 638/804/707
f 638/804/707 639/843/745 643/844/746
f 638/804/707 643/844/746 644/792/695
f 644/792/695 643/844/746 631/794/697
f 622/841/743 623/845/747 650/842/744
f 650/842/744 623/845/747 640/846/748
f 650/842/744 640/846/748 639/843/745
f 639/843/745 640/846/748 642/847/749
f 639/843/745 642/847/749 643/844/746
f 643/844/746 642/847/749 631/794/697
f 640/846/748 623/845/747 641/848/750
f 641/848/750 623/845/747 624/800/703
f 641/848/750 624/800/703 633/798/701
f 626/849/751 672/850/752 625/801/704
f 625/801/704 672/850/752 671/851/753
f 625/801/704 671/851/753 634/799/702
f 634/799/702 671/851/753 670/852/754
f 634/799/702 670/852/754 635/797/700
f 635/797/700 670/852/754 636/795/698
f 627/853/755 628/854/756 626/849/751
f 626/849/751 628/854/756 630/855/757
f 626/849/751 630/855/757 672/850/752
f 672/850/752 630/855/757 629/856/758
f 672/850/752 629/856/758 670/852/754
f 670/852/754 629/856/758 636/795/698
f 628/854/756 629/856/758 630/855/757
f 629/856/758 2/793/696 636/795/698
f 641/848/750 633/798/701 632/796/699
f 641/848/750 632/796/699 642/847/749
f 642/847/749 632/796/699 631/794/697
f 641/848/750 642/847/749 640/846/748
f 645/833/735 646/857/759 654/831/733
f 654/831/733 646/857/759 653/858/760
f 654/831/733 653/858/760 637/803/706
f 637/803/706 653/858/760 652/805/708
f 652/805/708 653/858/760 647/859/761
f 647/859/761 653/858/760 646/857/759
f 647/859/761 646/857/759 659/860/762
f 659/860/762 646/857/759 658/861/763
f 659/860/762 658/861/763 667/817/720
f 667/817/720 658/861/763 666/819/722
f 646/857/759 645/833/735 658/861/763
f 658/861/763 645/833/735 657/835/737
f 658/861/763 657/835/737 666/819/722
f 652/805/708 647/859/761 648/807/710
f 648/807/710 647/859/761 660/862/764
f 648/807/710 660/862/764 661/809/712
f 661/809/712 660/862/764 669/812/715
f 660/862/764 647/859/761 659/860/762
f 665/821/724 656/834/736 664/823/726
f 667/817/720 668/815/718 659/860/762
f 659/860/762 668/815/718 660/862/764
f 668/815/718 669/812/715 660/862/764
f 670/852/754 671/851/753 672/850/752
f 610/863/742 216/864/286 673/865/765
f 673/865/765 216/864/286 215/866/766
f 673/865/765 215/866/766 674/867/767
f 674/867/767 215/866/766 214/868/768
f 674/867/767 214/868/768 675/869/769
f 675/869/769 214/868/768 213/870/770
f 675/869/769 213/870/770 676/871/771
f 676/871/771 213/870/770 212/872/772
f 676/871/771 212/872/772 677/873/773
f 677/873/773 212/872/772 211/874/774
f 677/873/773 211/874/774 678/875/775
f 678/875/775 211/874/774 210/876/776
f 678/875/775 210/876/776 679/877/777
f 679/877/777 210/876/776 209/878/778
f 679/877/777 209/878/778 680/879/779
f 680/879/779 209/878/778 208/880/780
f 680/879/779 208/880/780 207/881/267
f 207/881/267 619/882/716 680/879/779
f 680/879/779 619/882/716 618/883/781
f 680/879/779 618/883/781 679/877/777
f 679/877/777 618/883/781 617/884/782
f 679/877/777 617/884/782 678/875/775
f 678/875/775 617/884/782 616/885/783
f 678/875/775 616/885/783 677/873/773
f 677/873/773 616/885/783 615/886/784
f 677/873/773 615/886/784 676/871/771
f 676/871/771 615/886/784 614/887/785
f 676/871/771 614/887/785 675/869/769
f 675/869/769 614/887/785 613/888/786
f 675/869/769 613/888/786 674/867/767
f 674/867/767 613/888/786 612/889/787
f 674/867/767 612/889/787 673/865/765
f 673/865/765 612/889/787 611/890/788
f 673/865/765 611/890/788 610/863/742
f 217/891/287 681/892/789 507/893/617
f 507/893/617 681/892/789 682/894/790
f 507/893/617 682/894/790 683/895/791
f 217/891/287 216/896/286 681/892/789
f 681/892/789 216/896/286 707/897/792
f 707/897/792 216/896/286 706/898/793
f 706/898/793 216/896/286 705/899/794
f 705/899/794 216/896/286 704/900/795
f 704/900/795 216/896/286 703/901/796
f 703/901/796 216/896/286 702/902/797
f 702/902/797 216/896/286 701/903/798
f 701/903/798 216/896/286 610/904/742
f 701/903/798 610/904/742 700/905/799
f 700/905/799 610/904/742 699/906/800
f 699/906/800 610/904/742 698/907/801
f 698/907/801 610/904/742 697/908/802
f 697/908/802 610/904/742 696/909/803
f 696/909/803 610/904/742 695/910/804
f 695/910/804 610/904/742 694/911/805
f 694/911/805 610/904/742 502/912/569
f 694/911/805 502/912/569 693/913/806
f 693/913/806 502/912/569 692/914/807
f 692/914/807 502/912/569 691/915/808
f 691/915/808 502/912/569 690/916/809
f 690/916/809 502/912/569 521/917/589
f 690/916/809 521/917/589 689/918/810
f 689/918/810 521/917/589 520/919/591
f 689/918/810 520/919/591 688/920/811
f 688/920/811 520/919/591 519/921/593
f 688/920/811 519/921/593 518/922/595
f 610/904/742 67/923/111 502/912/569
f 518/922/595 517/924/597 688/920/811
f 688/920/811 517/924/597 512/925/607
f 688/920/811 512/925/607 511/926/609
f 512/925/607 517/924/597 513/927/605
f 513/927/605 517/924/597 516/928/599
f 513/927/605 516/928/599 514/929/603
f 514/929/603 516/928/599 515/930/601
f 688/920/811 511/926/609 687/931/812
f 687/931/812 511/926/609 510/932/611
f 687/931/812 510/932/611 509/933/613
f 509/933/613 508/934/615 687/931/812
f 687/931/812 508/934/615 686/935/813
f 686/935/813 508/934/615 507/893/617
f 686/935/813 507/893/617 685/936/814
f 685/936/814 507/893/617 684/937/815
f 684/937/815 507/893/617 683/895/791
f 274/938/352 708/939/816 718/940/817
f 718/940/817 708/939/816 709/941/818
f 718/940/817 709/941/818 719/942/819
f 719/942/819 709/941/818 710/943/820
f 719/942/819 710/943/820 720/944/821
f 720/944/821 710/943/820 711/945/822
f 720/944/821 711/945/822 721/946/823
f 721/946/823 711/945/822 712/947/824
f 721/946/823 712/947/824 722/948/825
f 722/948/825 712/947/824 713/949/826
f 722/948/825 713/949/826 723/950/827
f 723/950/827 713/949/826 714/951/828
f 723/950/827 714/951/828 724/952/829
f 724/952/829 714/951/828 715/953/830
f 724/952/829 715/953/830 725/954/831
f 725/954/831 715/953/830 716/955/832
f 725/954/831 716/955/832 717/956/833
f 717/956/833 283/957/325 725/954/831
f 725/954/831 283/957/325 282/958/834
f 725/954/831 282/958/834 724/952/829
f 724/952/829 282/958/834 281/959/835
f 724/952/829 281/959/835 723/950/827
f 723/950/827 281/959/835 280/960/836
f 723/950/827 280/960/836 722/948/825
f 722/948/825 280/960/836 279/961/837
f 722/948/825 279/961/837 721/946/823
f 721/946/823 279/961/837 278/962/838
f 721/946/823 278/962/838 720/944/821
f 720/944/821 278/962/838 277/963/839
f 720/944/821 277/963/839 719/942/819
f 719/942/819 277/963/839 276/964/840
f 719/942/819 276/964/840 718/940/817
f 718/940/817 276/964/840 275/965/841
f 718/940/817 275/965/841 274/938/352
f 111/966/842 28/967/843 749/968/844
f 749/968/844 28/967/843 38/969/845
f 749/968/844 38/969/845 738/970/846
f 738/970/846 38/969/845 739/971/847
f 738/970/846 739/971/847 737/972/848
f 737/972/848 739/971/847 740/973/849
f 737/972/848 740/973/849 736/974/850
f 736/974/850 740/973/849 741/975/851
f 736/974/850 741/975/851 731/976/852
f 731/976/852 741/975/851 730/977/853
f 730/977/853 741/975/851 742/978/854
f 730/977/853 742/978/854 744/979/855
f 744/979/855 742/978/854 726/980/856
f 744/979/855 726/980/856 745/981/857
f 745/981/857 726/980/856 727/982/858
f 745/981/857 727/982/858 729/983/859
f 729/983/859 727/982/858 728/984/860
f 38/969/845 726/980/856 739/971/847
f 739/971/847 726/980/856 743/985/861
f 739/971/847 743/985/861 740/973/849
f 740/973/849 743/985/861 742/978/854
f 740/973/849 742/978/854 741/975/851
f 745/981/857 729/983/859 744/979/855
f 744/979/855 729/983/859 730/977/853
f 736/974/850 731/976/852 746/986/862
f 746/986/862 731/976/852 732/987/863
f 746/986/862 732/987/863 758/988/864
f 758/988/864 732/987/863 750/989/865
f 758/988/864 750/989/865 751/990/866
f 751/990/866 750/989/865 770/991/867
f 751/990/866 770/991/867 769/992/868
f 769/992/868 770/991/867 759/993/869
f 769/992/868 759/993/869 760/994/870
f 760/994/870 759/993/869 771/995/871
f 760/994/870 771/995/871 772/996/872
f 772/996/872 771/995/871 715/997/873
f 772/996/872 715/997/873 714/998/874
f 732/987/863 733/999/875 750/989/865
f 750/989/865 733/999/875 770/991/867
f 733/999/875 734/1000/876 770/991/867
f 770/991/867 734/1000/876 759/993/869
f 734/1000/876 735/1001/877 759/993/869
f 759/993/869 735/1001/877 771/995/871
f 717/1002/833 716/1003/878 735/1001/877
f 735/1001/877 716/1003/878 771/995/871
f 716/1003/878 715/997/873 771/995/871
f 713/1004/879 774/1005/880 714/998/874
f 714/998/874 774/1005/880 773/1006/881
f 714/998/874 773/1006/881 772/996/872
f 772/996/872 773/1006/881 761/1007/882
f 772/996/872 761/1007/882 760/994/870
f 760/994/870 761/1007/882 768/1008/883
f 760/994/870 768/1008/883 769/992/868
f 769/992/868 768/1008/883 752/1009/884
f 769/992/868 752/1009/884 751/990/866
f 751/990/866 752/1009/884 757/1010/885
f 751/990/866 757/1010/885 758/988/864
f 758/988/864 757/1010/885 747/1011/886
f 758/988/864 747/1011/886 746/986/862
f 746/986/862 747/1011/886 736/974/850
f 774/1005/880 713/1004/879 775/1012/887
f 775/1012/887 713/1004/879 712/1013/888
f 775/1012/887 712/1013/888 776/1014/889
f 776/1014/889 712/1013/888 711/1015/890
f 776/1014/889 711/1015/890 777/1016/891
f 777/1016/891 711/1015/890 710/1017/892
f 777/1016/891 710/1017/892 778/1018/893
f 778/1018/893 710/1017/892 709/1019/894
f 778/1018/893 709/1019/894 116/1020/895
f 116/1020/895 709/1019/894 708/1021/816
f 116/1020/895 708/1021/816 117/1022/896
f 116/1020/895 115/1023/897 778/1018/893
f 778/1018/893 115/1023/897 114/1024/898
f 778/1018/893 114/1024/898 777/1016/891
f 777/1016/891 114/1024/898 765/1025/899
f 777/1016/891 765/1025/899 776/1014/889
f 776/1014/889 765/1025/899 764/1026/900
f 776/1014/889 764/1026/900 775/1012/887
f 775/1012/887 764/1026/900 763/1027/901
f 775/1012/887 763/1027/901 774/1005/880
f 774/1005/880 763/1027/901 762/1028/902
f 774/1005/880 762/1028/902 773/1006/881
f 773/1006/881 762/1028/902 761/1007/882
f 114/1024/898 113/1029/903 765/1025/899
f 765/1025/899 113/1029/903 764/1026/900
f 113/1029/903 112/1030/904 764/1026/900
f 764/1026/900 112/1030/904 766/1031/905
f 764/1026/900 766/1031/905 763/1027/901
f 763/1027/901 766/1031/905 762/1028/902
f 766/1031/905 112/1030/904 754/1032/906
f 754/1032/906 112/1030/904 111/966/842
f 754/1032/906 111/966/842 755/1033/907
f 755/1033/907 111/966/842 749/968/844
f 755/1033/907 749/968/844 756/1034/908
f 756/1034/908 749/968/844 748/1035/909
f 756/1034/908 748/1035/909 757/1010/885
f 757/1010/885 748/1035/909 747/1011/886
f 736/974/850 747/1011/886 737/972/848
f 737/972/848 747/1011/886 748/1035/909
f 737/972/848 748/1035/909 738/970/846
f 738/970/846 748/1035/909 749/968/844
f 742/978/854 743/985/861 726/980/856
f 756/1034/908 757/1010/885 752/1009/884
f 755/1033/907 756/1034/908 753/1036/910
f 753/1036/910 756/1034/908 752/1009/884
f 753/1036/910 752/1009/884 768/1008/883
f 755/1033/907 753/1036/910 754/1032/906
f 754/1032/906 753/1036/910 767/1037/911
f 754/1032/906 767/1037/911 766/1031/905
f 766/1031/905 767/1037/911 762/1028/902
f 767/1037/911 753/1036/910 768/1008/883
f 767/1037/911 768/1008/883 761/1007/882
f 761/1007/882 762/1028/902 767/1037/911
f 117/1038/896 708/1039/816 386/1040/498
f 386/1040/498 708/1039/816 793/1041/912
f 386/1040/498 793/1041/912 794/1042/913
f 274/1043/352 786/1044/914 708/1039/816
f 708/1039/816 786/1044/914 787/1045/915
f 708/1039/816 787/1045/915 788/1046/916
f 273/1047/342 779/1048/917 274/1043/352
f 274/1043/352 779/1048/917 780/1049/918
f 274/1043/352 780/1049/918 781/1050/919
f 273/1047/342 381/1051/435 779/1048/917
f 779/1048/917 381/1051/435 805/1052/920
f 805/1052/920 381/1051/435 804/1053/921
f 804/1053/921 381/1051/435 803/1054/922
f 803/1054/922 381/1051/435 802/1055/923
f 802/1055/923 381/1051/435 801/1056/924
f 801/1056/924 381/1051/435 400/1057/470
f 801/1056/924 400/1057/470 800/1058/925
f 800/1058/925 400/1057/470 399/1059/472
f 800/1058/925 399/1059/472 398/1060/474
f 398/1060/474 397/1061/476 800/1058/925
f 800/1058/925 397/1061/476 799/1062/926
f 799/1062/926 397/1061/476 396/1063/478
f 799/1062/926 396/1063/478 391/1064/488
f 391/1064/488 396/1063/478 392/1065/486
f 392/1065/486 396/1063/478 395/1066/480
f 392/1065/486 395/1066/480 393/1067/484
f 393/1067/484 395/1066/480 394/1068/482
f 391/1064/488 390/1069/490 799/1062/926
f 799/1062/926 390/1069/490 389/1070/492
f 799/1062/926 389/1070/492 388/1071/494
f 799/1062/926 388/1071/494 798/1072/927
f 798/1072/927 388/1071/494 387/1073/496
f 798/1072/927 387/1073/496 797/1074/928
f 797/1074/928 387/1073/496 386/1040/498
f 797/1074/928 386/1040/498 796/1075/929
f 796/1075/929 386/1040/498 795/1076/930
f 795/1076/930 386/1040/498 794/1042/913
f 781/1050/919 782/1077/931 274/1043/352
f 274/1043/352 782/1077/931 783/1078/932
f 274/1043/352 783/1078/932 784/1079/933
f 784/1079/933 785/1080/934 274/1043/352
f 274/1043/352 785/1080/934 786/1044/914
f 788/1046/916 789/1081/935 708/1039/816
f 708/1039/816 789/1081/935 790/1082/936
f 708/1039/816 790/1082/936 791/1083/937
f 791/1083/937 792/1084/938 708/1039/816
f 708/1039/816 792/1084/938 793/1041/912
f 848/1085/939 207/1086/267 855/1087/940
f 855/1087/940 207/1086/267 206/1088/941
f 855/1087/940 206/1088/941 856/1089/942
f 856/1089/942 206/1088/941 205/1090/943
f 856/1089/942 205/1090/943 857/1091/944
f 857/1091/944 205/1090/943 204/1092/945
f 857/1091/944 204/1092/945 858/1093/946
f 858/1093/946 204/1092/945 861/1094/947
f 858/1093/946 861/1094/947 862/1095/948
f 862/1095/948 861/1094/947 202/1096/949
f 862/1095/948 202/1096/949 201/1097/950
f 204/1092/945 203/1098/951 861/1094/947
f 861/1094/947 203/1098/951 202/1096/949
f 862/1095/948 201/1097/950 863/1099/952
f 863/1099/952 201/1097/950 200/1100/953
f 863/1099/952 200/1100/953 806/1101/954
f 806/1101/954 200/1100/953 199/1102/955
f 863/1099/952 806/1101/954 860/1103/956
f 860/1103/956 806/1101/954 807/1104/957
f 860/1103/956 807/1104/957 851/1105/958
f 851/1105/958 807/1104/957 808/1106/959
f 851/1105/958 808/1106/959 864/1107/960
f 864/1107/960 808/1106/959 809/1108/961
f 864/1107/960 809/1108/961 869/1109/962
f 869/1109/962 809/1108/961 810/1110/963
f 869/1109/962 810/1110/963 874/1111/964
f 874/1111/964 810/1110/963 811/1112/965
f 874/1111/964 811/1112/965 879/1113/966
f 879/1113/966 811/1112/965 812/1114/967
f 879/1113/966 812/1114/967 883/1115/968
f 883/1115/968 812/1114/967 813/1116/969
f 883/1115/968 813/1116/969 888/1117/970
f 888/1117/970 813/1116/969 814/1118/971
f 888/1117/970 814/1118/971 893/1119/972
f 893/1119/972 814/1118/971 815/1120/973
f 893/1119/972 815/1120/973 898/1121/974
f 898/1121/974 815/1120/973 816/1122/975
f 898/1121/974 816/1122/975 903/1123/976
f 903/1123/976 816/1122/975 817/1124/977
f 903/1123/976 817/1124/977 908/1125/978
f 908/1125/978 817/1124/977 818/1126/979
f 908/1125/978 818/1126/979 913/1127/980
f 913/1127/980 818/1126/979 819/1128/981
f 913/1127/980 819/1128/981 918/1129/982
f 918/1129/982 819/1128/981 820/1130/983
f 918/1129/982 820/1130/983 923/1131/984
f 923/1131/984 820/1130/983 821/1132/985
f 923/1131/984 821/1132/985 928/1133/986
f 928/1133/986 821/1132/985 822/1134/987
f 928/1133/986 822/1134/987 933/1135/988
f 933/1135/988 822/1134/987 823/1136/989
f 933/1135/988 823/1136/989 938/1137/990
f 938/1137/990 823/1136/989 824/1138/991
f 938/1137/990 824/1138/991 942/1139/992
f 942/1139/992 824/1138/991 825/1140/993
f 942/1139/992 825/1140/993 947/1141/994
f 947/1141/994 825/1140/993 826/1142/995
f 947/1141/994 826/1142/995 952/1143/996
f 952/1143/996 826/1142/995 827/1144/997
f 952/1143/996 827/1144/997 957/1145/998
f 957/1145/998 827/1144/997 828/1146/999
f 957/1145/998 828/1146/999 962/1147/1000
f 962/1147/1000 828/1146/999 829/1148/1001
f 962/1147/1000 829/1148/1001 967/1149/1002
f 967/1149/1002 829/1148/1001 830/1150/1003
f 967/1149/1002 830/1150/1003 626/1151/1004
f 626/1151/1004 830/1150/1003 627/1152/1005
f 626/1151/1004 625/1153/1006 967/1149/1002
f 967/1149/1002 625/1153/1006 968/1154/1007
f 967/1149/1002 968/1154/1007 962/1147/1000
f 962/1147/1000 968/1154/1007 963/1155/1008
f 962/1147/1000 963/1155/1008 957/1145/998
f 957/1145/998 963/1155/1008 958/1156/1009
f 957/1145/998 958/1156/1009 952/1143/996
f 952/1143/996 958/1156/1009 953/1157/1010
f 952/1143/996 953/1157/1010 947/1141/994
f 947/1141/994 953/1157/1010 948/1158/1011
f 947/1141/994 948/1158/1011 942/1139/992
f 942/1139/992 948/1158/1011 943/1159/1012
f 942/1139/992 943/1159/1012 938/1137/990
f 938/1137/990 943/1159/1012 939/1160/1013
f 938/1137/990 939/1160/1013 933/1135/988
f 933/1135/988 939/1160/1013 934/1161/1014
f 933/1135/988 934/1161/1014 928/1133/986
f 928/1133/986 934/1161/1014 929/1162/1015
f 928/1133/986 929/1162/1015 923/1131/984
f 923/1131/984 929/1162/1015 924/1163/1016
f 923/1131/984 924/1163/1016 918/1129/982
f 918/1129/982 924/1163/1016 919/1164/1017
f 918/1129/982 919/1164/1017 913/1127/980
f 913/1127/980 919/1164/1017 914/1165/1018
f 913/1127/980 914/1165/1018 908/1125/978
f 908/1125/978 914/1165/1018 909/1166/1019
f 908/1125/978 909/1166/1019 903/1123/976
f 903/1123/976 909/1166/1019 904/1167/1020
f 903/1123/976 904/1167/1020 898/1121/974
f 898/1121/974 904/1167/1020 899/1168/1021
f 898/1121/974 899/1168/1021 893/1119/972
f 893/1119/972 899/1168/1021 894/1169/1022
f 893/1119/972 894/1169/1022 888/1117/970
f 888/1117/970 894/1169/1022 889/1170/1023
f 888/1117/970 889/1170/1023 883/1115/968
f 883/1115/968 889/1170/1023 884/1171/1024
f 883/1115/968 884/1171/1024 879/1113/966
f 879/1113/966 884/1171/1024 880/1172/1025
f 879/1113/966 880/1172/1025 874/1111/964
f 874/1111/964 880/1172/1025 875/1173/1026
f 874/1111/964 875/1173/1026 869/1109/962
f 869/1109/962 875/1173/1026 870/1174/1027
f 869/1109/962 870/1174/1027 864/1107/960
f 864/1107/960 870/1174/1027 865/1175/1028
f 864/1107/960 865/1175/1028 851/1105/958
f 851/1105/958 865/1175/1028 852/1176/1029
f 851/1105/958 852/1176/1029 860/1103/956
f 860/1103/956 852/1176/1029 859/1177/1030
f 860/1103/956 859/1177/1030 863/1099/952
f 863/1099/952 859/1177/1030 862/1095/948
f 625/1153/1006 624/1178/1031 968/1154/1007
f 968/1154/1007 624/1178/1031 969/1179/1032
f 968/1154/1007 969/1179/1032 963/1155/1008
f 963/1155/1008 969/1179/1032 964/1180/1033
f 963/1155/1008 964/1180/1033 958/1156/1009
f 958/1156/1009 964/1180/1033 959/1181/1034
f 958/1156/1009 959/1181/1034 953/1157/1010
f 953/1157/1010 959/1181/1034 954/1182/1035
f 953/1157/1010 954/1182/1035 948/1158/1011
f 948/1158/1011 954/1182/1035 949/1183/1036
f 948/1158/1011 949/1183/1036 943/1159/1012
f 943/1159/1012 949/1183/1036 944/1184/1037
f 943/1159/1012 944/1184/1037 939/1160/1013
f 939/1160/1013 944/1184/1037 940/1185/1038
f 939/1160/1013 940/1185/1038 934/1161/1014
f 934/1161/1014 940/1185/1038 935/1186/1039
f 934/1161/1014 935/1186/1039 929/1162/1015
f 929/1162/1015 935/1186/1039 930/1187/1040
f 929/1162/1015 930/1187/1040 924/1163/1016
f 924/1163/1016 930/1187/1040 925/1188/1041
f 924/1163/1016 925/1188/1041 919/1164/1017
f 919/1164/1017 925/1188/1041 920/1189/1042
f 919/1164/1017 920/1189/1042 914/1165/1018
f 914/1165/1018 920/1189/1042 915/1190/1043
f 914/1165/1018 915/1190/1043 909/1166/1019
f 909/1166/1019 915/1190/1043 910/1191/1044
f 909/1166/1019 910/1191/1044 904/1167/1020
f 904/1167/1020 910/1191/1044 905/1192/1045
f 904/1167/1020 905/1192/1045 899/1168/1021
f 899/1168/1021 905/1192/1045 900/1193/1046
f 899/1168/1021 900/1193/1046 894/1169/1022
f 894/1169/1022 900/1193/1046 895/1194/1047
f 894/1169/1022 895/1194/1047 889/1170/1023
f 889/1170/1023 895/1194/1047 890/1195/1048
f 889/1170/1023 890/1195/1048 884/1171/1024
f 884/1171/1024 890/1195/1048 885/1196/1049
f 884/1171/1024 885/1196/1049 880/1172/1025
f 880/1172/1025 885/1196/1049 881/1197/1050
f 880/1172/1025 881/1197/1050 875/1173/1026
f 875/1173/1026 881/1197/1050 876/1198/1051
f 875/1173/1026 876/1198/1051 870/1174/1027
f 870/1174/1027 876/1198/1051 871/1199/1052
f 870/1174/1027 871/1199/1052 865/1175/1028
f 865/1175/1028 871/1199/1052 866/1200/1053
f 865/1175/1028 866/1200/1053 852/1176/1029
f 852/1176/1029 866/1200/1053 853/1201/1054
f 852/1176/1029 853/1201/1054 859/1177/1030
f 859/1177/1030 853/1201/1054 858/1093/946
f 859/1177/1030 858/1093/946 862/1095/948
f 624/1178/1031 623/1202/1055 969/1179/1032
f 969/1179/1032 623/1202/1055 622/1203/1056
f 969/1179/1032 622/1203/1056 964/1180/1033
f 964/1180/1033 622/1203/1056 965/1204/1057
f 964/1180/1033 965/1204/1057 959/1181/1034
f 959/1181/1034 965/1204/1057 960/1205/1058
f 959/1181/1034 960/1205/1058 954/1182/1035
f 954/1182/1035 960/1205/1058 955/1206/1059
f 954/1182/1035 955/1206/1059 949/1183/1036
f 949/1183/1036 955/1206/1059 950/1207/1060
f 949/1183/1036 950/1207/1060 944/1184/1037
f 944/1184/1037 950/1207/1060 945/1208/1061
f 944/1184/1037 945/1208/1061 940/1185/1038
f 940/1185/1038 945/1208/1061 941/1209/1062
f 940/1185/1038 941/1209/1062 935/1186/1039
f 935/1186/1039 941/1209/1062 936/1210/1063
f 935/1186/1039 936/1210/1063 930/1187/1040
f 930/1187/1040 936/1210/1063 931/1211/1064
f 930/1187/1040 931/1211/1064 925/1188/1041
f 925/1188/1041 931/1211/1064 926/1212/1065
f 925/1188/1041 926/1212/1065 920/1189/1042
f 920/1189/1042 926/1212/1065 921/1213/1066
f 920/1189/1042 921/1213/1066 915/1190/1043
f 915/1190/1043 921/1213/1066 916/1214/1067
f 915/1190/1043 916/1214/1067 910/1191/1044
f 910/1191/1044 916/1214/1067 911/1215/1068
f 910/1191/1044 911/1215/1068 905/1192/1045
f 905/1192/1045 911/1215/1068 906/1216/1069
f 905/1192/1045 906/1216/1069 900/1193/1046
f 900/1193/1046 906/1216/1069 901/1217/1070
f 900/1193/1046 901/1217/1070 895/1194/1047
f 895/1194/1047 901/1217/1070 896/1218/1071
f 895/1194/1047 896/1218/1071 890/1195/1048
f 890/1195/1048 896/1218/1071 891/1219/1072
f 890/1195/1048 891/1219/1072 885/1196/1049
f 885/1196/1049 891/1219/1072 886/1220/1073
f 885/1196/1049 886/1220/1073 881/1197/1050
f 881/1197/1050 886/1220/1073 882/1221/1074
f 881/1197/1050 882/1221/1074 876/1198/1051
f 876/1198/1051 882/1221/1074 877/1222/1075
f 876/1198/1051 877/1222/1075 871/1199/1052
f 871/1199/1052 877/1222/1075 872/1223/1076
f 871/1199/1052 872/1223/1076 866/1200/1053
f 866/1200/1053 872/1223/1076 867/1224/1077
f 866/1200/1053 867/1224/1077 853/1201/1054
f 853/1201/1054 867/1224/1077 854/1225/1078
f 853/1201/1054 854/1225/1078 858/1093/946
f 858/1093/946 854/1225/1078 857/1091/944
f 622/1203/1056 621/1226/1079 965/1204/1057
f 965/1204/1057 621/1226/1079 966/1227/1080
f 965/1204/1057 966/1227/1080 960/1205/1058
f 960/1205/1058 966/1227/1080 961/1228/1081
f 960/1205/1058 961/1228/1081 955/1206/1059
f 955/1206/1059 961/1228/1081 956/1229/1082
f 955/1206/1059 956/1229/1082 950/1207/1060
f 950/1207/1060 956/1229/1082 951/1230/1083
f 950/1207/1060 951/1230/1083 945/1208/1061
f 945/1208/1061 951/1230/1083 946/1231/1084
f 945/1208/1061 946/1231/1084 941/1209/1062
f 941/1209/1062 946/1231/1084 849/1232/1085
f 941/1209/1062 849/1232/1085 936/1210/1063
f 936/1210/1063 849/1232/1085 937/1233/1086
f 936/1210/1063 937/1233/1086 931/1211/1064
f 931/1211/1064 937/1233/1086 932/1234/1087
f 931/1211/1064 932/1234/1087 926/1212/1065
f 926/1212/1065 932/1234/1087 927/1235/1088
f 926/1212/1065 927/1235/1088 921/1213/1066
f 921/1213/1066 927/1235/1088 922/1236/1089
f 921/1213/1066 922/1236/1089 916/1214/1067
f 916/1214/1067 922/1236/1089 917/1237/1090
f 916/1214/1067 917/1237/1090 911/1215/1068
f 911/1215/1068 917/1237/1090 912/1238/1091
f 911/1215/1068 912/1238/1091 906/1216/1069
f 906/1216/1069 912/1238/1091 907/1239/1092
f 906/1216/1069 907/1239/1092 901/1217/1070
f 901/1217/1070 907/1239/1092 902/1240/1093
f 901/1217/1070 902/1240/1093 896/1218/1071
f 896/1218/1071 902/1240/1093 897/1241/1094
f 896/1218/1071 897/1241/1094 891/1219/1072
f 891/1219/1072 897/1241/1094 892/1242/1095
f 891/1219/1072 892/1242/1095 886/1220/1073
f 886/1220/1073 892/1242/1095 887/1243/1096
f 886/1220/1073 887/1243/1096 882/1221/1074
f 882/1221/1074 887/1243/1096 850/1244/1097
f 882/1221/1074 850/1244/1097 877/1222/1075
f 877/1222/1075 850/1244/1097 878/1245/1098
f 877/1222/1075 878/1245/1098 872/1223/1076
f 872/1223/1076 878/1245/1098 873/1246/1099
f 872/1223/1076 873/1246/1099 867/1224/1077
f 867/1224/1077 873/1246/1099 868/1247/1100
f 867/1224/1077 868/1247/1100 854/1225/1078
f 854/1225/1078 868/1247/1100 855/1087/940
f 854/1225/1078 855/1087/940 857/1091/944
f 857/1091/944 855/1087/940 856/1089/942
f 621/1226/1079 620/1248/1101 966/1227/1080
f 966/1227/1080 620/1248/1101 961/1228/1081
f 620/1248/1101 619/1249/716 961/1228/1081
f 961/1228/1081 619/1249/716 831/1250/1102
f 961/1228/1081 831/1250/1102 956/1229/1082
f 956/1229/1082 831/1250/1102 832/1251/1103
f 956/1229/1082 832/1251/1103 951/1230/1083
f 951/1230/1083 832/1251/1103 833/1252/1104
f 951/1230/1083 833/1252/1104 946/1231/1084
f 946/1231/1084 833/1252/1104 834/1253/1105
f 946/1231/1084 834/1253/1105 849/1232/1085
f 849/1232/1085 834/1253/1105 835/1254/1106
f 849/1232/1085 835/1254/1106 937/1233/1086
f 937/1233/1086 835/1254/1106 932/1234/1087
f 835/1254/1106 836/1255/1107 932/1234/1087
f 932/1234/1087 836/1255/1107 927/1235/1088
f 836/1255/1107 837/1256/1108 927/1235/1088
f 927/1235/1088 837/1256/1108 922/1236/1089
f 837/1256/1108 838/1257/1109 922/1236/1089
f 922/1236/1089 838/1257/1109 917/1237/1090
f 838/1257/1109 839/1258/1110 917/1237/1090
f 917/1237/1090 839/1258/1110 912/1238/1091
f 839/1258/1110 840/1259/1111 912/1238/1091
f 912/1238/1091 840/1259/1111 907/1239/1092
f 840/1259/1111 841/1260/1112 907/1239/1092
f 907/1239/1092 841/1260/1112 902/1240/1093
f 841/1260/1112 842/1261/1113 902/1240/1093
f 902/1240/1093 842/1261/1113 897/1241/1094
f 842/1261/1113 843/1262/1114 897/1241/1094
f 897/1241/1094 843/1262/1114 892/1242/1095
f 843/1262/1114 844/1263/1115 892/1242/1095
f 892/1242/1095 844/1263/1115 887/1243/1096
f 887/1243/1096 844/1263/1115 850/1244/1097
f 850/1244/1097 844/1263/1115 845/1264/1116
f 850/1244/1097 845/1264/1116 878/1245/1098
f 878/1245/1098 845/1264/1116 846/1265/1117
f 878/1245/1098 846/1265/1117 873/1246/1099
f 873/1246/1099 846/1265/1117 847/1266/1118
f 873/1246/1099 847/1266/1118 868/1247/1100
f 868/1247/1100 847/1266/1118 848/1085/939
f 868/1247/1100 848/1085/939 855/1087/940
f 619/1267/716 207/1268/267 831/1269/1102
f 831/1269/1102 207/1268/267 848/1270/939
f 831/1269/1102 848/1270/939 847/1271/1118
f 831/1269/1102 847/1271/1118 832/1272/1103
f 832/1272/1103 847/1271/1118 846/1273/1117
f 832/1272/1103 846/1273/1117 833/1274/1104
f 833/1274/1104 846/1273/1117 845/1275/1116
f 833/1274/1104 845/1275/1116 834/1276/1105
f 834/1276/1105 845/1275/1116 844/1277/1115
f 834/1276/1105 844/1277/1115 835/1278/1106
f 835/1278/1106 844/1277/1115 843/1279/1114
f 835/1278/1106 843/1279/1114 836/1280/1107
f 836/1280/1107 843/1279/1114 842/1281/1113
f 836/1280/1107 842/1281/1113 837/1282/1108
f 837/1282/1108 842/1281/1113 841/1283/1112
f 837/1282/1108 841/1283/1112 838/1284/1109
f 838/1284/1109 841/1283/1112 840/1285/1111
f 838/1284/1109 840/1285/1111 839/1286/1110
f 1012/1287/1119 717/1288/833 1019/1289/1120
f 1019/1289/1120 717/1288/833 735/1290/1121
f 1019/1289/1120 735/1290/1121 1020/1291/1122
f 1020/1291/1122 735/1290/1121 734/1292/1123
f 1020/1291/1122 734/1292/1123 1021/1293/1124
f 1021/1293/1124 734/1292/1123 733/1294/1125
f 1021/1293/1124 733/1294/1125 1022/1295/1126
f 1022/1295/1126 733/1294/1125 1025/1296/1127
f 1022/1295/1126 1025/1296/1127 1026/1297/1128
f 1026/1297/1128 1025/1296/1127 731/1298/1129
f 1026/1297/1128 731/1298/1129 730/1299/1130
f 733/1294/1125 732/1300/1131 1025/1296/1127
f 1025/1296/1127 732/1300/1131 731/1298/1129
f 1026/1297/1128 730/1299/1130 1027/1301/1132
f 1027/1301/1132 730/1299/1130 729/1302/1133
f 1027/1301/1132 729/1302/1133 970/1303/1134
f 970/1303/1134 729/1302/1133 728/1304/1135
f 1027/1301/1132 970/1303/1134 1024/1305/1136
f 1024/1305/1136 970/1303/1134 971/1306/1137
f 1024/1305/1136 971/1306/1137 1015/1307/1138
f 1015/1307/1138 971/1306/1137 972/1308/1139
f 1015/1307/1138 972/1308/1139 1028/1309/1140
f 1028/1309/1140 972/1308/1139 973/1310/1141
f 1028/1309/1140 973/1310/1141 1033/1311/1142
f 1033/1311/1142 973/1310/1141 974/1312/1143
f 1033/1311/1142 974/1312/1143 1038/1313/1144
f 1038/1313/1144 974/1312/1143 975/1314/1145
f 1038/1313/1144 975/1314/1145 1043/1315/1146
f 1043/1315/1146 975/1314/1145 976/1316/1147
f 1043/1315/1146 976/1316/1147 1047/1317/1148
f 1047/1317/1148 976/1316/1147 977/1318/1149
f 1047/1317/1148 977/1318/1149 1052/1319/1150
f 1052/1319/1150 977/1318/1149 978/1320/1151
f 1052/1319/1150 978/1320/1151 1057/1321/1152
f 1057/1321/1152 978/1320/1151 979/1322/1153
f 1057/1321/1152 979/1322/1153 1062/1323/1154
f 1062/1323/1154 979/1322/1153 980/1324/1155
f 1062/1323/1154 980/1324/1155 1067/1325/1156
f 1067/1325/1156 980/1324/1155 981/1326/1157
f 1067/1325/1156 981/1326/1157 1072/1327/1158
f 1072/1327/1158 981/1326/1157 982/1328/1159
f 1072/1327/1158 982/1328/1159 1077/1329/1160
f 1077/1329/1160 982/1328/1159 983/1330/1161
f 1077/1329/1160 983/1330/1161 1082/1331/1162
f 1082/1331/1162 983/1330/1161 984/1332/1163
f 1082/1331/1162 984/1332/1163 1087/1333/1164
f 1087/1333/1164 984/1332/1163 985/1334/1165
f 1087/1333/1164 985/1334/1165 1092/1335/1166
f 1092/1335/1166 985/1334/1165 986/1336/1167
f 1092/1335/1166 986/1336/1167 1097/1337/1168
f 1097/1337/1168 986/1336/1167 987/1338/1169
f 1097/1337/1168 987/1338/1169 1102/1339/1170
f 1102/1339/1170 987/1338/1169 988/1340/1171
f 1102/1339/1170 988/1340/1171 1106/1341/1172
f 1106/1341/1172 988/1340/1171 989/1342/1173
f 1106/1341/1172 989/1342/1173 1111/1343/1174
f 1111/1343/1174 989/1342/1173 990/1344/1175
f 1111/1343/1174 990/1344/1175 1116/1345/1176
f 1116/1345/1176 990/1344/1175 991/1346/1177
f 1116/1345/1176 991/1346/1177 1121/1347/1178
f 1121/1347/1178 991/1346/1177 992/1348/1179
f 1121/1347/1178 992/1348/1179 1126/1349/1180
f 1126/1349/1180 992/1348/1179 993/1350/1181
f 1126/1349/1180 993/1350/1181 1131/1351/1182
f 1131/1351/1182 993/1350/1181 994/1352/1183
f 1131/1351/1182 994/1352/1183 290/1353/1184
f 290/1353/1184 994/1352/1183 291/1354/1185
f 290/1353/1184 289/1355/1186 1131/1351/1182
f 1131/1351/1182 289/1355/1186 1132/1356/1187
f 1131/1351/1182 1132/1356/1187 1126/1349/1180
f 1126/1349/1180 1132/1356/1187 1127/1357/1188
f 1126/1349/1180 1127/1357/1188 1121/1347/1178
f 1121/1347/1178 1127/1357/1188 1122/1358/1189
f 1121/1347/1178 1122/1358/1189 1116/1345/1176
f 1116/1345/1176 1122/1358/1189 1117/1359/1190
f 1116/1345/1176 1117/1359/1190 1111/1343/1174
f 1111/1343/1174 1117/1359/1190 1112/1360/1191
f 1111/1343/1174 1112/1360/1191 1106/1341/1172
f 1106/1341/1172 1112/1360/1191 1107/1361/1192
f 1106/1341/1172 1107/1361/1192 1102/1339/1170
f 1102/1339/1170 1107/1361/1192 1103/1362/1193
f 1102/1339/1170 1103/1362/1193 1097/1337/1168
f 1097/1337/1168 1103/1362/1193 1098/1363/1194
f 1097/1337/1168 1098/1363/1194 1092/1335/1166
f 1092/1335/1166 1098/1363/1194 1093/1364/1195
f 1092/1335/1166 1093/1364/1195 1087/1333/1164
f 1087/1333/1164 1093/1364/1195 1088/1365/1196
f 1087/1333/1164 1088/1365/1196 1082/1331/1162
f 1082/1331/1162 1088/1365/1196 1083/1366/1197
f 1082/1331/1162 1083/1366/1197 1077/1329/1160
f 1077/1329/1160 1083/1366/1197 1078/1367/1198
f 1077/1329/1160 1078/1367/1198 1072/1327/1158
f 1072/1327/1158 1078/1367/1198 1073/1368/1199
f 1072/1327/1158 1073/1368/1199 1067/1325/1156
f 1067/1325/1156 1073/1368/1199 1068/1369/1200
f 1067/1325/1156 1068/1369/1200 1062/1323/1154
f 1062/1323/1154 1068/1369/1200 1063/1370/1201
f 1062/1323/1154 1063/1370/1201 1057/1321/1152
f 1057/1321/1152 1063/1370/1201 1058/1371/1202
f 1057/1321/1152 1058/1371/1202 1052/1319/1150
f 1052/1319/1150 1058/1371/1202 1053/1372/1203
f 1052/1319/1150 1053/1372/1203 1047/1317/1148
f 1047/1317/1148 1053/1372/1203 1048/1373/1204
f 1047/1317/1148 1048/1373/1204 1043/1315/1146
f 1043/1315/1146 1048/1373/1204 1044/1374/1205
f 1043/1315/1146 1044/1374/1205 1038/1313/1144
f 1038/1313/1144 1044/1374/1205 1039/1375/1206
f 1038/1313/1144 1039/1375/1206 1033/1311/1142
f 1033/1311/1142 1039/1375/1206 1034/1376/1207
f 1033/1311/1142 1034/1376/1207 1028/1309/1140
f 1028/1309/1140 1034/1376/1207 1029/1377/1208
f 1028/1309/1140 1029/1377/1208 1015/1307/1138
f 1015/1307/1138 1029/1377/1208 1016/1378/1209
f 1015/1307/1138 1016/1378/1209 1024/1305/1136
f 1024/1305/1136 1016/1378/1209 1023/1379/1210
f 1024/1305/1136 1023/1379/1210 1027/1301/1132
f 1027/1301/1132 1023/1379/1210 1026/1297/1128
f 289/1355/1186 288/1380/1211 1132/1356/1187
f 1132/1356/1187 288/1380/1211 1133/1381/1212
f 1132/1356/1187 1133/1381/1212 1127/1357/1188
f 1127/1357/1188 1133/1381/1212 1128/1382/1213
f 1127/1357/1188 1128/1382/1213 1122/1358/1189
f 1122/1358/1189 1128/1382/1213 1123/1383/1214
f 1122/1358/1189 1123/1383/1214 1117/1359/1190
f 1117/1359/1190 1123/1383/1214 1118/1384/1215
f 1117/1359/1190 1118/1384/1215 1112/1360/1191
f 1112/1360/1191 1118/1384/1215 1113/1385/1216
f 1112/1360/1191 1113/1385/1216 1107/1361/1192
f 1107/1361/1192 1113/1385/1216 1108/1386/1217
f 1107/1361/1192 1108/1386/1217 1103/1362/1193
f 1103/1362/1193 1108/1386/1217 1104/1387/1218
f 1103/1362/1193 1104/1387/1218 1098/1363/1194
f 1098/1363/1194 1104/1387/1218 1099/1388/1219
f 1098/1363/1194 1099/1388/1219 1093/1364/1195
f 1093/1364/1195 1099/1388/1219 1094/1389/1220
f 1093/1364/1195 1094/1389/1220 1088/1365/1196
f 1088/1365/1196 1094/1389/1220 1089/1390/1221
f 1088/1365/1196 1089/1390/1221 1083/1366/1197
f 1083/1366/1197 1089/1390/1221 1084/1391/1222
f 1083/1366/1197 1084/1391/1222 1078/1367/1198
f 1078/1367/1198 1084/1391/1222 1079/1392/1223
f 1078/1367/1198 1079/1392/1223 1073/1368/1199
f 1073/1368/1199 1079/1392/1223 1074/1393/1224
f 1073/1368/1199 1074/1393/1224 1068/1369/1200
f 1068/1369/1200 1074/1393/1224 1069/1394/1225
f 1068/1369/1200 1069/1394/1225 1063/1370/1201
f 1063/1370/1201 1069/1394/1225 1064/1395/1226
f 1063/1370/1201 1064/1395/1226 1058/1371/1202
f 1058/1371/1202 1064/1395/1226 1059/1396/1227
f 1058/1371/1202 1059/1396/1227 1053/1372/1203
f 1053/1372/1203 1059/1396/1227 1054/1397/1228
f 1053/1372/1203 1054/1397/1228 1048/1373/1204
f 1048/1373/1204 1054/1397/1228 1049/1398/1229
f 1048/1373/1204 1049/1398/1229 1044/1374/1205
f 1044/1374/1205 1049/1398/1229 1045/1399/1230
f 1044/1374/1205 1045/1399/1230 1039/1375/1206
f 1039/1375/1206 1045/1399/1230 1040/1400/1231
f 1039/1375/1206 1040/1400/1231 1034/1376/1207
f 1034/1376/1207 1040/1400/1231 1035/1401/1232
f 1034/1376/1207 1035/1401/1232 1029/1377/1208
f 1029/1377/1208 1035/1401/1232 1030/1402/1233
f 1029/1377/1208 1030/1402/1233 1016/1378/1209
f 1016/1378/1209 1030/1402/1233 1017/1403/1234
f 1016/1378/1209 1017/1403/1234 1023/1379/1210
f 1023/1379/1210 1017/1403/1234 1022/1295/1126
f 1023/1379/1210 1022/1295/1126 1026/1297/1128
f 288/1380/1211 287/1404/1235 1133/1381/1212
f 1133/1381/1212 287/1404/1235 286/1405/1236
f 1133/1381/1212 286/1405/1236 1128/1382/1213
f 1128/1382/1213 286/1405/1236 1129/1406/1237
f 1128/1382/1213 1129/1406/1237 1123/1383/1214
f 1123/1383/1214 1129/1406/1237 1124/1407/1238
f 1123/1383/1214 1124/1407/1238 1118/1384/1215
f 1118/1384/1215 1124/1407/1238 1119/1408/1239
f 1118/1384/1215 1119/1408/1239 1113/1385/1216
f 1113/1385/1216 1119/1408/1239 1114/1409/1240
f 1113/1385/1216 1114/1409/1240 1108/1386/1217
f 1108/1386/1217 1114/1409/1240 1109/1410/1241
f 1108/1386/1217 1109/1410/1241 1104/1387/1218
f 1104/1387/1218 1109/1410/1241 1105/1411/1242
f 1104/1387/1218 1105/1411/1242 1099/1388/1219
f 1099/1388/1219 1105/1411/1242 1100/1412/1243
f 1099/1388/1219 1100/1412/1243 1094/1389/1220
f 1094/1389/1220 1100/1412/1243 1095/1413/1244
f 1094/1389/1220 1095/1413/1244 1089/1390/1221
f 1089/1390/1221 1095/1413/1244 1090/1414/1245
f 1089/1390/1221 1090/1414/1245 1084/1391/1222
f 1084/1391/1222 1090/1414/1245 1085/1415/1246
f 1084/1391/1222 1085/1415/1246 1079/1392/1223
f 1079/1392/1223 1085/1415/1246 1080/1416/1247
f 1079/1392/1223 1080/1416/1247 1074/1393/1224
f 1074/1393/1224 1080/1416/1247 1075/1417/1248
f 1074/1393/1224 1075/1417/1248 1069/1394/1225
f 1069/1394/1225 1075/1417/1248 1070/1418/1249
f 1069/1394/1225 1070/1418/1249 1064/1395/1226
f 1064/1395/1226 1070/1418/1249 1065/1419/1250
f 1064/1395/1226 1065/1419/1250 1059/1396/1227
f 1059/1396/1227 1065/1419/1250 1060/1420/1251
f 1059/1396/1227 1060/1420/1251 1054/1397/1228
f 1054/1397/1228 1060/1420/1251 1055/1421/1252
f 1054/1397/1228 1055/1421/1252 1049/1398/1229
f 1049/1398/1229 1055/1421/1252 1050/1422/1253
f 1049/1398/1229 1050/1422/1253 1045/1399/1230
f 1045/1399/1230 1050/1422/1253 1046/1423/1254
f 1045/1399/1230 1046/1423/1254 1040/1400/1231
f 1040/1400/1231 1046/1423/1254 1041/1424/1255
f 1040/1400/1231 1041/1424/1255 1035/1401/1232
f 1035/1401/1232 1041/1424/1255 1036/1425/1256
f 1035/1401/1232 1036/1425/1256 1030/1402/1233
f 1030/1402/1233 1036/1425/1256 1031/1426/1257
f 1030/1402/1233 1031/1426/1257 1017/1403/1234
f 1017/1403/1234 1031/1426/1257 1018/1427/1258
f 1017/1403/1234 1018/1427/1258 1022/1295/1126
f 1022/1295/1126 1018/1427/1258 1021/1293/1124
f 286/1405/1236 285/1428/1259 1129/1406/1237
f 1129/1406/1237 285/1428/1259 1130/1429/1260
f 1129/1406/1237 1130/1429/1260 1124/1407/1238
f 1124/1407/1238 1130/1429/1260 1125/1430/1261
f 1124/1407/1238 1125/1430/1261 1119/1408/1239
f 1119/1408/1239 1125/1430/1261 1120/1431/1262
f 1119/1408/1239 1120/1431/1262 1114/1409/1240
f 1114/1409/1240 1120/1431/1262 1115/1432/1263
f 1114/1409/1240 1115/1432/1263 1109/1410/1241
f 1109/1410/1241 1115/1432/1263 1110/1433/1264
f 1109/1410/1241 1110/1433/1264 1105/1411/1242
f 1105/1411/1242 1110/1433/1264 1013/1434/1265
f 1105/1411/1242 1013/1434/1265 1100/1412/1243
f 1100/1412/1243 1013/1434/1265 1101/1435/1266
f 1100/1412/1243 1101/1435/1266 1095/1413/1244
f 1095/1413/1244 1101/1435/1266 1096/1436/1267
f 1095/1413/1244 1096/1436/1267 1090/1414/1245
f 1090/1414/1245 1096/1436/1267 1091/1437/1268
f 1090/1414/1245 1091/1437/1268 1085/1415/1246
f 1085/1415/1246 1091/1437/1268 1086/1438/1269
f 1085/1415/1246 1086/1438/1269 1080/1416/1247
f 1080/1416/1247 1086/1438/1269 1081/1439/1270
f 1080/1416/1247 1081/1439/1270 1075/1417/1248
f 1075/1417/1248 1081/1439/1270 1076/1440/1271
f 1075/1417/1248 1076/1440/1271 1070/1418/1249
f 1070/1418/1249 1076/1440/1271 1071/1441/1272
f 1070/1418/1249 1071/1441/1272 1065/1419/1250
f 1065/1419/1250 1071/1441/1272 1066/1442/1273
f 1065/1419/1250 1066/1442/1273 1060/1420/1251
f 1060/1420/1251 1066/1442/1273 1061/1443/1274
f 1060/1420/1251 1061/1443/1274 1055/1421/1252
f 1055/1421/1252 1061/1443/1274 1056/1444/1275
f 1055/1421/1252 1056/1444/1275 1050/1422/1253
f 1050/1422/1253 1056/1444/1275 1051/1445/1276
f 1050/1422/1253 1051/1445/1276 1046/1423/1254
f 1046/1423/1254 1051/1445/1276 1014/1446/1277
f 1046/1423/1254 1014/1446/1277 1041/1424/1255
f 1041/1424/1255 1014/1446/1277 1042/1447/1278
f 1041/1424/1255 1042/1447/1278 1036/1425/1256
f 1036/1425/1256 1042/1447/1278 1037/1448/1279
f 1036/1425/1256 1037/1448/1279 1031/1426/1257
f 1031/1426/1257 1037/1448/1279 1032/1449/1280
f 1031/1426/1257 1032/1449/1280 1018/1427/1258
f 1018/1427/1258 1032/1449/1280 1019/1289/1120
f 1018/1427/1258 1019/1289/1120 1021/1293/1124
f 1021/1293/1124 1019/1289/1120 1020/1291/1122
f 285/1428/1259 284/1450/1281 1130/1429/1260
f 1130/1429/1260 284/1450/1281 1125/1430/1261
f 284/1450/1281 283/1451/325 1125/1430/1261
f 1125/1430/1261 283/1451/325 995/1452/1282
f 1125/1430/1261 995/1452/1282 1120/1431/1262
f 1120/1431/1262 995/1452/1282 996/1453/1283
f 1120/1431/1262 996/1453/1283 1115/1432/1263
f 1115/1432/1263 996/1453/1283 997/1454/1284
f 1115/1432/1263 997/1454/1284 1110/1433/1264
f 1110/1433/1264 997/1454/1284 998/1455/1285
f 1110/1433/1264 998/1455/1285 1013/1434/1265
f 1013/1434/1265 998/1455/1285 999/1456/1286
f 1013/1434/1265 999/1456/1286 1101/1435/1266
f 1101/1435/1266 999/1456/1286 1096/1436/1267
f 999/1456/1286 1000/1457/1287 1096/1436/1267
f 1096/1436/1267 1000/1457/1287 1091/1437/1268
f 1000/1457/1287 1001/1458/1288 1091/1437/1268
f 1091/1437/1268 1001/1458/1288 1086/1438/1269
f 1001/1458/1288 1002/1459/1289 1086/1438/1269
f 1086/1438/1269 1002/1459/1289 1081/1439/1270
f 1002/1459/1289 1003/1460/1290 1081/1439/1270
f 1081/1439/1270 1003/1460/1290 1076/1440/1271
f 1003/1460/1290 1004/1461/1291 1076/1440/1271
f 1076/1440/1271 1004/1461/1291 1071/1441/1272
f 1004/1461/1291 1005/1462/1292 1071/1441/1272
f 1071/1441/1272 1005/1462/1292 1066/1442/1273
f 1005/1462/1292 1006/1463/1293 1066/1442/1273
f 1066/1442/1273 1006/1463/1293 1061/1443/1274
f 1006/1463/1293 1007/1464/1294 1061/1443/1274
f 1061/1443/1274 1007/1464/1294 1056/1444/1275
f 1007/1464/1294 1008/1465/1295 1056/1444/1275
f 1056/1444/1275 1008/1465/1295 1051/1445/1276
f 1051/1445/1276 1008/1465/1295 1014/1446/1277
f 1014/1446/1277 1008/1465/1295 1009/1466/1296
f 1014/1446/1277 1009/1466/1296 1042/1447/1278
f 1042/1447/1278 1009/1466/1296 1010/1467/1297
f 1042/1447/1278 1010/1467/1297 1037/1448/1279
f 1037/1448/1279 1010/1467/1297 1011/1468/1298
f 1037/1448/1279 1011/1468/1298 1032/1449/1280
f 1032/1449/1280 1011/1468/1298 1012/1287/1119
f 1032/1449/1280 1012/1287/1119 1019/1289/1120
f 717/1469/833 1012/1470/1119 283/1471/325
f 283/1471/325 1012/1470/1119 995/1472/1282
f 995/1472/1282 1012/1470/1119 996/1473/1283
f 996/1473/1283 1012/1470/1119 1011/1474/1298
f 996/1473/1283 1011/1474/1298 997/1475/1284
f 997/1475/1284 1011/1474/1298 1010/1476/1297
f 997/1475/1284 1010/1476/1297 998/1477/1285
f 998/1477/1285 1010/1476/1297 1009/1478/1296
f 998/1477/1285 1009/1478/1296 999/1479/1286
f 999/1479/1286 1009/1478/1296 1008/1480/1295
f 999/1479/1286 1008/1480/1295 1000/1481/1287
f 1000/1481/1287 1008/1480/1295 1007/1482/1294
f 1000/1481/1287 1007/1482/1294 1001/1483/1288
f 1001/1483/1288 1007/1482/1294 1006/1484/1293
f 1001/1483/1288 1006/1484/1293 1002/1485/1289
f 1002/1485/1289 1006/1484/1293 1005/1486/1292
f 1002/1485/1289 1005/1486/1292 1003/1487/1290
f 1003/1487/1290 1005/1486/1292 1004/1488/1291
f 805/1489/1299 682/1490/1300 779/1491/1301
f 779/1491/1301 682/1490/1300 681/1492/1302
f 779/1493/1301 681/1494/1302 780/1495/1303
f 780/1495/1303 681/1494/1302 707/1496/1304
f 780/1495/1303 707/1496/1304 781/1497/1305
f 781/1497/1305 707/1496/1304 706/1498/1306
f 781/1497/1305 706/1498/1306 782/1499/1307
f 782/1499/1307 706/1498/1306 705/1500/1308
f 782/1499/1307 705/1500/1308 783/1501/1309
f 783/1501/1309 705/1500/1308 704/1502/1310
f 783/1501/1309 704/1502/1310 784/1503/1311
f 784/1503/1311 704/1502/1310 703/1504/1312
f 784/1503/1311 703/1504/1312 785/1505/1313
f 785/1505/1313 703/1504/1312 702/1506/1314
f 785/1505/1313 702/1506/1314 786/1507/1315
f 786/1507/1315 702/1506/1314 701/1508/1316
f 786/1507/1315 701/1508/1316 787/1509/1317
f 787/1509/1317 701/1508/1316 700/1510/1318
f 787/1509/1317 700/1510/1318 788/1511/1319
f 788/1511/1319 700/1510/1318 699/1512/1320
f 788/1511/1319 699/1512/1320 789/1513/1321
f 789/1513/1321 699/1512/1320 698/1514/1322
f 789/1513/1321 698/1514/1322 790/1515/1323
f 790/1515/1323 698/1514/1322 697/1516/1324
f 790/1515/1323 697/1516/1324 791/1517/1325
f 791/1517/1325 697/1516/1324 696/1518/1326
f 791/1517/1325 696/1518/1326 792/1519/1327
f 792/1519/1327 696/1518/1326 695/1520/1328
f 792/1519/1327 695/1520/1328 793/1521/1329
f 793/1521/1329 695/1520/1328 694/1522/1330
f 793/1521/1329 694/1522/1330 794/1523/1331
f 794/1523/1331 694/1522/1330 693/1524/1332
f 794/1523/1331 693/1524/1332 795/1525/1333
f 795/1525/1333 693/1524/1332 692/1526/1334
f 795/1525/1333 692/1526/1334 796/1527/1335
f 796/1527/1335 692/1526/1334 691/1528/1336
f 796/1527/1335 691/1528/1336 797/1529/1337
f 797/1529/1337 691/1528/1336 690/1530/1338
f 797/1529/1337 690/1530/1338 798/1531/1339
f 798/1531/1339 690/1530/1338 689/1532/1340
f 798/1531/1339 689/1532/1340 799/1533/1341
f 799/1533/1341 689/1532/1340 688/1534/1342
f 799/1533/1341 688/1534/1342 800/1535/1343
f 800/1535/1343 688/1534/1342 687/1536/1344
f 800/1535/1343 687/1536/1344 801/1537/1345
f 801/1537/1345 687/1536/1344 686/1538/1346
f 801/1537/1345 686/1538/1346 802/1539/1347
f 802/1539/1347 686/1538/1346 685/1540/1348
f 802/1539/1347 685/1540/1348 803/1541/1349
f 803/1541/1349 685/1540/1348 684/1542/1350
f 803/1541/1349 684/1542/1350 804/1543/1351
f 804/1543/1351 684/1542/1350 683/1544/1352
f 804/1543/1351 683/1544/1352 805/1489/1299
f 805/1489/1299 683/1544/1352 682/1490/1300
usemtl Aluminum_-_Anodized_Rough_(Red)
f 197/1545/1353 182/1546/1354 1179/1547/1355
f 1179/1547/1355 182/1546/1354 181/1548/1356
f 1179/1547/1355 181/1548/1356 1178/1549/1357
f 1178/1549/1357 181/1548/1356 1177/1550/1358
f 1177/1550/1358 181/1548/1356 180/1551/1359
f 1177/1550/1358 180/1551/1359 1176/1552/1360
f 1176/1552/1360 180/1551/1359 150/1553/553
f 1176/1552/1360 150/1553/553 1175/1554/1361
f 1175/1555/1361 150/1556/553 149/1557/1362
f 1175/1555/1361 149/1557/1362 1174/1558/1363
f 1174/1558/1363 149/1557/1362 148/1559/1364
f 1174/1558/1363 148/1559/1364 1173/1560/1365
f 1173/1560/1365 148/1559/1364 1172/1561/1366
f 1172/1561/1366 148/1559/1364 147/1562/1367
f 1172/1561/1366 147/1562/1367 293/1563/1368
f 1172/1561/1366 293/1563/1368 1171/1564/1369
f 1171/1564/1369 293/1563/1368 292/1565/1370
f 1171/1564/1369 292/1565/1370 291/1566/1185
f 1171/1564/1369 291/1566/1185 1170/1567/1371
f 1170/1567/1371 291/1566/1185 994/1568/1183
f 1170/1567/1371 994/1568/1183 1169/1569/1372
f 1169/1569/1372 994/1568/1183 993/1570/1181
f 1169/1569/1372 993/1570/1181 1168/1571/1373
f 1168/1571/1373 993/1570/1181 992/1572/1179
f 1168/1571/1373 992/1572/1179 1167/1573/1374
f 1167/1573/1374 992/1572/1179 1166/1574/1375
f 1166/1574/1375 992/1572/1179 991/1575/1177
f 1166/1574/1375 991/1575/1177 1165/1576/1376
f 1165/1576/1376 991/1575/1177 990/1577/1175
f 1165/1576/1376 990/1577/1175 1164/1578/1377
f 1164/1578/1377 990/1577/1175 989/1579/1173
f 1164/1578/1377 989/1579/1173 1163/1580/1378
f 1163/1580/1378 989/1579/1173 988/1581/1171
f 1163/1580/1378 988/1581/1171 1162/1582/1379
f 1162/1582/1379 988/1581/1171 1161/1583/1380
f 1161/1583/1380 988/1581/1171 987/1584/1169
f 1161/1583/1380 987/1584/1169 1160/1585/1381
f 1160/1585/1381 987/1584/1169 986/1586/1167
f 1160/1585/1381 986/1586/1167 1159/1587/1382
f 1159/1587/1382 986/1586/1167 985/1588/1165
f 1159/1587/1382 985/1588/1165 1158/1589/1383
f 1158/1589/1383 985/1588/1165 984/1590/1163
f 1158/1589/1383 984/1590/1163 1157/1591/1384
f 1157/1591/1384 984/1590/1163 983/1592/1161
f 1157/1591/1384 983/1592/1161 1156/1593/1385
f 1156/1593/1385 983/1592/1161 1155/1594/1386
f 1155/1594/1386 983/1592/1161 982/1595/1159
f 1155/1594/1386 982/1595/1159 1154/1596/1387
f 1154/1596/1387 982/1595/1159 981/1597/1157
f 1154/1596/1387 981/1597/1157 1153/1598/1388
f 1153/1598/1388 981/1597/1157 980/1599/1155
f 1153/1598/1388 980/1599/1155 1152/1600/1389
f 1152/1600/1389 980/1599/1155 979/1601/1153
f 1152/1600/1389 979/1601/1153 1151/1602/1390
f 1151/1602/1390 979/1601/1153 1150/1603/1391
f 1150/1603/1391 979/1601/1153 978/1604/1151
f 1150/1603/1391 978/1604/1151 1149/1605/1392
f 1149/1605/1392 978/1604/1151 977/1606/1149
f 1149/1605/1392 977/1606/1149 1148/1607/1393
f 1148/1607/1393 977/1606/1149 976/1608/1147
f 1148/1607/1393 976/1608/1147 1147/1609/1394
f 1147/1609/1394 976/1608/1147 975/1610/1145
f 1147/1609/1394 975/1610/1145 1146/1611/1395
f 1146/1611/1395 975/1610/1145 974/1612/1143
f 1146/1611/1395 974/1612/1143 1145/1613/1396
f 1145/1613/1396 974/1612/1143 1144/1614/1397
f 1144/1614/1397 974/1612/1143 973/1615/1141
f 1144/1614/1397 973/1615/1141 1143/1616/1398
f 1143/1616/1398 973/1615/1141 972/1617/1139
f 1143/1616/1398 972/1617/1139 1142/1618/1399
f 1142/1618/1399 972/1617/1139 971/1619/1137
f 1142/1618/1399 971/1619/1137 1141/1620/1400
f 1141/1620/1400 971/1619/1137 970/1621/1134
f 1141/1620/1400 970/1621/1134 1140/1622/1401
f 1140/1622/1401 970/1621/1134 1139/1623/1402
f 1139/1623/1402 970/1621/1134 728/1624/1135
f 1139/1623/1402 728/1624/1135 727/1625/1403
f 727/1625/1403 726/1626/1404 1139/1623/1402
f 1139/1623/1402 726/1626/1404 1138/1627/1405
f 1138/1627/1405 726/1626/1404 38/1628/1406
f 1138/1627/1405 38/1628/1406 1137/1629/1407
f 1137/1629/1407 38/1628/1406 37/1630/1408
f 1137/1629/1407 37/1630/1408 1136/1631/1409
f 1136/1631/1409 37/1630/1408 36/1632/1410
f 1136/1631/1409 36/1632/1410 1135/1633/1411
f 1135/1633/1411 36/1632/1410 5/1634/119
f 1135/1633/1411 5/1634/119 1134/1635/1412
f 1134/1635/1412 5/1634/119 1216/1636/1413
f 1216/1636/1413 5/1634/119 4/1637/1414
f 1216/1636/1413 4/1637/1414 1215/1638/1415
f 1215/1638/1415 4/1637/1414 3/1639/1416
f 1215/1638/1415 3/1639/1416 1214/1640/1417
f 1214/1640/1417 3/1639/1416 2/1641/1418
f 1214/1640/1417 2/1641/1418 1213/1642/1419
f 1213/1642/1419 2/1641/1418 629/1643/1420
f 1213/1642/1419 629/1643/1420 628/1644/1421
f 1213/1642/1419 628/1644/1421 1212/1645/1422
f 1212/1645/1422 628/1644/1421 627/1646/1005
f 1212/1645/1422 627/1646/1005 830/1647/1003
f 829/1648/1001 1210/1649/1423 830/1647/1003
f 830/1647/1003 1210/1649/1423 1211/1650/1424
f 830/1647/1003 1211/1650/1424 1212/1645/1422
f 1210/1649/1423 829/1648/1001 1209/1651/1425
f 1209/1651/1425 829/1648/1001 828/1652/999
f 1209/1651/1425 828/1652/999 1208/1653/1426
f 1208/1653/1426 828/1652/999 827/1654/997
f 1208/1653/1426 827/1654/997 1207/1655/1427
f 1207/1655/1427 827/1654/997 826/1656/995
f 1207/1655/1427 826/1656/995 1206/1657/1428
f 1206/1657/1428 826/1656/995 1205/1658/1429
f 1205/1658/1429 826/1656/995 825/1659/993
f 1205/1658/1429 825/1659/993 1204/1660/1430
f 1204/1660/1430 825/1659/993 824/1661/991
f 1204/1660/1430 824/1661/991 1203/1662/1431
f 1203/1662/1431 824/1661/991 823/1663/989
f 1203/1662/1431 823/1663/989 1202/1664/1432
f 1202/1664/1432 823/1663/989 822/1665/987
f 1202/1664/1432 822/1665/987 1201/1666/1433
f 1201/1666/1433 822/1665/987 821/1667/985
f 1201/1666/1433 821/1667/985 1200/1668/1434
f 1200/1668/1434 821/1667/985 1199/1669/1435
f 1199/1669/1435 821/1667/985 820/1670/983
f 1199/1669/1435 820/1670/983 1198/1671/1436
f 1198/1671/1436 820/1670/983 819/1672/981
f 1198/1671/1436 819/1672/981 1197/1673/1437
f 1197/1673/1437 819/1672/981 818/1674/979
f 1197/1673/1437 818/1674/979 1196/1675/1438
f 1196/1675/1438 818/1674/979 817/1676/977
f 1196/1675/1438 817/1676/977 1195/1677/1439
f 1195/1677/1439 817/1676/977 1194/1678/1440
f 1194/1678/1440 817/1676/977 816/1679/975
f 1194/1678/1440 816/1679/975 1193/1680/1441
f 1193/1680/1441 816/1679/975 815/1681/973
f 1193/1680/1441 815/1681/973 1192/1682/1442
f 1192/1682/1442 815/1681/973 814/1683/971
f 1192/1682/1442 814/1683/971 1191/1684/1443
f 1191/1684/1443 814/1683/971 813/1685/969
f 1191/1684/1443 813/1685/969 1190/1686/1444
f 1190/1686/1444 813/1685/969 812/1687/967
f 1190/1686/1444 812/1687/967 1189/1688/1445
f 1189/1688/1445 812/1687/967 1188/1689/1446
f 1188/1689/1446 812/1687/967 811/1690/965
f 1188/1689/1446 811/1690/965 1187/1691/1447
f 1187/1691/1447 811/1690/965 810/1692/963
f 1187/1691/1447 810/1692/963 1186/1693/1448
f 1186/1693/1448 810/1692/963 809/1694/961
f 1186/1693/1448 809/1694/961 1185/1695/1449
f 1185/1695/1449 809/1694/961 808/1696/959
f 1185/1695/1449 808/1696/959 1184/1697/1450
f 1184/1697/1450 808/1696/959 1183/1698/1451
f 1183/1698/1451 808/1696/959 807/1699/957
f 1183/1698/1451 807/1699/957 1182/1700/1452
f 1182/1700/1452 807/1699/957 806/1701/954
f 1182/1700/1452 806/1701/954 1181/1702/1453
f 1181/1702/1453 806/1701/954 199/1703/955
f 1181/1702/1453 199/1703/955 1180/1704/1454
f 1180/1704/1454 199/1703/955 198/1705/1455
f 1180/1704/1454 198/1705/1455 197/1545/1353
f 1180/1704/1454 197/1545/1353 1179/1547/1355
f 1216/1706/1413 1254/1707/1456 1134/1708/1412
f 1134/1708/1412 1254/1707/1456 1313/1709/1457
f 1134/1708/1412 1313/1709/1457 1135/1710/1411
f 1135/1710/1411 1313/1709/1457 3888/1711/1458
f 1135/1710/1411 3888/1711/1458 1136/1712/1409
f 1136/1712/1409 3888/1711/1458 3858/1713/1459
f 1136/1712/1409 3858/1713/1459 1137/1714/1407
f 1137/1714/1407 3858/1713/1459 3828/1715/1460
f 1137/1714/1407 3828/1715/1460 1138/1716/1405
f 1138/1716/1405 3828/1715/1460 3798/1717/1461
f 1138/1716/1405 3798/1717/1461 1139/1718/1402
f 1139/1718/1402 3798/1717/1461 1252/1719/1462
f 1139/1718/1402 1252/1719/1462 1140/1720/1401
f 1140/1720/1401 1252/1719/1462 3797/1721/1463
f 1140/1720/1401 3797/1721/1463 3709/1722/1464
f 3709/1722/1464 3797/1721/1463 3710/1723/1465
f 3709/1722/1464 3710/1723/1465 3679/1724/1466
f 3679/1724/1466 3710/1723/1465 3680/1725/1467
f 3679/1724/1466 3680/1725/1467 3649/1726/1468
f 3649/1726/1468 3680/1725/1467 3650/1727/1469
f 3649/1726/1468 3650/1727/1469 3619/1728/1470
f 3619/1728/1470 3650/1727/1469 3620/1729/1471
f 3619/1728/1470 3620/1729/1471 3589/1730/1472
f 3589/1730/1472 3620/1729/1471 3590/1731/1473
f 3589/1730/1472 3590/1731/1473 3559/1732/1474
f 3559/1732/1474 3590/1731/1473 3560/1733/1475
f 3559/1732/1474 3560/1733/1475 3529/1734/1476
f 3529/1734/1476 3560/1733/1475 3530/1735/1477
f 3529/1734/1476 3530/1735/1477 3499/1736/1478
f 3499/1736/1478 3530/1735/1477 3500/1737/1479
f 3499/1736/1478 3500/1737/1479 3469/1738/1480
f 3469/1738/1480 3500/1737/1479 3470/1739/1481
f 3469/1738/1480 3470/1739/1481 3439/1740/1482
f 3439/1740/1482 3470/1739/1481 3440/1741/1483
f 3439/1740/1482 3440/1741/1483 3380/1742/1484
f 3380/1742/1484 3440/1741/1483 3381/1743/1485
f 3380/1742/1484 3381/1743/1485 1253/1744/1486
f 1253/1744/1486 3381/1743/1485 3438/1745/1487
f 1253/1744/1486 3438/1745/1487 3350/1746/1488
f 3350/1746/1488 3438/1745/1487 3351/1747/1489
f 3350/1746/1488 3351/1747/1489 3320/1748/1490
f 3320/1748/1490 3351/1747/1489 3321/1749/1491
f 3320/1748/1490 3321/1749/1491 3290/1750/1492
f 3290/1750/1492 3321/1749/1491 3291/1751/1493
f 3290/1750/1492 3291/1751/1493 1218/1752/1494
f 1218/1752/1494 3291/1751/1493 1219/1753/1495
f 1218/1754/1494 1219/1755/1495 3260/1756/1496
f 3260/1756/1496 1219/1755/1495 3261/1757/1497
f 3260/1756/1496 3261/1757/1497 3230/1758/1498
f 3230/1758/1498 3261/1757/1497 3231/1759/1499
f 3230/1758/1498 3231/1759/1499 3200/1760/1500
f 3200/1760/1500 3231/1759/1499 3201/1761/1501
f 3200/1760/1500 3201/1761/1501 3170/1762/1502
f 3170/1762/1502 3201/1761/1501 3171/1763/1503
f 3170/1762/1502 3171/1763/1503 3140/1764/1504
f 3140/1764/1504 3171/1763/1503 3141/1765/1505
f 3140/1764/1504 3141/1765/1505 3110/1766/1506
f 3110/1766/1506 3141/1765/1505 3111/1767/1507
f 3110/1766/1506 3111/1767/1507 3080/1768/1508
f 3080/1768/1508 3111/1767/1507 3081/1769/1509
f 3080/1768/1508 3081/1769/1509 3021/1770/1510
f 3021/1770/1510 3081/1769/1509 3022/1771/1511
f 3021/1770/1510 3022/1771/1511 1248/1772/1512
f 1248/1772/1512 3022/1771/1511 3079/1773/1513
f 1248/1772/1512 3079/1773/1513 2991/1774/1514
f 2991/1774/1514 3079/1773/1513 2992/1775/1515
f 2991/1774/1514 2992/1775/1515 2961/1776/1516
f 2961/1776/1516 2992/1775/1515 2962/1777/1517
f 2961/1776/1516 2962/1777/1517 2931/1778/1518
f 2931/1778/1518 2962/1777/1517 2932/1779/1519
f 2931/1778/1518 2932/1779/1519 2901/1780/1520
f 2901/1780/1520 2932/1779/1519 2902/1781/1521
f 2901/1780/1520 2902/1781/1521 2871/1782/1522
f 2871/1782/1522 2902/1781/1521 2872/1783/1523
f 2871/1782/1522 2872/1783/1523 2841/1784/1524
f 2841/1784/1524 2872/1783/1523 2842/1785/1525
f 2841/1784/1524 2842/1785/1525 2811/1786/1526
f 2811/1786/1526 2842/1785/1525 2812/1787/1527
f 2811/1786/1526 2812/1787/1527 2781/1788/1528
f 2781/1788/1528 2812/1787/1527 2782/1789/1529
f 2781/1788/1528 2782/1789/1529 2751/1790/1530
f 2751/1790/1530 2782/1789/1529 2752/1791/1531
f 2751/1790/1530 2752/1791/1531 2721/1792/1532
f 2721/1792/1532 2752/1791/1531 2722/1793/1533
f 2721/1792/1532 2722/1793/1533 2691/1794/1534
f 2691/1794/1534 2722/1793/1533 2692/1795/1535
f 2691/1794/1534 2692/1795/1535 2631/1796/1536
f 2631/1796/1536 2692/1795/1535 2632/1797/1537
f 2631/1796/1536 2632/1797/1537 2690/1798/1538
f 2690/1798/1538 2632/1797/1537 2689/1799/1539
f 2690/1798/1538 2689/1799/1539 1249/1800/1540
f 1249/1800/1540 2689/1799/1539 2602/1801/1541
f 1249/1800/1540 2602/1801/1541 2572/1802/1542
f 2572/1802/1542 2602/1801/1541 2573/1803/1543
f 2572/1802/1542 2573/1803/1543 2542/1804/1544
f 2542/1804/1544 2573/1803/1543 2543/1805/1545
f 2542/1804/1544 2543/1805/1545 2512/1806/1546
f 2512/1806/1546 2543/1805/1545 2513/1807/1547
f 2512/1806/1546 2513/1807/1547 2482/1808/1548
f 2482/1808/1548 2513/1807/1547 2483/1809/1549
f 2482/1808/1548 2483/1809/1549 2452/1810/1550
f 2452/1810/1550 2483/1809/1549 2453/1811/1551
f 2452/1810/1550 2453/1811/1551 2422/1812/1552
f 2422/1812/1552 2453/1811/1551 2423/1813/1553
f 2422/1812/1552 2423/1813/1553 2392/1814/1554
f 2392/1814/1554 2423/1813/1553 2393/1815/1555
f 2392/1814/1554 2393/1815/1555 2362/1816/1556
f 2362/1816/1556 2393/1815/1555 2363/1817/1557
f 2362/1816/1556 2363/1817/1557 2332/1818/1558
f 2332/1818/1558 2363/1817/1557 2333/1819/1559
f 2332/1818/1558 2333/1819/1559 2302/1820/1560
f 2302/1820/1560 2333/1819/1559 2303/1821/1561
f 2302/1820/1560 2303/1821/1561 2242/1822/1562
f 2242/1822/1562 2303/1821/1561 2243/1823/1563
f 2242/1822/1562 2243/1823/1563 2301/1824/1564
f 2301/1824/1564 2243/1823/1563 2300/1825/1565
f 2301/1824/1564 2300/1825/1565 1250/1826/1566
f 1250/1826/1566 2300/1825/1565 2213/1827/1567
f 1250/1826/1566 2213/1827/1567 2183/1828/1568
f 2183/1828/1568 2213/1827/1567 2184/1829/1569
f 2183/1828/1568 2184/1829/1569 2153/1830/1570
f 2153/1830/1570 2184/1829/1569 2154/1831/1571
f 2153/1830/1570 2154/1831/1571 2123/1832/1572
f 2123/1832/1572 2154/1831/1571 2124/1833/1573
f 2123/1832/1572 2124/1833/1573 2093/1834/1574
f 2093/1834/1574 2124/1833/1573 2094/1835/1575
f 2093/1834/1574 2094/1835/1575 2063/1836/1576
f 2063/1836/1576 2094/1835/1575 2064/1837/1577
f 2063/1836/1576 2064/1837/1577 2033/1838/1578
f 2033/1838/1578 2064/1837/1577 2034/1839/1579
f 2033/1838/1578 2034/1839/1579 2003/1840/1580
f 2003/1840/1580 2034/1839/1579 2004/1841/1581
f 2003/1840/1580 2004/1841/1581 1973/1842/1582
f 1973/1842/1582 2004/1841/1581 1974/1843/1583
f 1973/1842/1582 1974/1843/1583 1943/1844/1584
f 1943/1844/1584 1974/1843/1583 1944/1845/1585
f 1943/1844/1584 1944/1845/1585 1913/1846/1586
f 1913/1846/1586 1944/1845/1585 1914/1847/1587
f 1913/1846/1586 1914/1847/1587 1853/1848/1588
f 1853/1848/1588 1914/1847/1587 1854/1849/1589
f 1853/1848/1588 1854/1849/1589 1912/1850/1590
f 1912/1850/1590 1854/1849/1589 1911/1851/1591
f 1912/1850/1590 1911/1851/1591 1251/1852/1592
f 1251/1852/1592 1911/1851/1591 1824/1853/1593
f 1251/1852/1592 1824/1853/1593 1794/1854/1594
f 1794/1854/1594 1824/1853/1593 1795/1855/1595
f 1794/1854/1594 1795/1855/1595 1764/1856/1596
f 1764/1856/1596 1795/1855/1595 1765/1857/1597
f 1764/1856/1596 1765/1857/1597 1734/1858/1598
f 1734/1858/1598 1765/1857/1597 1735/1859/1599
f 1734/1858/1598 1735/1859/1599 1704/1860/1600
f 1704/1860/1600 1735/1859/1599 1705/1861/1601
f 1704/1860/1600 1705/1861/1601 1674/1862/1602
f 1674/1862/1602 1705/1861/1601 1675/1863/1603
f 1674/1862/1602 1675/1863/1603 1644/1864/1604
f 1644/1864/1604 1675/1863/1603 1645/1865/1605
f 1644/1864/1604 1645/1865/1605 1614/1866/1606
f 1614/1866/1606 1645/1865/1605 1615/1867/1607
f 1614/1866/1606 1615/1867/1607 1584/1868/1608
f 1584/1868/1608 1615/1867/1607 1585/1869/1609
f 1584/1868/1608 1585/1869/1609 1554/1870/1610
f 1554/1870/1610 1585/1869/1609 1555/1871/1611
f 1554/1870/1610 1555/1871/1611 1524/1872/1612
f 1524/1872/1612 1555/1871/1611 1525/1873/1613
f 1524/1872/1612 1525/1873/1613 1464/1874/1614
f 1464/1874/1614 1525/1873/1613 1465/1875/1615
f 1464/1874/1614 1465/1875/1615 1523/1876/1616
f 1523/1876/1616 1465/1875/1615 1522/1877/1617
f 1523/1876/1616 1522/1877/1617 1434/1878/1618
f 1434/1878/1618 1522/1877/1617 1435/1879/1619
f 1434/1878/1618 1435/1879/1619 1404/1880/1620
f 1404/1880/1620 1435/1879/1619 1405/1881/1621
f 1404/1880/1620 1405/1881/1621 1374/1882/1622
f 1374/1882/1622 1405/1881/1621 1375/1883/1623
f 1374/1882/1622 1375/1883/1623 1344/1884/1624
f 1344/1884/1624 1375/1883/1623 1345/1885/1625
f 1344/1884/1624 1345/1885/1625 1314/1886/1626
f 1314/1886/1626 1345/1885/1625 1315/1887/1627
f 1314/1886/1626 1315/1887/1627 1254/1707/1456
f 1254/1707/1456 1315/1887/1627 1255/1888/1628
f 1254/1707/1456 1255/1888/1628 1313/1709/1457
f 1313/1709/1457 1255/1888/1628 1312/1889/1629
f 1313/1709/1457 1312/1889/1629 3888/1711/1458
f 3888/1711/1458 1312/1889/1629 3889/1890/1630
f 3888/1711/1458 3889/1890/1630 3858/1713/1459
f 3858/1713/1459 3889/1890/1630 3859/1891/1631
f 3858/1713/1459 3859/1891/1631 3828/1715/1460
f 3828/1715/1460 3859/1891/1631 3829/1892/1632
f 3828/1715/1460 3829/1892/1632 3798/1717/1461
f 3798/1717/1461 3829/1892/1632 3799/1893/1633
f 3798/1717/1461 3799/1893/1633 1252/1719/1462
f 1252/1719/1462 3799/1893/1633 3739/1894/1634
f 1252/1719/1462 3739/1894/1634 3796/1895/1635
f 3796/1895/1635 3739/1894/1634 3795/1896/1636
f 3796/1895/1635 3795/1896/1636 3711/1897/1637
f 3711/1897/1637 3795/1896/1636 3712/1898/1638
f 3711/1897/1637 3712/1898/1638 3681/1899/1639
f 3681/1899/1639 3712/1898/1638 3682/1900/1640
f 3681/1899/1639 3682/1900/1640 3651/1901/1641
f 3651/1901/1641 3682/1900/1640 3652/1902/1642
f 3651/1901/1641 3652/1902/1642 3621/1903/1643
f 3621/1903/1643 3652/1902/1642 3622/1904/1644
f 3621/1903/1643 3622/1904/1644 3591/1905/1645
f 3591/1905/1645 3622/1904/1644 3592/1906/1646
f 3591/1905/1645 3592/1906/1646 3561/1907/1647
f 3561/1907/1647 3592/1906/1646 3562/1908/1648
f 3561/1907/1647 3562/1908/1648 3531/1909/1649
f 3531/1909/1649 3562/1908/1648 3532/1910/1650
f 3531/1909/1649 3532/1910/1650 3501/1911/1651
f 3501/1911/1651 3532/1910/1650 3502/1912/1652
f 3501/1911/1651 3502/1912/1652 3471/1913/1653
f 3471/1913/1653 3502/1912/1652 3472/1914/1654
f 3471/1913/1653 3472/1914/1654 3441/1915/1655
f 3441/1915/1655 3472/1914/1654 3442/1916/1656
f 3441/1915/1655 3442/1916/1656 3382/1917/1657
f 3382/1917/1657 3442/1916/1656 3383/1918/1658
f 3382/1917/1657 3383/1918/1658 3437/1919/1659
f 3437/1919/1659 3383/1918/1658 3436/1920/1660
f 3437/1919/1659 3436/1920/1660 3352/1921/1661
f 3352/1921/1661 3436/1920/1660 3353/1922/1662
f 3352/1921/1661 3353/1922/1662 3322/1923/1663
f 3322/1923/1663 3353/1922/1662 3323/1924/1664
f 3322/1923/1663 3323/1924/1664 3292/1925/1665
f 3292/1925/1665 3323/1924/1664 3293/1926/1666
f 3292/1925/1665 3293/1926/1666 1220/1927/1667
f 1220/1927/1667 3293/1926/1666 1221/1928/1668
f 1220/1929/1667 1221/1930/1668 3262/1931/1669
f 3262/1931/1669 1221/1930/1668 3263/1932/1670
f 3262/1931/1669 3263/1932/1670 3232/1933/1671
f 3232/1933/1671 3263/1932/1670 3233/1934/1672
f 3232/1933/1671 3233/1934/1672 3202/1935/1673
f 3202/1935/1673 3233/1934/1672 3203/1936/1674
f 3202/1935/1673 3203/1936/1674 3172/1937/1675
f 3172/1937/1675 3203/1936/1674 3173/1938/1676
f 3172/1937/1675 3173/1938/1676 3142/1939/1677
f 3142/1939/1677 3173/1938/1676 3143/1940/1678
f 3142/1939/1677 3143/1940/1678 3112/1941/1679
f 3112/1941/1679 3143/1940/1678 3113/1942/1680
f 3112/1941/1679 3113/1942/1680 3082/1943/1681
f 3082/1943/1681 3113/1942/1680 3083/1944/1682
f 3082/1943/1681 3083/1944/1682 3023/1945/1683
f 3023/1945/1683 3083/1944/1682 3024/1946/1684
f 3023/1945/1683 3024/1946/1684 3078/1947/1685
f 3078/1947/1685 3024/1946/1684 3077/1948/1686
f 3078/1947/1685 3077/1948/1686 2993/1949/1687
f 2993/1949/1687 3077/1948/1686 2994/1950/1688
f 2993/1949/1687 2994/1950/1688 2963/1951/1689
f 2963/1951/1689 2994/1950/1688 2964/1952/1690
f 2963/1951/1689 2964/1952/1690 2933/1953/1691
f 2933/1953/1691 2964/1952/1690 2934/1954/1692
f 2933/1953/1691 2934/1954/1692 2903/1955/1693
f 2903/1955/1693 2934/1954/1692 2904/1956/1694
f 2903/1955/1693 2904/1956/1694 2873/1957/1695
f 2873/1957/1695 2904/1956/1694 2874/1958/1696
f 2873/1957/1695 2874/1958/1696 2843/1959/1697
f 2843/1959/1697 2874/1958/1696 2844/1960/1698
f 2843/1959/1697 2844/1960/1698 2813/1961/1699
f 2813/1961/1699 2844/1960/1698 2814/1962/1700
f 2813/1961/1699 2814/1962/1700 2783/1963/1701
f 2783/1963/1701 2814/1962/1700 2784/1964/1702
f 2783/1963/1701 2784/1964/1702 2753/1965/1703
f 2753/1965/1703 2784/1964/1702 2754/1966/1704
f 2753/1965/1703 2754/1966/1704 2723/1967/1705
f 2723/1967/1705 2754/1966/1704 2724/1968/1706
f 2723/1967/1705 2724/1968/1706 2693/1969/1707
f 2693/1969/1707 2724/1968/1706 2694/1970/1708
f 2693/1969/1707 2694/1970/1708 2633/1971/1709
f 2633/1971/1709 2694/1970/1708 2634/1972/1710
f 2633/1971/1709 2634/1972/1710 2688/1973/1711
f 2688/1973/1711 2634/1972/1710 2687/1974/1712
f 2688/1973/1711 2687/1974/1712 2603/1975/1713
f 2603/1975/1713 2687/1974/1712 2604/1976/1714
f 2603/1975/1713 2604/1976/1714 2574/1977/1715
f 2574/1977/1715 2604/1976/1714 2575/1978/1716
f 2574/1977/1715 2575/1978/1716 2544/1979/1717
f 2544/1979/1717 2575/1978/1716 2545/1980/1718
f 2544/1979/1717 2545/1980/1718 2514/1981/1719
f 2514/1981/1719 2545/1980/1718 2515/1982/1720
f 2514/1981/1719 2515/1982/1720 2484/1983/1721
f 2484/1983/1721 2515/1982/1720 2485/1984/1722
f 2484/1983/1721 2485/1984/1722 2454/1985/1723
f 2454/1985/1723 2485/1984/1722 2455/1986/1724
f 2454/1985/1723 2455/1986/1724 2424/1987/1725
f 2424/1987/1725 2455/1986/1724 2425/1988/1726
f 2424/1987/1725 2425/1988/1726 2394/1989/1727
f 2394/1989/1727 2425/1988/1726 2395/1990/1728
f 2394/1989/1727 2395/1990/1728 2364/1991/1729
f 2364/1991/1729 2395/1990/1728 2365/1992/1730
f 2364/1991/1729 2365/1992/1730 2334/1993/1731
f 2334/1993/1731 2365/1992/1730 2335/1994/1732
f 2334/1993/1731 2335/1994/1732 2304/1995/1733
f 2304/1995/1733 2335/1994/1732 2305/1996/1734
f 2304/1995/1733 2305/1996/1734 2244/1997/1735
f 2244/1997/1735 2305/1996/1734 2245/1998/1736
f 2244/1997/1735 2245/1998/1736 2299/1999/1737
f 2299/1999/1737 2245/1998/1736 2298/2000/1738
f 2299/1999/1737 2298/2000/1738 2214/2001/1739
f 2214/2001/1739 2298/2000/1738 2215/2002/1740
f 2214/2001/1739 2215/2002/1740 2185/2003/1741
f 2185/2003/1741 2215/2002/1740 2186/2004/1742
f 2185/2003/1741 2186/2004/1742 2155/2005/1743
f 2155/2005/1743 2186/2004/1742 2156/2006/1744
f 2155/2005/1743 2156/2006/1744 2125/2007/1745
f 2125/2007/1745 2156/2006/1744 2126/2008/1746
f 2125/2007/1745 2126/2008/1746 2095/2009/1747
f 2095/2009/1747 2126/2008/1746 2096/2010/1748
f 2095/2009/1747 2096/2010/1748 2065/2011/1749
f 2065/2011/1749 2096/2010/1748 2066/2012/1750
f 2065/2011/1749 2066/2012/1750 2035/2013/1751
f 2035/2013/1751 2066/2012/1750 2036/2014/1752
f 2035/2013/1751 2036/2014/1752 2005/2015/1753
f 2005/2015/1753 2036/2014/1752 2006/2016/1754
f 2005/2015/1753 2006/2016/1754 1975/2017/1755
f 1975/2017/1755 2006/2016/1754 1976/2018/1756
f 1975/2017/1755 1976/2018/1756 1945/2019/1757
f 1945/2019/1757 1976/2018/1756 1946/2020/1758
f 1945/2019/1757 1946/2020/1758 1915/2021/1759
f 1915/2021/1759 1946/2020/1758 1916/2022/1760
f 1915/2021/1759 1916/2022/1760 1855/2023/1761
f 1855/2023/1761 1916/2022/1760 1856/2024/1762
f 1855/2023/1761 1856/2024/1762 1910/2025/1763
f 1910/2025/1763 1856/2024/1762 1909/2026/1764
f 1910/2025/1763 1909/2026/1764 1825/2027/1765
f 1825/2027/1765 1909/2026/1764 1826/2028/1766
f 1825/2027/1765 1826/2028/1766 1796/2029/1767
f 1796/2029/1767 1826/2028/1766 1797/2030/1768
f 1796/2029/1767 1797/2030/1768 1766/2031/1769
f 1766/2031/1769 1797/2030/1768 1767/2032/1770
f 1766/2031/1769 1767/2032/1770 1736/2033/1771
f 1736/2033/1771 1767/2032/1770 1737/2034/1772
f 1736/2033/1771 1737/2034/1772 1706/2035/1773
f 1706/2035/1773 1737/2034/1772 1707/2036/1774
f 1706/2035/1773 1707/2036/1774 1676/2037/1775
f 1676/2037/1775 1707/2036/1774 1677/2038/1776
f 1676/2037/1775 1677/2038/1776 1646/2039/1777
f 1646/2039/1777 1677/2038/1776 1647/2040/1778
f 1646/2039/1777 1647/2040/1778 1616/2041/1779
f 1616/2041/1779 1647/2040/1778 1617/2042/1780
f 1616/2041/1779 1617/2042/1780 1586/2043/1781
f 1586/2043/1781 1617/2042/1780 1587/2044/1782
f 1586/2043/1781 1587/2044/1782 1556/2045/1783
f 1556/2045/1783 1587/2044/1782 1557/2046/1784
f 1556/2045/1783 1557/2046/1784 1526/2047/1785
f 1526/2047/1785 1557/2046/1784 1527/2048/1786
f 1526/2047/1785 1527/2048/1786 1466/2049/1787
f 1466/2049/1787 1527/2048/1786 1467/2050/1788
f 1466/2049/1787 1467/2050/1788 1521/2051/1789
f 1521/2051/1789 1467/2050/1788 1520/2052/1790
f 1521/2051/1789 1520/2052/1790 1436/2053/1791
f 1436/2053/1791 1520/2052/1790 1437/2054/1792
f 1436/2053/1791 1437/2054/1792 1406/2055/1793
f 1406/2055/1793 1437/2054/1792 1407/2056/1794
f 1406/2055/1793 1407/2056/1794 1376/2057/1795
f 1376/2057/1795 1407/2056/1794 1377/2058/1796
f 1376/2057/1795 1377/2058/1796 1346/2059/1797
f 1346/2059/1797 1377/2058/1796 1347/2060/1798
f 1346/2059/1797 1347/2060/1798 1316/2061/1799
f 1316/2061/1799 1347/2060/1798 1317/2062/1800
f 1316/2061/1799 1317/2062/1800 1256/2063/1801
f 1256/2063/1801 1317/2062/1800 1257/2064/1802
f 1256/2063/1801 1257/2064/1802 1311/2065/1803
f 1311/2065/1803 1257/2064/1802 1310/2066/1804
f 1311/2065/1803 1310/2066/1804 3890/2067/1805
f 3890/2067/1805 1310/2066/1804 3891/2068/1806
f 3890/2067/1805 3891/2068/1806 3860/2069/1807
f 3860/2069/1807 3891/2068/1806 3861/2070/1808
f 3860/2069/1807 3861/2070/1808 3830/2071/1809
f 3830/2071/1809 3861/2070/1808 3831/2072/1810
f 3830/2071/1809 3831/2072/1810 3800/2073/1811
f 3800/2073/1811 3831/2072/1810 3801/2074/1812
f 3800/2073/1811 3801/2074/1812 3740/2075/1813
f 3740/2075/1813 3801/2074/1812 3741/2076/1814
f 3740/2075/1813 3741/2076/1814 3794/2077/1815
f 3794/2077/1815 3741/2076/1814 3793/2078/1816
f 3794/2077/1815 3793/2078/1816 3713/2079/1817
f 3713/2079/1817 3793/2078/1816 3714/2080/1818
f 3713/2079/1817 3714/2080/1818 3683/2081/1819
f 3683/2081/1819 3714/2080/1818 3684/2082/1820
f 3683/2081/1819 3684/2082/1820 3653/2083/1821
f 3653/2083/1821 3684/2082/1820 3654/2084/1822
f 3653/2083/1821 3654/2084/1822 3623/2085/1823
f 3623/2085/1823 3654/2084/1822 3624/2086/1824
f 3623/2085/1823 3624/2086/1824 3593/2087/1825
f 3593/2087/1825 3624/2086/1824 3594/2088/1826
f 3593/2087/1825 3594/2088/1826 3563/2089/1827
f 3563/2089/1827 3594/2088/1826 3564/2090/1828
f 3563/2089/1827 3564/2090/1828 3533/2091/1829
f 3533/2091/1829 3564/2090/1828 3534/2092/1830
f 3533/2091/1829 3534/2092/1830 3503/2093/1831
f 3503/2093/1831 3534/2092/1830 3504/2094/1832
f 3503/2093/1831 3504/2094/1832 3473/2095/1833
f 3473/2095/1833 3504/2094/1832 3474/2096/1834
f 3473/2095/1833 3474/2096/1834 3443/2097/1835
f 3443/2097/1835 3474/2096/1834 3444/2098/1836
f 3443/2097/1835 3444/2098/1836 3384/2099/1837
f 3384/2099/1837 3444/2098/1836 3385/2100/1838
f 3384/2099/1837 3385/2100/1838 3435/2101/1839
f 3435/2101/1839 3385/2100/1838 3434/2102/1840
f 3435/2101/1839 3434/2102/1840 3354/2103/1841
f 3354/2103/1841 3434/2102/1840 3355/2104/1842
f 3354/2103/1841 3355/2104/1842 3324/2105/1843
f 3324/2105/1843 3355/2104/1842 3325/2106/1844
f 3324/2105/1843 3325/2106/1844 3294/2107/1845
f 3294/2107/1845 3325/2106/1844 3295/2108/1846
f 3294/2107/1845 3295/2108/1846 1222/2109/1847
f 1222/2109/1847 3295/2108/1846 1223/2110/1848
f 1222/2111/1847 1223/2112/1848 3264/2113/1849
f 3264/2113/1849 1223/2112/1848 3265/2114/1850
f 3264/2113/1849 3265/2114/1850 3234/2115/1851
f 3234/2115/1851 3265/2114/1850 3235/2116/1852
f 3234/2115/1851 3235/2116/1852 3204/2117/1853
f 3204/2117/1853 3235/2116/1852 3205/2118/1854
f 3204/2117/1853 3205/2118/1854 3174/2119/1855
f 3174/2119/1855 3205/2118/1854 3175/2120/1856
f 3174/2119/1855 3175/2120/1856 3144/2121/1857
f 3144/2121/1857 3175/2120/1856 3145/2122/1858
f 3144/2121/1857 3145/2122/1858 3114/2123/1859
f 3114/2123/1859 3145/2122/1858 3115/2124/1860
f 3114/2123/1859 3115/2124/1860 3084/2125/1861
f 3084/2125/1861 3115/2124/1860 3085/2126/1862
f 3084/2125/1861 3085/2126/1862 3025/2127/1863
f 3025/2127/1863 3085/2126/1862 3026/2128/1864
f 3025/2127/1863 3026/2128/1864 3076/2129/1865
f 3076/2129/1865 3026/2128/1864 3075/2130/1866
f 3076/2129/1865 3075/2130/1866 2995/2131/1867
f 2995/2131/1867 3075/2130/1866 2996/2132/1868
f 2995/2131/1867 2996/2132/1868 2965/2133/1869
f 2965/2133/1869 2996/2132/1868 2966/2134/1870
f 2965/2133/1869 2966/2134/1870 2935/2135/1871
f 2935/2135/1871 2966/2134/1870 2936/2136/1872
f 2935/2135/1871 2936/2136/1872 2905/2137/1873
f 2905/2137/1873 2936/2136/1872 2906/2138/1874
f 2905/2137/1873 2906/2138/1874 2875/2139/1875
f 2875/2139/1875 2906/2138/1874 2876/2140/1876
f 2875/2139/1875 2876/2140/1876 2845/2141/1877
f 2845/2141/1877 2876/2140/1876 2846/2142/1878
f 2845/2141/1877 2846/2142/1878 2815/2143/1879
f 2815/2143/1879 2846/2142/1878 2816/2144/1880
f 2815/2143/1879 2816/2144/1880 2785/2145/1881
f 2785/2145/1881 2816/2144/1880 2786/2146/1882
f 2785/2145/1881 2786/2146/1882 2755/2147/1883
f 2755/2147/1883 2786/2146/1882 2756/2148/1884
f 2755/2147/1883 2756/2148/1884 2725/2149/1885
f 2725/2149/1885 2756/2148/1884 2726/2150/1886
f 2725/2149/1885 2726/2150/1886 2695/2151/1887
f 2695/2151/1887 2726/2150/1886 2696/2152/1888
f 2695/2151/1887 2696/2152/1888 2635/2153/1889
f 2635/2153/1889 2696/2152/1888 2636/2154/1890
f 2635/2153/1889 2636/2154/1890 2686/2155/1891
f 2686/2155/1891 2636/2154/1890 2685/2156/1892
f 2686/2155/1891 2685/2156/1892 2605/2157/1893
f 2605/2157/1893 2685/2156/1892 2606/2158/1894
f 2605/2157/1893 2606/2158/1894 2576/2159/1895
f 2576/2159/1895 2606/2158/1894 2577/2160/1896
f 2576/2159/1895 2577/2160/1896 2546/2161/1897
f 2546/2161/1897 2577/2160/1896 2547/2162/1898
f 2546/2161/1897 2547/2162/1898 2516/2163/1899
f 2516/2163/1899 2547/2162/1898 2517/2164/1900
f 2516/2163/1899 2517/2164/1900 2486/2165/1901
f 2486/2165/1901 2517/2164/1900 2487/2166/1902
f 2486/2165/1901 2487/2166/1902 2456/2167/1903
f 2456/2167/1903 2487/2166/1902 2457/2168/1904
f 2456/2167/1903 2457/2168/1904 2426/2169/1905
f 2426/2169/1905 2457/2168/1904 2427/2170/1906
f 2426/2169/1905 2427/2170/1906 2396/2171/1907
f 2396/2171/1907 2427/2170/1906 2397/2172/1908
f 2396/2171/1907 2397/2172/1908 2366/2173/1909
f 2366/2173/1909 2397/2172/1908 2367/2174/1910
f 2366/2173/1909 2367/2174/1910 2336/2175/1911
f 2336/2175/1911 2367/2174/1910 2337/2176/1912
f 2336/2175/1911 2337/2176/1912 2306/2177/1913
f 2306/2177/1913 2337/2176/1912 2307/2178/1914
f 2306/2177/1913 2307/2178/1914 2246/2179/1915
f 2246/2179/1915 2307/2178/1914 2247/2180/1916
f 2246/2179/1915 2247/2180/1916 2297/2181/1917
f 2297/2181/1917 2247/2180/1916 2296/2182/1918
f 2297/2181/1917 2296/2182/1918 2216/2183/1919
f 2216/2183/1919 2296/2182/1918 2217/2184/1920
f 2216/2183/1919 2217/2184/1920 2187/2185/1921
f 2187/2185/1921 2217/2184/1920 2188/2186/1922
f 2187/2185/1921 2188/2186/1922 2157/2187/1923
f 2157/2187/1923 2188/2186/1922 2158/2188/1924
f 2157/2187/1923 2158/2188/1924 2127/2189/1925
f 2127/2189/1925 2158/2188/1924 2128/2190/1926
f 2127/2189/1925 2128/2190/1926 2097/2191/1927
f 2097/2191/1927 2128/2190/1926 2098/2192/1928
f 2097/2191/1927 2098/2192/1928 2067/2193/1929
f 2067/2193/1929 2098/2192/1928 2068/2194/1930
f 2067/2193/1929 2068/2194/1930 2037/2195/1931
f 2037/2195/1931 2068/2194/1930 2038/2196/1932
f 2037/2195/1931 2038/2196/1932 2007/2197/1933
f 2007/2197/1933 2038/2196/1932 2008/2198/1934
f 2007/2197/1933 2008/2198/1934 1977/2199/1935
f 1977/2199/1935 2008/2198/1934 1978/2200/1936
f 1977/2199/1935 1978/2200/1936 1947/2201/1937
f 1947/2201/1937 1978/2200/1936 1948/2202/1938
f 1947/2201/1937 1948/2202/1938 1917/2203/1939
f 1917/2203/1939 1948/2202/1938 1918/2204/1940
f 1917/2203/1939 1918/2204/1940 1857/2205/1941
f 1857/2205/1941 1918/2204/1940 1858/2206/1942
f 1857/2205/1941 1858/2206/1942 1908/2207/1943
f 1908/2207/1943 1858/2206/1942 1907/2208/1944
f 1908/2207/1943 1907/2208/1944 1827/2209/1945
f 1827/2209/1945 1907/2208/1944 1828/2210/1946
f 1827/2209/1945 1828/2210/1946 1798/2211/1947
f 1798/2211/1947 1828/2210/1946 1799/2212/1948
f 1798/2211/1947 1799/2212/1948 1768/2213/1949
f 1768/2213/1949 1799/2212/1948 1769/2214/1950
f 1768/2213/1949 1769/2214/1950 1738/2215/1951
f 1738/2215/1951 1769/2214/1950 1739/2216/1952
f 1738/2215/1951 1739/2216/1952 1708/2217/1953
f 1708/2217/1953 1739/2216/1952 1709/2218/1954
f 1708/2217/1953 1709/2218/1954 1678/2219/1955
f 1678/2219/1955 1709/2218/1954 1679/2220/1956
f 1678/2219/1955 1679/2220/1956 1648/2221/1957
f 1648/2221/1957 1679/2220/1956 1649/2222/1958
f 1648/2221/1957 1649/2222/1958 1618/2223/1959
f 1618/2223/1959 1649/2222/1958 1619/2224/1960
f 1618/2223/1959 1619/2224/1960 1588/2225/1961
f 1588/2225/1961 1619/2224/1960 1589/2226/1962
f 1588/2225/1961 1589/2226/1962 1558/2227/1963
f 1558/2227/1963 1589/2226/1962 1559/2228/1964
f 1558/2227/1963 1559/2228/1964 1528/2229/1965
f 1528/2229/1965 1559/2228/1964 1529/2230/1966
f 1528/2229/1965 1529/2230/1966 1468/2231/1967
f 1468/2231/1967 1529/2230/1966 1469/2232/1968
f 1468/2231/1967 1469/2232/1968 1519/2233/1969
f 1519/2233/1969 1469/2232/1968 1518/2234/1970
f 1519/2233/1969 1518/2234/1970 1438/2235/1971
f 1438/2235/1971 1518/2234/1970 1439/2236/1972
f 1438/2235/1971 1439/2236/1972 1408/2237/1973
f 1408/2237/1973 1439/2236/1972 1409/2238/1974
f 1408/2237/1973 1409/2238/1974 1378/2239/1975
f 1378/2239/1975 1409/2238/1974 1379/2240/1976
f 1378/2239/1975 1379/2240/1976 1348/2241/1977
f 1348/2241/1977 1379/2240/1976 1349/2242/1978
f 1348/2241/1977 1349/2242/1978 1318/2243/1979
f 1318/2243/1979 1349/2242/1978 1319/2244/1980
f 1318/2243/1979 1319/2244/1980 1258/2245/1981
f 1258/2245/1981 1319/2244/1980 1259/2246/1982
f 1258/2245/1981 1259/2246/1982 1309/2247/1983
f 1309/2247/1983 1259/2246/1982 1308/2248/1984
f 1309/2247/1983 1308/2248/1984 3892/2249/1985
f 3892/2249/1985 1308/2248/1984 3893/2250/1986
f 3892/2249/1985 3893/2250/1986 3862/2251/1987
f 3862/2251/1987 3893/2250/1986 3863/2252/1988
f 3862/2251/1987 3863/2252/1988 3832/2253/1989
f 3832/2253/1989 3863/2252/1988 3833/2254/1990
f 3832/2253/1989 3833/2254/1990 3802/2255/1991
f 3802/2255/1991 3833/2254/1990 3803/2256/1992
f 3802/2255/1991 3803/2256/1992 3742/2257/1993
f 3742/2257/1993 3803/2256/1992 3743/2258/1994
f 3742/2257/1993 3743/2258/1994 3792/2259/1995
f 3792/2259/1995 3743/2258/1994 3791/2260/1996
f 3792/2259/1995 3791/2260/1996 3715/2261/1997
f 3715/2261/1997 3791/2260/1996 3716/2262/1998
f 3715/2261/1997 3716/2262/1998 3685/2263/1999
f 3685/2263/1999 3716/2262/1998 3686/2264/2000
f 3685/2263/1999 3686/2264/2000 3655/2265/2001
f 3655/2265/2001 3686/2264/2000 3656/2266/2002
f 3655/2265/2001 3656/2266/2002 3625/2267/2003
f 3625/2267/2003 3656/2266/2002 3626/2268/2004
f 3625/2267/2003 3626/2268/2004 3595/2269/2005
f 3595/2269/2005 3626/2268/2004 3596/2270/2006
f 3595/2269/2005 3596/2270/2006 3565/2271/2007
f 3565/2271/2007 3596/2270/2006 3566/2272/2008
f 3565/2271/2007 3566/2272/2008 3535/2273/2009
f 3535/2273/2009 3566/2272/2008 3536/2274/2010
f 3535/2273/2009 3536/2274/2010 3505/2275/2011
f 3505/2275/2011 3536/2274/2010 3506/2276/2012
f 3505/2275/2011 3506/2276/2012 3475/2277/2013
f 3475/2277/2013 3506/2276/2012 3476/2278/2014
f 3475/2277/2013 3476/2278/2014 3445/2279/2015
f 3445/2279/2015 3476/2278/2014 3446/2280/2016
f 3445/2279/2015 3446/2280/2016 3386/2281/2017
f 3386/2281/2017 3446/2280/2016 3387/2282/2018
f 3386/2281/2017 3387/2282/2018 3433/2283/2019
f 3433/2283/2019 3387/2282/2018 3432/2284/2020
f 3433/2283/2019 3432/2284/2020 3356/2285/2021
f 3356/2285/2021 3432/2284/2020 3357/2286/2022
f 3356/2285/2021 3357/2286/2022 3326/2287/2023
f 3326/2287/2023 3357/2286/2022 3327/2288/2024
f 3326/2287/2023 3327/2288/2024 3296/2289/2025
f 3296/2289/2025 3327/2288/2024 3297/2290/2026
f 3296/2289/2025 3297/2290/2026 1224/2291/2027
f 1224/2291/2027 3297/2290/2026 1225/2292/2028
f 1224/2293/2027 1225/2294/2028 3266/2295/2029
f 3266/2295/2029 1225/2294/2028 3267/2296/2030
f 3266/2295/2029 3267/2296/2030 3236/2297/2031
f 3236/2297/2031 3267/2296/2030 3237/2298/2032
f 3236/2297/2031 3237/2298/2032 3206/2299/2033
f 3206/2299/2033 3237/2298/2032 3207/2300/2034
f 3206/2299/2033 3207/2300/2034 3176/2301/2035
f 3176/2301/2035 3207/2300/2034 3177/2302/2036
f 3176/2301/2035 3177/2302/2036 3146/2303/2037
f 3146/2303/2037 3177/2302/2036 3147/2304/2038
f 3146/2303/2037 3147/2304/2038 3116/2305/2039
f 3116/2305/2039 3147/2304/2038 3117/2306/2040
f 3116/2305/2039 3117/2306/2040 3086/2307/2041
f 3086/2307/2041 3117/2306/2040 3087/2308/2042
f 3086/2307/2041 3087/2308/2042 3027/2309/2043
f 3027/2309/2043 3087/2308/2042 3028/2310/2044
f 3027/2309/2043 3028/2310/2044 3074/2311/2045
f 3074/2311/2045 3028/2310/2044 3073/2312/2046
f 3074/2311/2045 3073/2312/2046 2997/2313/2047
f 2997/2313/2047 3073/2312/2046 2998/2314/2048
f 2997/2313/2047 2998/2314/2048 2967/2315/2049
f 2967/2315/2049 2998/2314/2048 2968/2316/2050
f 2967/2315/2049 2968/2316/2050 2937/2317/2051
f 2937/2317/2051 2968/2316/2050 2938/2318/2052
f 2937/2317/2051 2938/2318/2052 2907/2319/2053
f 2907/2319/2053 2938/2318/2052 2908/2320/2054
f 2907/2319/2053 2908/2320/2054 2877/2321/2055
f 2877/2321/2055 2908/2320/2054 2878/2322/2056
f 2877/2321/2055 2878/2322/2056 2847/2323/2057
f 2847/2323/2057 2878/2322/2056 2848/2324/2058
f 2847/2323/2057 2848/2324/2058 2817/2325/2059
f 2817/2325/2059 2848/2324/2058 2818/2326/2060
f 2817/2325/2059 2818/2326/2060 2787/2327/2061
f 2787/2327/2061 2818/2326/2060 2788/2328/2062
f 2787/2327/2061 2788/2328/2062 2757/2329/2063
f 2757/2329/2063 2788/2328/2062 2758/2330/2064
f 2757/2329/2063 2758/2330/2064 2727/2331/2065
f 2727/2331/2065 2758/2330/2064 2728/2332/2066
f 2727/2331/2065 2728/2332/2066 2697/2333/2067
f 2697/2333/2067 2728/2332/2066 2698/2334/2068
f 2697/2333/2067 2698/2334/2068 2637/2335/2069
f 2637/2335/2069 2698/2334/2068 2638/2336/2070
f 2637/2335/2069 2638/2336/2070 2684/2337/2071
f 2684/2337/2071 2638/2336/2070 2683/2338/2072
f 2684/2337/2071 2683/2338/2072 2607/2339/2073
f 2607/2339/2073 2683/2338/2072 2608/2340/2074
f 2607/2339/2073 2608/2340/2074 2578/2341/2075
f 2578/2341/2075 2608/2340/2074 2579/2342/2076
f 2578/2341/2075 2579/2342/2076 2548/2343/2077
f 2548/2343/2077 2579/2342/2076 2549/2344/2078
f 2548/2343/2077 2549/2344/2078 2518/2345/2079
f 2518/2345/2079 2549/2344/2078 2519/2346/2080
f 2518/2345/2079 2519/2346/2080 2488/2347/2081
f 2488/2347/2081 2519/2346/2080 2489/2348/2082
f 2488/2347/2081 2489/2348/2082 2458/2349/2083
f 2458/2349/2083 2489/2348/2082 2459/2350/2084
f 2458/2349/2083 2459/2350/2084 2428/2351/2085
f 2428/2351/2085 2459/2350/2084 2429/2352/2086
f 2428/2351/2085 2429/2352/2086 2398/2353/2087
f 2398/2353/2087 2429/2352/2086 2399/2354/2088
f 2398/2353/2087 2399/2354/2088 2368/2355/2089
f 2368/2355/2089 2399/2354/2088 2369/2356/2090
f 2368/2355/2089 2369/2356/2090 2338/2357/2091
f 2338/2357/2091 2369/2356/2090 2339/2358/2092
f 2338/2357/2091 2339/2358/2092 2308/2359/2093
f 2308/2359/2093 2339/2358/2092 2309/2360/2094
f 2308/2359/2093 2309/2360/2094 2248/2361/2095
f 2248/2361/2095 2309/2360/2094 2249/2362/2096
f 2248/2361/2095 2249/2362/2096 2295/2363/2097
f 2295/2363/2097 2249/2362/2096 2294/2364/2098
f 2295/2363/2097 2294/2364/2098 2218/2365/2099
f 2218/2365/2099 2294/2364/2098 2219/2366/2100
f 2218/2365/2099 2219/2366/2100 2189/2367/2101
f 2189/2367/2101 2219/2366/2100 2190/2368/2102
f 2189/2367/2101 2190/2368/2102 2159/2369/2103
f 2159/2369/2103 2190/2368/2102 2160/2370/2104
f 2159/2369/2103 2160/2370/2104 2129/2371/2105
f 2129/2371/2105 2160/2370/2104 2130/2372/2106
f 2129/2371/2105 2130/2372/2106 2099/2373/2107
f 2099/2373/2107 2130/2372/2106 2100/2374/2108
f 2099/2373/2107 2100/2374/2108 2069/2375/2109
f 2069/2375/2109 2100/2374/2108 2070/2376/2110
f 2069/2375/2109 2070/2376/2110 2039/2377/2111
f 2039/2377/2111 2070/2376/2110 2040/2378/2112
f 2039/2377/2111 2040/2378/2112 2009/2379/2113
f 2009/2379/2113 2040/2378/2112 2010/2380/2114
f 2009/2379/2113 2010/2380/2114 1979/2381/2115
f 1979/2381/2115 2010/2380/2114 1980/2382/2116
f 1979/2381/2115 1980/2382/2116 1949/2383/2117
f 1949/2383/2117 1980/2382/2116 1950/2384/2118
f 1949/2383/2117 1950/2384/2118 1919/2385/2119
f 1919/2385/2119 1950/2384/2118 1920/2386/2120
f 1919/2385/2119 1920/2386/2120 1859/2387/2121
f 1859/2387/2121 1920/2386/2120 1860/2388/2122
f 1859/2387/2121 1860/2388/2122 1906/2389/2123
f 1906/2389/2123 1860/2388/2122 1905/2390/2124
f 1906/2389/2123 1905/2390/2124 1829/2391/2125
f 1829/2391/2125 1905/2390/2124 1830/2392/2126
f 1829/2391/2125 1830/2392/2126 1800/2393/2127
f 1800/2393/2127 1830/2392/2126 1801/2394/2128
f 1800/2393/2127 1801/2394/2128 1770/2395/2129
f 1770/2395/2129 1801/2394/2128 1771/2396/2130
f 1770/2395/2129 1771/2396/2130 1740/2397/2131
f 1740/2397/2131 1771/2396/2130 1741/2398/2132
f 1740/2397/2131 1741/2398/2132 1710/2399/2133
f 1710/2399/2133 1741/2398/2132 1711/2400/2134
f 1710/2399/2133 1711/2400/2134 1680/2401/2135
f 1680/2401/2135 1711/2400/2134 1681/2402/2136
f 1680/2401/2135 1681/2402/2136 1650/2403/2137
f 1650/2403/2137 1681/2402/2136 1651/2404/2138
f 1650/2403/2137 1651/2404/2138 1620/2405/2139
f 1620/2405/2139 1651/2404/2138 1621/2406/2140
f 1620/2405/2139 1621/2406/2140 1590/2407/2141
f 1590/2407/2141 1621/2406/2140 1591/2408/2142
f 1590/2407/2141 1591/2408/2142 1560/2409/2143
f 1560/2409/2143 1591/2408/2142 1561/2410/2144
f 1560/2409/2143 1561/2410/2144 1530/2411/2145
f 1530/2411/2145 1561/2410/2144 1531/2412/2146
f 1530/2411/2145 1531/2412/2146 1470/2413/2147
f 1470/2413/2147 1531/2412/2146 1471/2414/2148
f 1470/2413/2147 1471/2414/2148 1517/2415/2149
f 1517/2415/2149 1471/2414/2148 1516/2416/2150
f 1517/2415/2149 1516/2416/2150 1440/2417/2151
f 1440/2417/2151 1516/2416/2150 1441/2418/2152
f 1440/2417/2151 1441/2418/2152 1410/2419/2153
f 1410/2419/2153 1441/2418/2152 1411/2420/2154
f 1410/2419/2153 1411/2420/2154 1380/2421/2155
f 1380/2421/2155 1411/2420/2154 1381/2422/2156
f 1380/2421/2155 1381/2422/2156 1350/2423/2157
f 1350/2423/2157 1381/2422/2156 1351/2424/2158
f 1350/2423/2157 1351/2424/2158 1320/2425/2159
f 1320/2425/2159 1351/2424/2158 1321/2426/2160
f 1320/2425/2159 1321/2426/2160 1260/2427/2161
f 1260/2427/2161 1321/2426/2160 1261/2428/2162
f 1260/2427/2161 1261/2428/2162 1307/2429/2163
f 1307/2429/2163 1261/2428/2162 1306/2430/2164
f 1307/2429/2163 1306/2430/2164 3894/2431/2165
f 3894/2431/2165 1306/2430/2164 3895/2432/2166
f 3894/2431/2165 3895/2432/2166 3864/2433/2167
f 3864/2433/2167 3895/2432/2166 3865/2434/2168
f 3864/2433/2167 3865/2434/2168 3834/2435/2169
f 3834/2435/2169 3865/2434/2168 3835/2436/2170
f 3834/2435/2169 3835/2436/2170 3804/2437/2171
f 3804/2437/2171 3835/2436/2170 3805/2438/2172
f 3804/2437/2171 3805/2438/2172 3744/2439/2173
f 3744/2439/2173 3805/2438/2172 3745/2440/2174
f 3744/2439/2173 3745/2440/2174 3790/2441/2175
f 3790/2441/2175 3745/2440/2174 3789/2442/2176
f 3790/2441/2175 3789/2442/2176 3717/2443/2177
f 3717/2443/2177 3789/2442/2176 3718/2444/2178
f 3717/2443/2177 3718/2444/2178 3687/2445/2179
f 3687/2445/2179 3718/2444/2178 3688/2446/2180
f 3687/2445/2179 3688/2446/2180 3657/2447/2181
f 3657/2447/2181 3688/2446/2180 3658/2448/2182
f 3657/2447/2181 3658/2448/2182 3627/2449/2183
f 3627/2449/2183 3658/2448/2182 3628/2450/2184
f 3627/2449/2183 3628/2450/2184 3597/2451/2185
f 3597/2451/2185 3628/2450/2184 3598/2452/2186
f 3597/2451/2185 3598/2452/2186 3567/2453/2187
f 3567/2453/2187 3598/2452/2186 3568/2454/2188
f 3567/2453/2187 3568/2454/2188 3537/2455/2189
f 3537/2455/2189 3568/2454/2188 3538/2456/2190
f 3537/2455/2189 3538/2456/2190 3507/2457/2191
f 3507/2457/2191 3538/2456/2190 3508/2458/2192
f 3507/2457/2191 3508/2458/2192 3477/2459/2193
f 3477/2459/2193 3508/2458/2192 3478/2460/2194
f 3477/2459/2193 3478/2460/2194 3447/2461/2195
f 3447/2461/2195 3478/2460/2194 3448/2462/2196
f 3447/2461/2195 3448/2462/2196 3388/2463/2197
f 3388/2463/2197 3448/2462/2196 3389/2464/2198
f 3388/2463/2197 3389/2464/2198 3431/2465/2199
f 3431/2465/2199 3389/2464/2198 3430/2466/2200
f 3431/2465/2199 3430/2466/2200 3358/2467/2201
f 3358/2467/2201 3430/2466/2200 3359/2468/2202
f 3358/2467/2201 3359/2468/2202 3328/2469/2203
f 3328/2469/2203 3359/2468/2202 3329/2470/2204
f 3328/2469/2203 3329/2470/2204 3298/2471/2205
f 3298/2471/2205 3329/2470/2204 3299/2472/2206
f 3298/2471/2205 3299/2472/2206 1226/2473/2207
f 1226/2473/2207 3299/2472/2206 1227/2474/2208
f 1226/2475/2207 1227/2476/2208 3268/2477/2209
f 3268/2477/2209 1227/2476/2208 3269/2478/2210
f 3268/2477/2209 3269/2478/2210 3238/2479/2211
f 3238/2479/2211 3269/2478/2210 3239/2480/2212
f 3238/2479/2211 3239/2480/2212 3208/2481/2213
f 3208/2481/2213 3239/2480/2212 3209/2482/2214
f 3208/2481/2213 3209/2482/2214 3178/2483/2215
f 3178/2483/2215 3209/2482/2214 3179/2484/2216
f 3178/2483/2215 3179/2484/2216 3148/2485/2217
f 3148/2485/2217 3179/2484/2216 3149/2486/2218
f 3148/2485/2217 3149/2486/2218 3118/2487/2219
f 3118/2487/2219 3149/2486/2218 3119/2488/2220
f 3118/2487/2219 3119/2488/2220 3088/2489/2221
f 3088/2489/2221 3119/2488/2220 3089/2490/2222
f 3088/2489/2221 3089/2490/2222 3029/2491/2223
f 3029/2491/2223 3089/2490/2222 3030/2492/2224
f 3029/2491/2223 3030/2492/2224 3072/2493/2225
f 3072/2493/2225 3030/2492/2224 3071/2494/2226
f 3072/2493/2225 3071/2494/2226 2999/2495/2227
f 2999/2495/2227 3071/2494/2226 3000/2496/2228
f 2999/2495/2227 3000/2496/2228 2969/2497/2229
f 2969/2497/2229 3000/2496/2228 2970/2498/2230
f 2969/2497/2229 2970/2498/2230 2939/2499/2231
f 2939/2499/2231 2970/2498/2230 2940/2500/2232
f 2939/2499/2231 2940/2500/2232 2909/2501/2233
f 2909/2501/2233 2940/2500/2232 2910/2502/2234
f 2909/2501/2233 2910/2502/2234 2879/2503/2235
f 2879/2503/2235 2910/2502/2234 2880/2504/2236
f 2879/2503/2235 2880/2504/2236 2849/2505/2237
f 2849/2505/2237 2880/2504/2236 2850/2506/2238
f 2849/2505/2237 2850/2506/2238 2819/2507/2239
f 2819/2507/2239 2850/2506/2238 2820/2508/2240
f 2819/2507/2239 2820/2508/2240 2789/2509/2241
f 2789/2509/2241 2820/2508/2240 2790/2510/2242
f 2789/2509/2241 2790/2510/2242 2759/2511/2243
f 2759/2511/2243 2790/2510/2242 2760/2512/2244
f 2759/2511/2243 2760/2512/2244 2729/2513/2245
f 2729/2513/2245 2760/2512/2244 2730/2514/2246
f 2729/2513/2245 2730/2514/2246 2699/2515/2247
f 2699/2515/2247 2730/2514/2246 2700/2516/2248
f 2699/2515/2247 2700/2516/2248 2639/2517/2249
f 2639/2517/2249 2700/2516/2248 2640/2518/2250
f 2639/2517/2249 2640/2518/2250 2682/2519/2251
f 2682/2519/2251 2640/2518/2250 2681/2520/2252
f 2682/2519/2251 2681/2520/2252 2609/2521/2253
f 2609/2521/2253 2681/2520/2252 2610/2522/2254
f 2609/2521/2253 2610/2522/2254 2580/2523/2255
f 2580/2523/2255 2610/2522/2254 2581/2524/2256
f 2580/2523/2255 2581/2524/2256 2550/2525/2257
f 2550/2525/2257 2581/2524/2256 2551/2526/2258
f 2550/2525/2257 2551/2526/2258 2520/2527/2259
f 2520/2527/2259 2551/2526/2258 2521/2528/2260
f 2520/2527/2259 2521/2528/2260 2490/2529/2261
f 2490/2529/2261 2521/2528/2260 2491/2530/2262
f 2490/2529/2261 2491/2530/2262 2460/2531/2263
f 2460/2531/2263 2491/2530/2262 2461/2532/2264
f 2460/2531/2263 2461/2532/2264 2430/2533/2265
f 2430/2533/2265 2461/2532/2264 2431/2534/2266
f 2430/2533/2265 2431/2534/2266 2400/2535/2267
f 2400/2535/2267 2431/2534/2266 2401/2536/2268
f 2400/2535/2267 2401/2536/2268 2370/2537/2269
f 2370/2537/2269 2401/2536/2268 2371/2538/2270
f 2370/2537/2269 2371/2538/2270 2340/2539/2271
f 2340/2539/2271 2371/2538/2270 2341/2540/2272
f 2340/2539/2271 2341/2540/2272 2310/2541/2273
f 2310/2541/2273 2341/2540/2272 2311/2542/2274
f 2310/2541/2273 2311/2542/2274 2250/2543/2275
f 2250/2543/2275 2311/2542/2274 2251/2544/2276
f 2250/2543/2275 2251/2544/2276 2293/2545/2277
f 2293/2545/2277 2251/2544/2276 2292/2546/2278
f 2293/2545/2277 2292/2546/2278 2220/2547/2279
f 2220/2547/2279 2292/2546/2278 2221/2548/2280
f 2220/2547/2279 2221/2548/2280 2191/2549/2281
f 2191/2549/2281 2221/2548/2280 2192/2550/2282
f 2191/2549/2281 2192/2550/2282 2161/2551/2283
f 2161/2551/2283 2192/2550/2282 2162/2552/2284
f 2161/2551/2283 2162/2552/2284 2131/2553/2285
f 2131/2553/2285 2162/2552/2284 2132/2554/2286
f 2131/2553/2285 2132/2554/2286 2101/2555/2287
f 2101/2555/2287 2132/2554/2286 2102/2556/2288
f 2101/2555/2287 2102/2556/2288 2071/2557/2289
f 2071/2557/2289 2102/2556/2288 2072/2558/2290
f 2071/2557/2289 2072/2558/2290 2041/2559/2291
f 2041/2559/2291 2072/2558/2290 2042/2560/2292
f 2041/2559/2291 2042/2560/2292 2011/2561/2293
f 2011/2561/2293 2042/2560/2292 2012/2562/2294
f 2011/2561/2293 2012/2562/2294 1981/2563/2295
f 1981/2563/2295 2012/2562/2294 1982/2564/2296
f 1981/2563/2295 1982/2564/2296 1951/2565/2297
f 1951/2565/2297 1982/2564/2296 1952/2566/2298
f 1951/2565/2297 1952/2566/2298 1921/2567/2299
f 1921/2567/2299 1952/2566/2298 1922/2568/2300
f 1921/2567/2299 1922/2568/2300 1861/2569/2301
f 1861/2569/2301 1922/2568/2300 1862/2570/2302
f 1861/2569/2301 1862/2570/2302 1904/2571/2303
f 1904/2571/2303 1862/2570/2302 1903/2572/2304
f 1904/2571/2303 1903/2572/2304 1831/2573/2305
f 1831/2573/2305 1903/2572/2304 1832/2574/2306
f 1831/2573/2305 1832/2574/2306 1802/2575/2307
f 1802/2575/2307 1832/2574/2306 1803/2576/2308
f 1802/2575/2307 1803/2576/2308 1772/2577/2309
f 1772/2577/2309 1803/2576/2308 1773/2578/2310
f 1772/2577/2309 1773/2578/2310 1742/2579/2311
f 1742/2579/2311 1773/2578/2310 1743/2580/2312
f 1742/2579/2311 1743/2580/2312 1712/2581/2313
f 1712/2581/2313 1743/2580/2312 1713/2582/2314
f 1712/2581/2313 1713/2582/2314 1682/2583/2315
f 1682/2583/2315 1713/2582/2314 1683/2584/2316
f 1682/2583/2315 1683/2584/2316 1652/2585/2317
f 1652/2585/2317 1683/2584/2316 1653/2586/2318
f 1652/2585/2317 1653/2586/2318 1622/2587/2319
f 1622/2587/2319 1653/2586/2318 1623/2588/2320
f 1622/2587/2319 1623/2588/2320 1592/2589/2321
f 1592/2589/2321 1623/2588/2320 1593/2590/2322
f 1592/2589/2321 1593/2590/2322 1562/2591/2323
f 1562/2591/2323 1593/2590/2322 1563/2592/2324
f 1562/2591/2323 1563/2592/2324 1532/2593/2325
f 1532/2593/2325 1563/2592/2324 1533/2594/2326
f 1532/2593/2325 1533/2594/2326 1472/2595/2327
f 1472/2595/2327 1533/2594/2326 1473/2596/2328
f 1472/2595/2327 1473/2596/2328 1515/2597/2329
f 1515/2597/2329 1473/2596/2328 1514/2598/2330
f 1515/2597/2329 1514/2598/2330 1442/2599/2331
f 1442/2599/2331 1514/2598/2330 1443/2600/2332
f 1442/2599/2331 1443/2600/2332 1412/2601/2333
f 1412/2601/2333 1443/2600/2332 1413/2602/2334
f 1412/2601/2333 1413/2602/2334 1382/2603/2335
f 1382/2603/2335 1413/2602/2334 1383/2604/2336
f 1382/2603/2335 1383/2604/2336 1352/2605/2337
f 1352/2605/2337 1383/2604/2336 1353/2606/2338
f 1352/2605/2337 1353/2606/2338 1322/2607/2339
f 1322/2607/2339 1353/2606/2338 1323/2608/2340
f 1322/2607/2339 1323/2608/2340 1262/2609/2341
f 1262/2609/2341 1323/2608/2340 1263/2610/2342
f 1262/2609/2341 1263/2610/2342 1305/2611/2343
f 1305/2611/2343 1263/2610/2342 1304/2612/2344
f 1305/2611/2343 1304/2612/2344 3896/2613/2345
f 3896/2613/2345 1304/2612/2344 3897/2614/2346
f 3896/2613/2345 3897/2614/2346 3866/2615/2347
f 3866/2615/2347 3897/2614/2346 3867/2616/2348
f 3866/2615/2347 3867/2616/2348 3836/2617/2349
f 3836/2617/2349 3867/2616/2348 3837/2618/2350
f 3836/2617/2349 3837/2618/2350 3806/2619/2351
f 3806/2619/2351 3837/2618/2350 3807/2620/2352
f 3806/2619/2351 3807/2620/2352 3746/2621/2353
f 3746/2621/2353 3807/2620/2352 3747/2622/2354
f 3746/2621/2353 3747/2622/2354 3788/2623/2355
f 3788/2623/2355 3747/2622/2354 3787/2624/2356
f 3788/2623/2355 3787/2624/2356 3719/2625/2357
f 3719/2625/2357 3787/2624/2356 3720/2626/2358
f 3719/2625/2357 3720/2626/2358 3689/2627/2359
f 3689/2627/2359 3720/2626/2358 3690/2628/2360
f 3689/2627/2359 3690/2628/2360 3659/2629/2361
f 3659/2629/2361 3690/2628/2360 3660/2630/2362
f 3659/2629/2361 3660/2630/2362 3629/2631/2363
f 3629/2631/2363 3660/2630/2362 3630/2632/2364
f 3629/2631/2363 3630/2632/2364 3599/2633/2365
f 3599/2633/2365 3630/2632/2364 3600/2634/2366
f 3599/2633/2365 3600/2634/2366 3569/2635/2367
f 3569/2635/2367 3600/2634/2366 3570/2636/2368
f 3569/2635/2367 3570/2636/2368 3539/2637/2369
f 3539/2637/2369 3570/2636/2368 3540/2638/2370
f 3539/2637/2369 3540/2638/2370 3509/2639/2371
f 3509/2639/2371 3540/2638/2370 3510/2640/2372
f 3509/2639/2371 3510/2640/2372 3479/2641/2373
f 3479/2641/2373 3510/2640/2372 3480/2642/2374
f 3479/2641/2373 3480/2642/2374 3449/2643/2375
f 3449/2643/2375 3480/2642/2374 3450/2644/2376
f 3449/2643/2375 3450/2644/2376 3390/2645/2377
f 3390/2645/2377 3450/2644/2376 3391/2646/2378
f 3390/2645/2377 3391/2646/2378 3429/2647/2379
f 3429/2647/2379 3391/2646/2378 3428/2648/2380
f 3429/2647/2379 3428/2648/2380 3360/2649/2381
f 3360/2649/2381 3428/2648/2380 3361/2650/2382
f 3360/2649/2381 3361/2650/2382 3330/2651/2383
f 3330/2651/2383 3361/2650/2382 3331/2652/2384
f 3330/2651/2383 3331/2652/2384 3300/2653/2385
f 3300/2653/2385 3331/2652/2384 3301/2654/2386
f 3300/2653/2385 3301/2654/2386 1228/2655/2387
f 1228/2655/2387 3301/2654/2386 1229/2656/2388
f 1228/2657/2387 1229/2658/2388 3270/2659/2389
f 3270/2659/2389 1229/2658/2388 3271/2660/2390
f 3270/2659/2389 3271/2660/2390 3240/2661/2391
f 3240/2661/2391 3271/2660/2390 3241/2662/2392
f 3240/2661/2391 3241/2662/2392 3210/2663/2393
f 3210/2663/2393 3241/2662/2392 3211/2664/2394
f 3210/2663/2393 3211/2664/2394 3180/2665/2395
f 3180/2665/2395 3211/2664/2394 3181/2666/2396
f 3180/2665/2395 3181/2666/2396 3150/2667/2397
f 3150/2667/2397 3181/2666/2396 3151/2668/2398
f 3150/2667/2397 3151/2668/2398 3120/2669/2399
f 3120/2669/2399 3151/2668/2398 3121/2670/2400
f 3120/2669/2399 3121/2670/2400 3090/2671/2401
f 3090/2671/2401 3121/2670/2400 3091/2672/2402
f 3090/2671/2401 3091/2672/2402 3031/2673/2403
f 3031/2673/2403 3091/2672/2402 3032/2674/2404
f 3031/2673/2403 3032/2674/2404 3070/2675/2405
f 3070/2675/2405 3032/2674/2404 3069/2676/2406
f 3070/2675/2405 3069/2676/2406 3001/2677/2407
f 3001/2677/2407 3069/2676/2406 3002/2678/2408
f 3001/2677/2407 3002/2678/2408 2971/2679/2409
f 2971/2679/2409 3002/2678/2408 2972/2680/2410
f 2971/2679/2409 2972/2680/2410 2941/2681/2411
f 2941/2681/2411 2972/2680/2410 2942/2682/2412
f 2941/2681/2411 2942/2682/2412 2911/2683/2413
f 2911/2683/2413 2942/2682/2412 2912/2684/2414
f 2911/2683/2413 2912/2684/2414 2881/2685/2415
f 2881/2685/2415 2912/2684/2414 2882/2686/2416
f 2881/2685/2415 2882/2686/2416 2851/2687/2417
f 2851/2687/2417 2882/2686/2416 2852/2688/2418
f 2851/2687/2417 2852/2688/2418 2821/2689/2419
f 2821/2689/2419 2852/2688/2418 2822/2690/2420
f 2821/2689/2419 2822/2690/2420 2791/2691/2421
f 2791/2691/2421 2822/2690/2420 2792/2692/2422
f 2791/2691/2421 2792/2692/2422 2761/2693/2423
f 2761/2693/2423 2792/2692/2422 2762/2694/2424
f 2761/2693/2423 2762/2694/2424 2731/2695/2425
f 2731/2695/2425 2762/2694/2424 2732/2696/2426
f 2731/2695/2425 2732/2696/2426 2701/2697/2427
f 2701/2697/2427 2732/2696/2426 2702/2698/2428
f 2701/2697/2427 2702/2698/2428 2641/2699/2429
f 2641/2699/2429 2702/2698/2428 2642/2700/2430
f 2641/2699/2429 2642/2700/2430 2680/2701/2431
f 2680/2701/2431 2642/2700/2430 2679/2702/2432
f 2680/2701/2431 2679/2702/2432 2611/2703/2433
f 2611/2703/2433 2679/2702/2432 2612/2704/2434
f 2611/2703/2433 2612/2704/2434 2582/2705/2435
f 2582/2705/2435 2612/2704/2434 2583/2706/2436
f 2582/2705/2435 2583/2706/2436 2552/2707/2437
f 2552/2707/2437 2583/2706/2436 2553/2708/2438
f 2552/2707/2437 2553/2708/2438 2522/2709/2439
f 2522/2709/2439 2553/2708/2438 2523/2710/2440
f 2522/2709/2439 2523/2710/2440 2492/2711/2441
f 2492/2711/2441 2523/2710/2440 2493/2712/2442
f 2492/2711/2441 2493/2712/2442 2462/2713/2443
f 2462/2713/2443 2493/2712/2442 2463/2714/2444
f 2462/2713/2443 2463/2714/2444 2432/2715/2445
f 2432/2715/2445 2463/2714/2444 2433/2716/2446
f 2432/2715/2445 2433/2716/2446 2402/2717/2447
f 2402/2717/2447 2433/2716/2446 2403/2718/2448
f 2402/2717/2447 2403/2718/2448 2372/2719/2449
f 2372/2719/2449 2403/2718/2448 2373/2720/2450
f 2372/2719/2449 2373/2720/2450 2342/2721/2451
f 2342/2721/2451 2373/2720/2450 2343/2722/2452
f 2342/2721/2451 2343/2722/2452 2312/2723/2453
f 2312/2723/2453 2343/2722/2452 2313/2724/2454
f 2312/2723/2453 2313/2724/2454 2252/2725/2455
f 2252/2725/2455 2313/2724/2454 2253/2726/2456
f 2252/2725/2455 2253/2726/2456 2291/2727/2457
f 2291/2727/2457 2253/2726/2456 2290/2728/2458
f 2291/2727/2457 2290/2728/2458 2222/2729/2459
f 2222/2729/2459 2290/2728/2458 2223/2730/2460
f 2222/2729/2459 2223/2730/2460 2193/2731/2461
f 2193/2731/2461 2223/2730/2460 2194/2732/2462
f 2193/2731/2461 2194/2732/2462 2163/2733/2463
f 2163/2733/2463 2194/2732/2462 2164/2734/2464
f 2163/2733/2463 2164/2734/2464 2133/2735/2465
f 2133/2735/2465 2164/2734/2464 2134/2736/2466
f 2133/2735/2465 2134/2736/2466 2103/2737/2467
f 2103/2737/2467 2134/2736/2466 2104/2738/2468
f 2103/2737/2467 2104/2738/2468 2073/2739/2469
f 2073/2739/2469 2104/2738/2468 2074/2740/2470
f 2073/2739/2469 2074/2740/2470 2043/2741/2471
f 2043/2741/2471 2074/2740/2470 2044/2742/2472
f 2043/2741/2471 2044/2742/2472 2013/2743/2473
f 2013/2743/2473 2044/2742/2472 2014/2744/2474
f 2013/2743/2473 2014/2744/2474 1983/2745/2475
f 1983/2745/2475 2014/2744/2474 1984/2746/2476
f 1983/2745/2475 1984/2746/2476 1953/2747/2477
f 1953/2747/2477 1984/2746/2476 1954/2748/2478
f 1953/2747/2477 1954/2748/2478 1923/2749/2479
f 1923/2749/2479 1954/2748/2478 1924/2750/2480
f 1923/2749/2479 1924/2750/2480 1863/2751/2481
f 1863/2751/2481 1924/2750/2480 1864/2752/2482
f 1863/2751/2481 1864/2752/2482 1902/2753/2483
f 1902/2753/2483 1864/2752/2482 1901/2754/2484
f 1902/2753/2483 1901/2754/2484 1833/2755/2485
f 1833/2755/2485 1901/2754/2484 1834/2756/2486
f 1833/2755/2485 1834/2756/2486 1804/2757/2487
f 1804/2757/2487 1834/2756/2486 1805/2758/2488
f 1804/2757/2487 1805/2758/2488 1774/2759/2489
f 1774/2759/2489 1805/2758/2488 1775/2760/2490
f 1774/2759/2489 1775/2760/2490 1744/2761/2491
f 1744/2761/2491 1775/2760/2490 1745/2762/2492
f 1744/2761/2491 1745/2762/2492 1714/2763/2493
f 1714/2763/2493 1745/2762/2492 1715/2764/2494
f 1714/2763/2493 1715/2764/2494 1684/2765/2495
f 1684/2765/2495 1715/2764/2494 1685/2766/2496
f 1684/2765/2495 1685/2766/2496 1654/2767/2497
f 1654/2767/2497 1685/2766/2496 1655/2768/2498
f 1654/2767/2497 1655/2768/2498 1624/2769/2499
f 1624/2769/2499 1655/2768/2498 1625/2770/2500
f 1624/2769/2499 1625/2770/2500 1594/2771/2501
f 1594/2771/2501 1625/2770/2500 1595/2772/2502
f 1594/2771/2501 1595/2772/2502 1564/2773/2503
f 1564/2773/2503 1595/2772/2502 1565/2774/2504
f 1564/2773/2503 1565/2774/2504 1534/2775/2505
f 1534/2775/2505 1565/2774/2504 1535/2776/2506
f 1534/2775/2505 1535/2776/2506 1474/2777/2507
f 1474/2777/2507 1535/2776/2506 1475/2778/2508
f 1474/2777/2507 1475/2778/2508 1513/2779/2509
f 1513/2779/2509 1475/2778/2508 1512/2780/2510
f 1513/2779/2509 1512/2780/2510 1444/2781/2511
f 1444/2781/2511 1512/2780/2510 1445/2782/2512
f 1444/2781/2511 1445/2782/2512 1414/2783/2513
f 1414/2783/2513 1445/2782/2512 1415/2784/2514
f 1414/2783/2513 1415/2784/2514 1384/2785/2515
f 1384/2785/2515 1415/2784/2514 1385/2786/2516
f 1384/2785/2515 1385/2786/2516 1354/2787/2517
f 1354/2787/2517 1385/2786/2516 1355/2788/2518
f 1354/2787/2517 1355/2788/2518 1324/2789/2519
f 1324/2789/2519 1355/2788/2518 1325/2790/2520
f 1324/2789/2519 1325/2790/2520 1264/2791/2521
f 1264/2791/2521 1325/2790/2520 1265/2792/2522
f 1264/2791/2521 1265/2792/2522 1303/2793/2523
f 1303/2793/2523 1265/2792/2522 1302/2794/2524
f 1303/2793/2523 1302/2794/2524 3898/2795/2525
f 3898/2795/2525 1302/2794/2524 3899/2796/2526
f 3898/2795/2525 3899/2796/2526 3868/2797/2527
f 3868/2797/2527 3899/2796/2526 3869/2798/2528
f 3868/2797/2527 3869/2798/2528 3838/2799/2529
f 3838/2799/2529 3869/2798/2528 3839/2800/2530
f 3838/2799/2529 3839/2800/2530 3808/2801/2531
f 3808/2801/2531 3839/2800/2530 3809/2802/2532
f 3808/2801/2531 3809/2802/2532 3748/2803/2533
f 3748/2803/2533 3809/2802/2532 3749/2804/2534
f 3748/2803/2533 3749/2804/2534 3786/2805/2535
f 3786/2805/2535 3749/2804/2534 3785/2806/2536
f 3786/2805/2535 3785/2806/2536 3721/2807/2537
f 3721/2807/2537 3785/2806/2536 3722/2808/2538
f 3721/2807/2537 3722/2808/2538 3691/2809/2539
f 3691/2809/2539 3722/2808/2538 3692/2810/2540
f 3691/2809/2539 3692/2810/2540 3661/2811/2541
f 3661/2811/2541 3692/2810/2540 3662/2812/2542
f 3661/2811/2541 3662/2812/2542 3631/2813/2543
f 3631/2813/2543 3662/2812/2542 3632/2814/2544
f 3631/2813/2543 3632/2814/2544 3601/2815/2545
f 3601/2815/2545 3632/2814/2544 3602/2816/2546
f 3601/2815/2545 3602/2816/2546 3571/2817/2547
f 3571/2817/2547 3602/2816/2546 3572/2818/2548
f 3571/2817/2547 3572/2818/2548 3541/2819/2549
f 3541/2819/2549 3572/2818/2548 3542/2820/2550
f 3541/2819/2549 3542/2820/2550 3511/2821/2551
f 3511/2821/2551 3542/2820/2550 3512/2822/2552
f 3511/2821/2551 3512/2822/2552 3481/2823/2553
f 3481/2823/2553 3512/2822/2552 3482/2824/2554
f 3481/2823/2553 3482/2824/2554 3451/2825/2555
f 3451/2825/2555 3482/2824/2554 3452/2826/2556
f 3451/2825/2555 3452/2826/2556 3392/2827/2557
f 3392/2827/2557 3452/2826/2556 3393/2828/2558
f 3392/2827/2557 3393/2828/2558 3427/2829/2559
f 3427/2829/2559 3393/2828/2558 3426/2830/2560
f 3427/2829/2559 3426/2830/2560 3362/2831/2561
f 3362/2831/2561 3426/2830/2560 3363/2832/2562
f 3362/2831/2561 3363/2832/2562 3332/2833/2563
f 3332/2833/2563 3363/2832/2562 3333/2834/2564
f 3332/2833/2563 3333/2834/2564 3302/2835/2565
f 3302/2835/2565 3333/2834/2564 3303/2836/2566
f 3302/2835/2565 3303/2836/2566 1230/2837/2567
f 1230/2837/2567 3303/2836/2566 1231/2838/2568
f 1230/2839/2567 1231/2840/2568 3272/2841/2569
f 3272/2841/2569 1231/2840/2568 3273/2842/2570
f 3272/2841/2569 3273/2842/2570 3242/2843/2571
f 3242/2843/2571 3273/2842/2570 3243/2844/2572
f 3242/2843/2571 3243/2844/2572 3212/2845/2573
f 3212/2845/2573 3243/2844/2572 3213/2846/2574
f 3212/2845/2573 3213/2846/2574 3182/2847/2575
f 3182/2847/2575 3213/2846/2574 3183/2848/2576
f 3182/2847/2575 3183/2848/2576 3152/2849/2577
f 3152/2849/2577 3183/2848/2576 3153/2850/2578
f 3152/2849/2577 3153/2850/2578 3122/2851/2579
f 3122/2851/2579 3153/2850/2578 3123/2852/2580
f 3122/2851/2579 3123/2852/2580 3092/2853/2581
f 3092/2853/2581 3123/2852/2580 3093/2854/2582
f 3092/2853/2581 3093/2854/2582 3033/2855/2583
f 3033/2855/2583 3093/2854/2582 3034/2856/2584
f 3033/2855/2583 3034/2856/2584 3068/2857/2585
f 3068/2857/2585 3034/2856/2584 3067/2858/2586
f 3068/2857/2585 3067/2858/2586 3003/2859/2587
f 3003/2859/2587 3067/2858/2586 3004/2860/2588
f 3003/2859/2587 3004/2860/2588 2973/2861/2589
f 2973/2861/2589 3004/2860/2588 2974/2862/2590
f 2973/2861/2589 2974/2862/2590 2943/2863/2591
f 2943/2863/2591 2974/2862/2590 2944/2864/2592
f 2943/2863/2591 2944/2864/2592 2913/2865/2593
f 2913/2865/2593 2944/2864/2592 2914/2866/2594
f 2913/2865/2593 2914/2866/2594 2883/2867/2595
f 2883/2867/2595 2914/2866/2594 2884/2868/2596
f 2883/2867/2595 2884/2868/2596 2853/2869/2597
f 2853/2869/2597 2884/2868/2596 2854/2870/2598
f 2853/2869/2597 2854/2870/2598 2823/2871/2599
f 2823/2871/2599 2854/2870/2598 2824/2872/2600
f 2823/2871/2599 2824/2872/2600 2793/2873/2601
f 2793/2873/2601 2824/2872/2600 2794/2874/2602
f 2793/2873/2601 2794/2874/2602 2763/2875/2603
f 2763/2875/2603 2794/2874/2602 2764/2876/2604
f 2763/2875/2603 2764/2876/2604 2733/2877/2605
f 2733/2877/2605 2764/2876/2604 2734/2878/2606
f 2733/2877/2605 2734/2878/2606 2703/2879/2607
f 2703/2879/2607 2734/2878/2606 2704/2880/2608
f 2703/2879/2607 2704/2880/2608 2643/2881/2609
f 2643/2881/2609 2704/2880/2608 2644/2882/2610
f 2643/2881/2609 2644/2882/2610 2678/2883/2611
f 2678/2883/2611 2644/2882/2610 2677/2884/2612
f 2678/2883/2611 2677/2884/2612 2613/2885/2613
f 2613/2885/2613 2677/2884/2612 2614/2886/2614
f 2613/2885/2613 2614/2886/2614 2584/2887/2615
f 2584/2887/2615 2614/2886/2614 2585/2888/2616
f 2584/2887/2615 2585/2888/2616 2554/2889/2617
f 2554/2889/2617 2585/2888/2616 2555/2890/2618
f 2554/2889/2617 2555/2890/2618 2524/2891/2619
f 2524/2891/2619 2555/2890/2618 2525/2892/2620
f 2524/2891/2619 2525/2892/2620 2494/2893/2621
f 2494/2893/2621 2525/2892/2620 2495/2894/2622
f 2494/2893/2621 2495/2894/2622 2464/2895/2623
f 2464/2895/2623 2495/2894/2622 2465/2896/2624
f 2464/2895/2623 2465/2896/2624 2434/2897/2625
f 2434/2897/2625 2465/2896/2624 2435/2898/2626
f 2434/2897/2625 2435/2898/2626 2404/2899/2627
f 2404/2899/2627 2435/2898/2626 2405/2900/2628
f 2404/2899/2627 2405/2900/2628 2374/2901/2629
f 2374/2901/2629 2405/2900/2628 2375/2902/2630
f 2374/2901/2629 2375/2902/2630 2344/2903/2631
f 2344/2903/2631 2375/2902/2630 2345/2904/2632
f 2344/2903/2631 2345/2904/2632 2314/2905/2633
f 2314/2905/2633 2345/2904/2632 2315/2906/2634
f 2314/2905/2633 2315/2906/2634 2254/2907/2635
f 2254/2907/2635 2315/2906/2634 2255/2908/2636
f 2254/2907/2635 2255/2908/2636 2289/2909/2637
f 2289/2909/2637 2255/2908/2636 2288/2910/2638
f 2289/2909/2637 2288/2910/2638 2224/2911/2639
f 2224/2911/2639 2288/2910/2638 2225/2912/2640
f 2224/2911/2639 2225/2912/2640 2195/2913/2641
f 2195/2913/2641 2225/2912/2640 2196/2914/2642
f 2195/2913/2641 2196/2914/2642 2165/2915/2643
f 2165/2915/2643 2196/2914/2642 2166/2916/2644
f 2165/2915/2643 2166/2916/2644 2135/2917/2645
f 2135/2917/2645 2166/2916/2644 2136/2918/2646
f 2135/2917/2645 2136/2918/2646 2105/2919/2647
f 2105/2919/2647 2136/2918/2646 2106/2920/2648
f 2105/2919/2647 2106/2920/2648 2075/2921/2649
f 2075/2921/2649 2106/2920/2648 2076/2922/2650
f 2075/2921/2649 2076/2922/2650 2045/2923/2651
f 2045/2923/2651 2076/2922/2650 2046/2924/2652
f 2045/2923/2651 2046/2924/2652 2015/2925/2653
f 2015/2925/2653 2046/2924/2652 2016/2926/2654
f 2015/2925/2653 2016/2926/2654 1985/2927/2655
f 1985/2927/2655 2016/2926/2654 1986/2928/2656
f 1985/2927/2655 1986/2928/2656 1955/2929/2657
f 1955/2929/2657 1986/2928/2656 1956/2930/2658
f 1955/2929/2657 1956/2930/2658 1925/2931/2659
f 1925/2931/2659 1956/2930/2658 1926/2932/2660
f 1925/2931/2659 1926/2932/2660 1865/2933/2661
f 1865/2933/2661 1926/2932/2660 1866/2934/2662
f 1865/2933/2661 1866/2934/2662 1900/2935/2663
f 1900/2935/2663 1866/2934/2662 1899/2936/2664
f 1900/2935/2663 1899/2936/2664 1835/2937/2665
f 1835/2937/2665 1899/2936/2664 1836/2938/2666
f 1835/2937/2665 1836/2938/2666 1806/2939/2667
f 1806/2939/2667 1836/2938/2666 1807/2940/2668
f 1806/2939/2667 1807/2940/2668 1776/2941/2669
f 1776/2941/2669 1807/2940/2668 1777/2942/2670
f 1776/2941/2669 1777/2942/2670 1746/2943/2671
f 1746/2943/2671 1777/2942/2670 1747/2944/2672
f 1746/2943/2671 1747/2944/2672 1716/2945/2673
f 1716/2945/2673 1747/2944/2672 1717/2946/2674
f 1716/2945/2673 1717/2946/2674 1686/2947/2675
f 1686/2947/2675 1717/2946/2674 1687/2948/2676
f 1686/2947/2675 1687/2948/2676 1656/2949/2677
f 1656/2949/2677 1687/2948/2676 1657/2950/2678
f 1656/2949/2677 1657/2950/2678 1626/2951/2679
f 1626/2951/2679 1657/2950/2678 1627/2952/2680
f 1626/2951/2679 1627/2952/2680 1596/2953/2681
f 1596/2953/2681 1627/2952/2680 1597/2954/2682
f 1596/2953/2681 1597/2954/2682 1566/2955/2683
f 1566/2955/2683 1597/2954/2682 1567/2956/2684
f 1566/2955/2683 1567/2956/2684 1536/2957/2685
f 1536/2957/2685 1567/2956/2684 1537/2958/2686
f 1536/2957/2685 1537/2958/2686 1476/2959/2687
f 1476/2959/2687 1537/2958/2686 1477/2960/2688
f 1476/2959/2687 1477/2960/2688 1511/2961/2689
f 1511/2961/2689 1477/2960/2688 1510/2962/2690
f 1511/2961/2689 1510/2962/2690 1446/2963/2691
f 1446/2963/2691 1510/2962/2690 1447/2964/2692
f 1446/2963/2691 1447/2964/2692 1416/2965/2693
f 1416/2965/2693 1447/2964/2692 1417/2966/2694
f 1416/2965/2693 1417/2966/2694 1386/2967/2695
f 1386/2967/2695 1417/2966/2694 1387/2968/2696
f 1386/2967/2695 1387/2968/2696 1356/2969/2697
f 1356/2969/2697 1387/2968/2696 1357/2970/2698
f 1356/2969/2697 1357/2970/2698 1326/2971/2699
f 1326/2971/2699 1357/2970/2698 1327/2972/2700
f 1326/2971/2699 1327/2972/2700 1266/2973/2701
f 1266/2973/2701 1327/2972/2700 1267/2974/2702
f 1266/2973/2701 1267/2974/2702 1301/2975/2703
f 1301/2975/2703 1267/2974/2702 1300/2976/2704
f 1301/2975/2703 1300/2976/2704 3900/2977/2705
f 3900/2977/2705 1300/2976/2704 3901/2978/2706
f 3900/2977/2705 3901/2978/2706 3870/2979/2707
f 3870/2979/2707 3901/2978/2706 3871/2980/2708
f 3870/2979/2707 3871/2980/2708 3840/2981/2709
f 3840/2981/2709 3871/2980/2708 3841/2982/2710
f 3840/2981/2709 3841/2982/2710 3810/2983/2711
f 3810/2983/2711 3841/2982/2710 3811/2984/2712
f 3810/2983/2711 3811/2984/2712 3750/2985/2713
f 3750/2985/2713 3811/2984/2712 3751/2986/2714
f 3750/2985/2713 3751/2986/2714 3784/2987/2715
f 3784/2987/2715 3751/2986/2714 3783/2988/2716
f 3784/2987/2715 3783/2988/2716 3723/2989/2717
f 3723/2989/2717 3783/2988/2716 3724/2990/2718
f 3723/2989/2717 3724/2990/2718 3693/2991/2719
f 3693/2991/2719 3724/2990/2718 3694/2992/2720
f 3693/2991/2719 3694/2992/2720 3663/2993/2721
f 3663/2993/2721 3694/2992/2720 3664/2994/2722
f 3663/2993/2721 3664/2994/2722 3633/2995/2723
f 3633/2995/2723 3664/2994/2722 3634/2996/2724
f 3633/2995/2723 3634/2996/2724 3603/2997/2725
f 3603/2997/2725 3634/2996/2724 3604/2998/2726
f 3603/2997/2725 3604/2998/2726 3573/2999/2727
f 3573/2999/2727 3604/2998/2726 3574/3000/2728
f 3573/2999/2727 3574/3000/2728 3543/3001/2729
f 3543/3001/2729 3574/3000/2728 3544/3002/2730
f 3543/3001/2729 3544/3002/2730 3513/3003/2731
f 3513/3003/2731 3544/3002/2730 3514/3004/2732
f 3513/3003/2731 3514/3004/2732 3483/3005/2733
f 3483/3005/2733 3514/3004/2732 3484/3006/2734
f 3483/3005/2733 3484/3006/2734 3453/3007/2735
f 3453/3007/2735 3484/3006/2734 3454/3008/2736
f 3453/3007/2735 3454/3008/2736 3394/3009/2737
f 3394/3009/2737 3454/3008/2736 3395/3010/2738
f 3394/3009/2737 3395/3010/2738 3425/3011/2739
f 3425/3011/2739 3395/3010/2738 3424/3012/2740
f 3425/3011/2739 3424/3012/2740 3364/3013/2741
f 3364/3013/2741 3424/3012/2740 3365/3014/2742
f 3364/3013/2741 3365/3014/2742 3334/3015/2743
f 3334/3015/2743 3365/3014/2742 3335/3016/2744
f 3334/3015/2743 3335/3016/2744 3304/3017/2745
f 3304/3017/2745 3335/3016/2744 3305/3018/2746
f 3304/3017/2745 3305/3018/2746 1232/3019/2747
f 1232/3019/2747 3305/3018/2746 1233/3020/2748
f 1232/3021/2747 1233/3022/2748 3274/3023/2749
f 3274/3023/2749 1233/3022/2748 3275/3024/2750
f 3274/3023/2749 3275/3024/2750 3244/3025/2751
f 3244/3025/2751 3275/3024/2750 3245/3026/2752
f 3244/3025/2751 3245/3026/2752 3214/3027/2753
f 3214/3027/2753 3245/3026/2752 3215/3028/2754
f 3214/3027/2753 3215/3028/2754 3184/3029/2755
f 3184/3029/2755 3215/3028/2754 3185/3030/2756
f 3184/3029/2755 3185/3030/2756 3154/3031/2757
f 3154/3031/2757 3185/3030/2756 3155/3032/2758
f 3154/3031/2757 3155/3032/2758 3124/3033/2759
f 3124/3033/2759 3155/3032/2758 3125/3034/2760
f 3124/3033/2759 3125/3034/2760 3094/3035/2761
f 3094/3035/2761 3125/3034/2760 3095/3036/2762
f 3094/3035/2761 3095/3036/2762 3035/3037/2763
f 3035/3037/2763 3095/3036/2762 3036/3038/2764
f 3035/3037/2763 3036/3038/2764 3066/3039/2765
f 3066/3039/2765 3036/3038/2764 3065/3040/2766
f 3066/3039/2765 3065/3040/2766 3005/3041/2767
f 3005/3041/2767 3065/3040/2766 3006/3042/2768
f 3005/3041/2767 3006/3042/2768 2975/3043/2769
f 2975/3043/2769 3006/3042/2768 2976/3044/2770
f 2975/3043/2769 2976/3044/2770 2945/3045/2771
f 2945/3045/2771 2976/3044/2770 2946/3046/2772
f 2945/3045/2771 2946/3046/2772 2915/3047/2773
f 2915/3047/2773 2946/3046/2772 2916/3048/2774
f 2915/3047/2773 2916/3048/2774 2885/3049/2775
f 2885/3049/2775 2916/3048/2774 2886/3050/2776
f 2885/3049/2775 2886/3050/2776 2855/3051/2777
f 2855/3051/2777 2886/3050/2776 2856/3052/2778
f 2855/3051/2777 2856/3052/2778 2825/3053/2779
f 2825/3053/2779 2856/3052/2778 2826/3054/2780
f 2825/3053/2779 2826/3054/2780 2795/3055/2781
f 2795/3055/2781 2826/3054/2780 2796/3056/2782
f 2795/3055/2781 2796/3056/2782 2765/3057/2783
f 2765/3057/2783 2796/3056/2782 2766/3058/2784
f 2765/3057/2783 2766/3058/2784 2735/3059/2785
f 2735/3059/2785 2766/3058/2784 2736/3060/2786
f 2735/3059/2785 2736/3060/2786 2705/3061/2787
f 2705/3061/2787 2736/3060/2786 2706/3062/2788
f 2705/3061/2787 2706/3062/2788 2645/3063/2789
f 2645/3063/2789 2706/3062/2788 2646/3064/2790
f 2645/3063/2789 2646/3064/2790 2676/3065/2791
f 2676/3065/2791 2646/3064/2790 2675/3066/2792
f 2676/3065/2791 2675/3066/2792 2615/3067/2793
f 2615/3067/2793 2675/3066/2792 2616/3068/2794
f 2615/3067/2793 2616/3068/2794 2586/3069/2795
f 2586/3069/2795 2616/3068/2794 2587/3070/2796
f 2586/3069/2795 2587/3070/2796 2556/3071/2797
f 2556/3071/2797 2587/3070/2796 2557/3072/2798
f 2556/3071/2797 2557/3072/2798 2526/3073/2799
f 2526/3073/2799 2557/3072/2798 2527/3074/2800
f 2526/3073/2799 2527/3074/2800 2496/3075/2801
f 2496/3075/2801 2527/3074/2800 2497/3076/2802
f 2496/3075/2801 2497/3076/2802 2466/3077/2803
f 2466/3077/2803 2497/3076/2802 2467/3078/2804
f 2466/3077/2803 2467/3078/2804 2436/3079/2805
f 2436/3079/2805 2467/3078/2804 2437/3080/2806
f 2436/3079/2805 2437/3080/2806 2406/3081/2807
f 2406/3081/2807 2437/3080/2806 2407/3082/2808
f 2406/3081/2807 2407/3082/2808 2376/3083/2809
f 2376/3083/2809 2407/3082/2808 2377/3084/2810
f 2376/3083/2809 2377/3084/2810 2346/3085/2811
f 2346/3085/2811 2377/3084/2810 2347/3086/2812
f 2346/3085/2811 2347/3086/2812 2316/3087/2813
f 2316/3087/2813 2347/3086/2812 2317/3088/2814
f 2316/3087/2813 2317/3088/2814 2256/3089/2815
f 2256/3089/2815 2317/3088/2814 2257/3090/2816
f 2256/3089/2815 2257/3090/2816 2287/3091/2817
f 2287/3091/2817 2257/3090/2816 2286/3092/2818
f 2287/3091/2817 2286/3092/2818 2226/3093/2819
f 2226/3093/2819 2286/3092/2818 2227/3094/2820
f 2226/3093/2819 2227/3094/2820 2197/3095/2821
f 2197/3095/2821 2227/3094/2820 2198/3096/2822
f 2197/3095/2821 2198/3096/2822 2167/3097/2823
f 2167/3097/2823 2198/3096/2822 2168/3098/2824
f 2167/3097/2823 2168/3098/2824 2137/3099/2825
f 2137/3099/2825 2168/3098/2824 2138/3100/2826
f 2137/3099/2825 2138/3100/2826 2107/3101/2827
f 2107/3101/2827 2138/3100/2826 2108/3102/2828
f 2107/3101/2827 2108/3102/2828 2077/3103/2829
f 2077/3103/2829 2108/3102/2828 2078/3104/2830
f 2077/3103/2829 2078/3104/2830 2047/3105/2831
f 2047/3105/2831 2078/3104/2830 2048/3106/2832
f 2047/3105/2831 2048/3106/2832 2017/3107/2833
f 2017/3107/2833 2048/3106/2832 2018/3108/2834
f 2017/3107/2833 2018/3108/2834 1987/3109/2835
f 1987/3109/2835 2018/3108/2834 1988/3110/2836
f 1987/3109/2835 1988/3110/2836 1957/3111/2837
f 1957/3111/2837 1988/3110/2836 1958/3112/2838
f 1957/3111/2837 1958/3112/2838 1927/3113/2839
f 1927/3113/2839 1958/3112/2838 1928/3114/2840
f 1927/3113/2839 1928/3114/2840 1867/3115/2841
f 1867/3115/2841 1928/3114/2840 1868/3116/2842
f 1867/3115/2841 1868/3116/2842 1898/3117/2843
f 1898/3117/2843 1868/3116/2842 1897/3118/2844
f 1898/3117/2843 1897/3118/2844 1837/3119/2845
f 1837/3119/2845 1897/3118/2844 1838/3120/2846
f 1837/3119/2845 1838/3120/2846 1808/3121/2847
f 1808/3121/2847 1838/3120/2846 1809/3122/2848
f 1808/3121/2847 1809/3122/2848 1778/3123/2849
f 1778/3123/2849 1809/3122/2848 1779/3124/2850
f 1778/3123/2849 1779/3124/2850 1748/3125/2851
f 1748/3125/2851 1779/3124/2850 1749/3126/2852
f 1748/3125/2851 1749/3126/2852 1718/3127/2853
f 1718/3127/2853 1749/3126/2852 1719/3128/2854
f 1718/3127/2853 1719/3128/2854 1688/3129/2855
f 1688/3129/2855 1719/3128/2854 1689/3130/2856
f 1688/3129/2855 1689/3130/2856 1658/3131/2857
f 1658/3131/2857 1689/3130/2856 1659/3132/2858
f 1658/3131/2857 1659/3132/2858 1628/3133/2859
f 1628/3133/2859 1659/3132/2858 1629/3134/2860
f 1628/3133/2859 1629/3134/2860 1598/3135/2861
f 1598/3135/2861 1629/3134/2860 1599/3136/2862
f 1598/3135/2861 1599/3136/2862 1568/3137/2863
f 1568/3137/2863 1599/3136/2862 1569/3138/2864
f 1568/3137/2863 1569/3138/2864 1538/3139/2865
f 1538/3139/2865 1569/3138/2864 1539/3140/2866
f 1538/3139/2865 1539/3140/2866 1478/3141/2867
f 1478/3141/2867 1539/3140/2866 1479/3142/2868
f 1478/3141/2867 1479/3142/2868 1509/3143/2869
f 1509/3143/2869 1479/3142/2868 1508/3144/2870
f 1509/3143/2869 1508/3144/2870 1448/3145/2871
f 1448/3145/2871 1508/3144/2870 1449/3146/2872
f 1448/3145/2871 1449/3146/2872 1418/3147/2873
f 1418/3147/2873 1449/3146/2872 1419/3148/2874
f 1418/3147/2873 1419/3148/2874 1388/3149/2875
f 1388/3149/2875 1419/3148/2874 1389/3150/2876
f 1388/3149/2875 1389/3150/2876 1358/3151/2877
f 1358/3151/2877 1389/3150/2876 1359/3152/2878
f 1358/3151/2877 1359/3152/2878 1328/3153/2879
f 1328/3153/2879 1359/3152/2878 1329/3154/2880
f 1328/3153/2879 1329/3154/2880 1268/3155/2881
f 1268/3155/2881 1329/3154/2880 1269/3156/2882
f 1268/3155/2881 1269/3156/2882 1299/3157/2883
f 1299/3157/2883 1269/3156/2882 1298/3158/2884
f 1299/3157/2883 1298/3158/2884 3902/3159/2885
f 3902/3159/2885 1298/3158/2884 3903/3160/2886
f 3902/3159/2885 3903/3160/2886 3872/3161/2887
f 3872/3161/2887 3903/3160/2886 3873/3162/2888
f 3872/3161/2887 3873/3162/2888 3842/3163/2889
f 3842/3163/2889 3873/3162/2888 3843/3164/2890
f 3842/3163/2889 3843/3164/2890 3812/3165/2891
f 3812/3165/2891 3843/3164/2890 3813/3166/2892
f 3812/3165/2891 3813/3166/2892 3752/3167/2893
f 3752/3167/2893 3813/3166/2892 3753/3168/2894
f 3752/3167/2893 3753/3168/2894 3782/3169/2895
f 3782/3169/2895 3753/3168/2894 3781/3170/2896
f 3782/3169/2895 3781/3170/2896 3725/3171/2897
f 3725/3171/2897 3781/3170/2896 3726/3172/2898
f 3725/3171/2897 3726/3172/2898 3695/3173/2899
f 3695/3173/2899 3726/3172/2898 3696/3174/2900
f 3695/3173/2899 3696/3174/2900 3665/3175/2901
f 3665/3175/2901 3696/3174/2900 3666/3176/2902
f 3665/3175/2901 3666/3176/2902 3635/3177/2903
f 3635/3177/2903 3666/3176/2902 3636/3178/2904
f 3635/3177/2903 3636/3178/2904 3605/3179/2905
f 3605/3179/2905 3636/3178/2904 3606/3180/2906
f 3605/3179/2905 3606/3180/2906 3575/3181/2907
f 3575/3181/2907 3606/3180/2906 3576/3182/2908
f 3575/3181/2907 3576/3182/2908 3545/3183/2909
f 3545/3183/2909 3576/3182/2908 3546/3184/2910
f 3545/3183/2909 3546/3184/2910 3515/3185/2911
f 3515/3185/2911 3546/3184/2910 3516/3186/2912
f 3515/3185/2911 3516/3186/2912 3485/3187/2913
f 3485/3187/2913 3516/3186/2912 3486/3188/2914
f 3485/3187/2913 3486/3188/2914 3455/3189/2915
f 3455/3189/2915 3486/3188/2914 3456/3190/2916
f 3455/3189/2915 3456/3190/2916 3396/3191/2917
f 3396/3191/2917 3456/3190/2916 3397/3192/2918
f 3396/3191/2917 3397/3192/2918 3423/3193/2919
f 3423/3193/2919 3397/3192/2918 3422/3194/2920
f 3423/3193/2919 3422/3194/2920 3366/3195/2921
f 3366/3195/2921 3422/3194/2920 3367/3196/2922
f 3366/3195/2921 3367/3196/2922 3336/3197/2923
f 3336/3197/2923 3367/3196/2922 3337/3198/2924
f 3336/3197/2923 3337/3198/2924 3306/3199/2925
f 3306/3199/2925 3337/3198/2924 3307/3200/2926
f 3306/3199/2925 3307/3200/2926 1234/3201/2927
f 1234/3201/2927 3307/3200/2926 1235/3202/2928
f 1234/3203/2927 1235/3204/2928 3276/3205/2929
f 3276/3205/2929 1235/3204/2928 3277/3206/2930
f 3276/3205/2929 3277/3206/2930 3246/3207/2931
f 3246/3207/2931 3277/3206/2930 3247/3208/2932
f 3246/3207/2931 3247/3208/2932 3216/3209/2933
f 3216/3209/2933 3247/3208/2932 3217/3210/2934
f 3216/3209/2933 3217/3210/2934 3186/3211/2935
f 3186/3211/2935 3217/3210/2934 3187/3212/2936
f 3186/3211/2935 3187/3212/2936 3156/3213/2937
f 3156/3213/2937 3187/3212/2936 3157/3214/2938
f 3156/3213/2937 3157/3214/2938 3126/3215/2939
f 3126/3215/2939 3157/3214/2938 3127/3216/2940
f 3126/3215/2939 3127/3216/2940 3096/3217/2941
f 3096/3217/2941 3127/3216/2940 3097/3218/2942
f 3096/3217/2941 3097/3218/2942 3037/3219/2943
f 3037/3219/2943 3097/3218/2942 3038/3220/2944
f 3037/3219/2943 3038/3220/2944 3064/3221/2945
f 3064/3221/2945 3038/3220/2944 3063/3222/2946
f 3064/3221/2945 3063/3222/2946 3007/3223/2947
f 3007/3223/2947 3063/3222/2946 3008/3224/2948
f 3007/3223/2947 3008/3224/2948 2977/3225/2949
f 2977/3225/2949 3008/3224/2948 2978/3226/2950
f 2977/3225/2949 2978/3226/2950 2947/3227/2951
f 2947/3227/2951 2978/3226/2950 2948/3228/2952
f 2947/3227/2951 2948/3228/2952 2917/3229/2953
f 2917/3229/2953 2948/3228/2952 2918/3230/2954
f 2917/3229/2953 2918/3230/2954 2887/3231/2955
f 2887/3231/2955 2918/3230/2954 2888/3232/2956
f 2887/3231/2955 2888/3232/2956 2857/3233/2957
f 2857/3233/2957 2888/3232/2956 2858/3234/2958
f 2857/3233/2957 2858/3234/2958 2827/3235/2959
f 2827/3235/2959 2858/3234/2958 2828/3236/2960
f 2827/3235/2959 2828/3236/2960 2797/3237/2961
f 2797/3237/2961 2828/3236/2960 2798/3238/2962
f 2797/3237/2961 2798/3238/2962 2767/3239/2963
f 2767/3239/2963 2798/3238/2962 2768/3240/2964
f 2767/3239/2963 2768/3240/2964 2737/3241/2965
f 2737/3241/2965 2768/3240/2964 2738/3242/2966
f 2737/3241/2965 2738/3242/2966 2707/3243/2967
f 2707/3243/2967 2738/3242/2966 2708/3244/2968
f 2707/3243/2967 2708/3244/2968 2647/3245/2969
f 2647/3245/2969 2708/3244/2968 2648/3246/2970
f 2647/3245/2969 2648/3246/2970 2674/3247/2971
f 2674/3247/2971 2648/3246/2970 2673/3248/2972
f 2674/3247/2971 2673/3248/2972 2617/3249/2973
f 2617/3249/2973 2673/3248/2972 2618/3250/2974
f 2617/3249/2973 2618/3250/2974 2588/3251/2975
f 2588/3251/2975 2618/3250/2974 2589/3252/2976
f 2588/3251/2975 2589/3252/2976 2558/3253/2977
f 2558/3253/2977 2589/3252/2976 2559/3254/2978
f 2558/3253/2977 2559/3254/2978 2528/3255/2979
f 2528/3255/2979 2559/3254/2978 2529/3256/2980
f 2528/3255/2979 2529/3256/2980 2498/3257/2981
f 2498/3257/2981 2529/3256/2980 2499/3258/2982
f 2498/3257/2981 2499/3258/2982 2468/3259/2983
f 2468/3259/2983 2499/3258/2982 2469/3260/2984
f 2468/3259/2983 2469/3260/2984 2438/3261/2985
f 2438/3261/2985 2469/3260/2984 2439/3262/2986
f 2438/3261/2985 2439/3262/2986 2408/3263/2987
f 2408/3263/2987 2439/3262/2986 2409/3264/2988
f 2408/3263/2987 2409/3264/2988 2378/3265/2989
f 2378/3265/2989 2409/3264/2988 2379/3266/2990
f 2378/3265/2989 2379/3266/2990 2348/3267/2991
f 2348/3267/2991 2379/3266/2990 2349/3268/2992
f 2348/3267/2991 2349/3268/2992 2318/3269/2993
f 2318/3269/2993 2349/3268/2992 2319/3270/2994
f 2318/3269/2993 2319/3270/2994 2258/3271/2995
f 2258/3271/2995 2319/3270/2994 2259/3272/2996
f 2258/3271/2995 2259/3272/2996 2285/3273/2997
f 2285/3273/2997 2259/3272/2996 2284/3274/2998
f 2285/3273/2997 2284/3274/2998 2228/3275/2999
f 2228/3275/2999 2284/3274/2998 2229/3276/3000
f 2228/3275/2999 2229/3276/3000 2199/3277/3001
f 2199/3277/3001 2229/3276/3000 2200/3278/3002
f 2199/3277/3001 2200/3278/3002 2169/3279/3003
f 2169/3279/3003 2200/3278/3002 2170/3280/3004
f 2169/3279/3003 2170/3280/3004 2139/3281/3005
f 2139/3281/3005 2170/3280/3004 2140/3282/3006
f 2139/3281/3005 2140/3282/3006 2109/3283/3007
f 2109/3283/3007 2140/3282/3006 2110/3284/3008
f 2109/3283/3007 2110/3284/3008 2079/3285/3009
f 2079/3285/3009 2110/3284/3008 2080/3286/3010
f 2079/3285/3009 2080/3286/3010 2049/3287/3011
f 2049/3287/3011 2080/3286/3010 2050/3288/3012
f 2049/3287/3011 2050/3288/3012 2019/3289/3013
f 2019/3289/3013 2050/3288/3012 2020/3290/3014
f 2019/3289/3013 2020/3290/3014 1989/3291/3015
f 1989/3291/3015 2020/3290/3014 1990/3292/3016
f 1989/3291/3015 1990/3292/3016 1959/3293/3017
f 1959/3293/3017 1990/3292/3016 1960/3294/3018
f 1959/3293/3017 1960/3294/3018 1929/3295/3019
f 1929/3295/3019 1960/3294/3018 1930/3296/3020
f 1929/3295/3019 1930/3296/3020 1869/3297/3021
f 1869/3297/3021 1930/3296/3020 1870/3298/3022
f 1869/3297/3021 1870/3298/3022 1896/3299/3023
f 1896/3299/3023 1870/3298/3022 1895/3300/3024
f 1896/3299/3023 1895/3300/3024 1839/3301/3025
f 1839/3301/3025 1895/3300/3024 1840/3302/3026
f 1839/3301/3025 1840/3302/3026 1810/3303/3027
f 1810/3303/3027 1840/3302/3026 1811/3304/3028
f 1810/3303/3027 1811/3304/3028 1780/3305/3029
f 1780/3305/3029 1811/3304/3028 1781/3306/3030
f 1780/3305/3029 1781/3306/3030 1750/3307/3031
f 1750/3307/3031 1781/3306/3030 1751/3308/3032
f 1750/3307/3031 1751/3308/3032 1720/3309/3033
f 1720/3309/3033 1751/3308/3032 1721/3310/3034
f 1720/3309/3033 1721/3310/3034 1690/3311/3035
f 1690/3311/3035 1721/3310/3034 1691/3312/3036
f 1690/3311/3035 1691/3312/3036 1660/3313/3037
f 1660/3313/3037 1691/3312/3036 1661/3314/3038
f 1660/3313/3037 1661/3314/3038 1630/3315/3039
f 1630/3315/3039 1661/3314/3038 1631/3316/3040
f 1630/3315/3039 1631/3316/3040 1600/3317/3041
f 1600/3317/3041 1631/3316/3040 1601/3318/3042
f 1600/3317/3041 1601/3318/3042 1570/3319/3043
f 1570/3319/3043 1601/3318/3042 1571/3320/3044
f 1570/3319/3043 1571/3320/3044 1540/3321/3045
f 1540/3321/3045 1571/3320/3044 1541/3322/3046
f 1540/3321/3045 1541/3322/3046 1480/3323/3047
f 1480/3323/3047 1541/3322/3046 1481/3324/3048
f 1480/3323/3047 1481/3324/3048 1507/3325/3049
f 1507/3325/3049 1481/3324/3048 1506/3326/3050
f 1507/3325/3049 1506/3326/3050 1450/3327/3051
f 1450/3327/3051 1506/3326/3050 1451/3328/3052
f 1450/3327/3051 1451/3328/3052 1420/3329/3053
f 1420/3329/3053 1451/3328/3052 1421/3330/3054
f 1420/3329/3053 1421/3330/3054 1390/3331/3055
f 1390/3331/3055 1421/3330/3054 1391/3332/3056
f 1390/3331/3055 1391/3332/3056 1360/3333/3057
f 1360/3333/3057 1391/3332/3056 1361/3334/3058
f 1360/3333/3057 1361/3334/3058 1330/3335/3059
f 1330/3335/3059 1361/3334/3058 1331/3336/3060
f 1330/3335/3059 1331/3336/3060 1270/3337/3061
f 1270/3337/3061 1331/3336/3060 1271/3338/3062
f 1270/3337/3061 1271/3338/3062 1297/3339/3063
f 1297/3339/3063 1271/3338/3062 1296/3340/3064
f 1297/3339/3063 1296/3340/3064 3904/3341/3065
f 3904/3341/3065 1296/3340/3064 3905/3342/3066
f 3904/3341/3065 3905/3342/3066 3874/3343/3067
f 3874/3343/3067 3905/3342/3066 3875/3344/3068
f 3874/3343/3067 3875/3344/3068 3844/3345/3069
f 3844/3345/3069 3875/3344/3068 3845/3346/3070
f 3844/3345/3069 3845/3346/3070 3814/3347/3071
f 3814/3347/3071 3845/3346/3070 3815/3348/3072
f 3814/3347/3071 3815/3348/3072 3754/3349/3073
f 3754/3349/3073 3815/3348/3072 3755/3350/3074
f 3754/3349/3073 3755/3350/3074 3780/3351/3075
f 3780/3351/3075 3755/3350/3074 3779/3352/3076
f 3780/3351/3075 3779/3352/3076 3727/3353/3077
f 3727/3353/3077 3779/3352/3076 3728/3354/3078
f 3727/3353/3077 3728/3354/3078 3697/3355/3079
f 3697/3355/3079 3728/3354/3078 3698/3356/3080
f 3697/3355/3079 3698/3356/3080 3667/3357/3081
f 3667/3357/3081 3698/3356/3080 3668/3358/3082
f 3667/3357/3081 3668/3358/3082 3637/3359/3083
f 3637/3359/3083 3668/3358/3082 3638/3360/3084
f 3637/3359/3083 3638/3360/3084 3607/3361/3085
f 3607/3361/3085 3638/3360/3084 3608/3362/3086
f 3607/3361/3085 3608/3362/3086 3577/3363/3087
f 3577/3363/3087 3608/3362/3086 3578/3364/3088
f 3577/3363/3087 3578/3364/3088 3547/3365/3089
f 3547/3365/3089 3578/3364/3088 3548/3366/3090
f 3547/3365/3089 3548/3366/3090 3517/3367/3091
f 3517/3367/3091 3548/3366/3090 3518/3368/3092
f 3517/3367/3091 3518/3368/3092 3487/3369/3093
f 3487/3369/3093 3518/3368/3092 3488/3370/3094
f 3487/3369/3093 3488/3370/3094 3457/3371/3095
f 3457/3371/3095 3488/3370/3094 3458/3372/3096
f 3457/3371/3095 3458/3372/3096 3398/3373/3097
f 3398/3373/3097 3458/3372/3096 3399/3374/3098
f 3398/3373/3097 3399/3374/3098 3421/3375/3099
f 3421/3375/3099 3399/3374/3098 3420/3376/3100
f 3421/3375/3099 3420/3376/3100 3368/3377/3101
f 3368/3377/3101 3420/3376/3100 3369/3378/3102
f 3368/3377/3101 3369/3378/3102 3338/3379/3103
f 3338/3379/3103 3369/3378/3102 3339/3380/3104
f 3338/3379/3103 3339/3380/3104 3308/3381/3105
f 3308/3381/3105 3339/3380/3104 3309/3382/3106
f 3308/3381/3105 3309/3382/3106 1236/3383/3107
f 1236/3383/3107 3309/3382/3106 1237/3384/3108
f 1236/3385/3107 1237/3386/3108 3278/3387/3109
f 3278/3387/3109 1237/3386/3108 3279/3388/3110
f 3278/3387/3109 3279/3388/3110 3248/3389/3111
f 3248/3389/3111 3279/3388/3110 3249/3390/3112
f 3248/3389/3111 3249/3390/3112 3218/3391/3113
f 3218/3391/3113 3249/3390/3112 3219/3392/3114
f 3218/3391/3113 3219/3392/3114 3188/3393/3115
f 3188/3393/3115 3219/3392/3114 3189/3394/3116
f 3188/3393/3115 3189/3394/3116 3158/3395/3117
f 3158/3395/3117 3189/3394/3116 3159/3396/3118
f 3158/3395/3117 3159/3396/3118 3128/3397/3119
f 3128/3397/3119 3159/3396/3118 3129/3398/3120
f 3128/3397/3119 3129/3398/3120 3098/3399/3121
f 3098/3399/3121 3129/3398/3120 3099/3400/3122
f 3098/3399/3121 3099/3400/3122 3039/3401/3123
f 3039/3401/3123 3099/3400/3122 3040/3402/3124
f 3039/3401/3123 3040/3402/3124 3062/3403/3125
f 3062/3403/3125 3040/3402/3124 3061/3404/3126
f 3062/3403/3125 3061/3404/3126 3009/3405/3127
f 3009/3405/3127 3061/3404/3126 3010/3406/3128
f 3009/3405/3127 3010/3406/3128 2979/3407/3129
f 2979/3407/3129 3010/3406/3128 2980/3408/3130
f 2979/3407/3129 2980/3408/3130 2949/3409/3131
f 2949/3409/3131 2980/3408/3130 2950/3410/3132
f 2949/3409/3131 2950/3410/3132 2919/3411/3133
f 2919/3411/3133 2950/3410/3132 2920/3412/3134
f 2919/3411/3133 2920/3412/3134 2889/3413/3135
f 2889/3413/3135 2920/3412/3134 2890/3414/3136
f 2889/3413/3135 2890/3414/3136 2859/3415/3137
f 2859/3415/3137 2890/3414/3136 2860/3416/3138
f 2859/3415/3137 2860/3416/3138 2829/3417/3139
f 2829/3417/3139 2860/3416/3138 2830/3418/3140
f 2829/3417/3139 2830/3418/3140 2799/3419/3141
f 2799/3419/3141 2830/3418/3140 2800/3420/3142
f 2799/3419/3141 2800/3420/3142 2769/3421/3143
f 2769/3421/3143 2800/3420/3142 2770/3422/3144
f 2769/3421/3143 2770/3422/3144 2739/3423/3145
f 2739/3423/3145 2770/3422/3144 2740/3424/3146
f 2739/3423/3145 2740/3424/3146 2709/3425/3147
f 2709/3425/3147 2740/3424/3146 2710/3426/3148
f 2709/3425/3147 2710/3426/3148 2649/3427/3149
f 2649/3427/3149 2710/3426/3148 2650/3428/3150
f 2649/3427/3149 2650/3428/3150 2672/3429/3151
f 2672/3429/3151 2650/3428/3150 2671/3430/3152
f 2672/3429/3151 2671/3430/3152 2619/3431/3153
f 2619/3431/3153 2671/3430/3152 2620/3432/3154
f 2619/3431/3153 2620/3432/3154 2590/3433/3155
f 2590/3433/3155 2620/3432/3154 2591/3434/3156
f 2590/3433/3155 2591/3434/3156 2560/3435/3157
f 2560/3435/3157 2591/3434/3156 2561/3436/3158
f 2560/3435/3157 2561/3436/3158 2530/3437/3159
f 2530/3437/3159 2561/3436/3158 2531/3438/3160
f 2530/3437/3159 2531/3438/3160 2500/3439/3161
f 2500/3439/3161 2531/3438/3160 2501/3440/3162
f 2500/3439/3161 2501/3440/3162 2470/3441/3163
f 2470/3441/3163 2501/3440/3162 2471/3442/3164
f 2470/3441/3163 2471/3442/3164 2440/3443/3165
f 2440/3443/3165 2471/3442/3164 2441/3444/3166
f 2440/3443/3165 2441/3444/3166 2410/3445/3167
f 2410/3445/3167 2441/3444/3166 2411/3446/3168
f 2410/3445/3167 2411/3446/3168 2380/3447/3169
f 2380/3447/3169 2411/3446/3168 2381/3448/3170
f 2380/3447/3169 2381/3448/3170 2350/3449/3171
f 2350/3449/3171 2381/3448/3170 2351/3450/3172
f 2350/3449/3171 2351/3450/3172 2320/3451/3173
f 2320/3451/3173 2351/3450/3172 2321/3452/3174
f 2320/3451/3173 2321/3452/3174 2260/3453/3175
f 2260/3453/3175 2321/3452/3174 2261/3454/3176
f 2260/3453/3175 2261/3454/3176 2283/3455/3177
f 2283/3455/3177 2261/3454/3176 2282/3456/3178
f 2283/3455/3177 2282/3456/3178 2230/3457/3179
f 2230/3457/3179 2282/3456/3178 2231/3458/3180
f 2230/3457/3179 2231/3458/3180 2201/3459/3181
f 2201/3459/3181 2231/3458/3180 2202/3460/3182
f 2201/3459/3181 2202/3460/3182 2171/3461/3183
f 2171/3461/3183 2202/3460/3182 2172/3462/3184
f 2171/3461/3183 2172/3462/3184 2141/3463/3185
f 2141/3463/3185 2172/3462/3184 2142/3464/3186
f 2141/3463/3185 2142/3464/3186 2111/3465/3187
f 2111/3465/3187 2142/3464/3186 2112/3466/3188
f 2111/3465/3187 2112/3466/3188 2081/3467/3189
f 2081/3467/3189 2112/3466/3188 2082/3468/3190
f 2081/3467/3189 2082/3468/3190 2051/3469/3191
f 2051/3469/3191 2082/3468/3190 2052/3470/3192
f 2051/3469/3191 2052/3470/3192 2021/3471/3193
f 2021/3471/3193 2052/3470/3192 2022/3472/3194
f 2021/3471/3193 2022/3472/3194 1991/3473/3195
f 1991/3473/3195 2022/3472/3194 1992/3474/3196
f 1991/3473/3195 1992/3474/3196 1961/3475/3197
f 1961/3475/3197 1992/3474/3196 1962/3476/3198
f 1961/3475/3197 1962/3476/3198 1931/3477/3199
f 1931/3477/3199 1962/3476/3198 1932/3478/3200
f 1931/3477/3199 1932/3478/3200 1871/3479/3201
f 1871/3479/3201 1932/3478/3200 1872/3480/3202
f 1871/3479/3201 1872/3480/3202 1894/3481/3203
f 1894/3481/3203 1872/3480/3202 1893/3482/3204
f 1894/3481/3203 1893/3482/3204 1841/3483/3205
f 1841/3483/3205 1893/3482/3204 1842/3484/3206
f 1841/3483/3205 1842/3484/3206 1812/3485/3207
f 1812/3485/3207 1842/3484/3206 1813/3486/3208
f 1812/3485/3207 1813/3486/3208 1782/3487/3209
f 1782/3487/3209 1813/3486/3208 1783/3488/3210
f 1782/3487/3209 1783/3488/3210 1752/3489/3211
f 1752/3489/3211 1783/3488/3210 1753/3490/3212
f 1752/3489/3211 1753/3490/3212 1722/3491/3213
f 1722/3491/3213 1753/3490/3212 1723/3492/3214
f 1722/3491/3213 1723/3492/3214 1692/3493/3215
f 1692/3493/3215 1723/3492/3214 1693/3494/3216
f 1692/3493/3215 1693/3494/3216 1662/3495/3217
f 1662/3495/3217 1693/3494/3216 1663/3496/3218
f 1662/3495/3217 1663/3496/3218 1632/3497/3219
f 1632/3497/3219 1663/3496/3218 1633/3498/3220
f 1632/3497/3219 1633/3498/3220 1602/3499/3221
f 1602/3499/3221 1633/3498/3220 1603/3500/3222
f 1602/3499/3221 1603/3500/3222 1572/3501/3223
f 1572/3501/3223 1603/3500/3222 1573/3502/3224
f 1572/3501/3223 1573/3502/3224 1542/3503/3225
f 1542/3503/3225 1573/3502/3224 1543/3504/3226
f 1542/3503/3225 1543/3504/3226 1482/3505/3227
f 1482/3505/3227 1543/3504/3226 1483/3506/3228
f 1482/3505/3227 1483/3506/3228 1505/3507/3229
f 1505/3507/3229 1483/3506/3228 1504/3508/3230
f 1505/3507/3229 1504/3508/3230 1452/3509/3231
f 1452/3509/3231 1504/3508/3230 1453/3510/3232
f 1452/3509/3231 1453/3510/3232 1422/3511/3233
f 1422/3511/3233 1453/3510/3232 1423/3512/3234
f 1422/3511/3233 1423/3512/3234 1392/3513/3235
f 1392/3513/3235 1423/3512/3234 1393/3514/3236
f 1392/3513/3235 1393/3514/3236 1362/3515/3237
f 1362/3515/3237 1393/3514/3236 1363/3516/3238
f 1362/3515/3237 1363/3516/3238 1332/3517/3239
f 1332/3517/3239 1363/3516/3238 1333/3518/3240
f 1332/3517/3239 1333/3518/3240 1272/3519/3241
f 1272/3519/3241 1333/3518/3240 1273/3520/3242
f 1272/3519/3241 1273/3520/3242 1295/3521/3243
f 1295/3521/3243 1273/3520/3242 1294/3522/3244
f 1295/3521/3243 1294/3522/3244 3906/3523/3245
f 3906/3523/3245 1294/3522/3244 3907/3524/3246
f 3906/3523/3245 3907/3524/3246 3876/3525/3247
f 3876/3525/3247 3907/3524/3246 3877/3526/3248
f 3876/3525/3247 3877/3526/3248 3846/3527/3249
f 3846/3527/3249 3877/3526/3248 3847/3528/3250
f 3846/3527/3249 3847/3528/3250 3816/3529/3251
f 3816/3529/3251 3847/3528/3250 3817/3530/3252
f 3816/3529/3251 3817/3530/3252 3756/3531/3253
f 3756/3531/3253 3817/3530/3252 3757/3532/3254
f 3756/3531/3253 3757/3532/3254 3778/3533/3255
f 3778/3533/3255 3757/3532/3254 3777/3534/3256
f 3778/3533/3255 3777/3534/3256 3729/3535/3257
f 3729/3535/3257 3777/3534/3256 3730/3536/3258
f 3729/3535/3257 3730/3536/3258 3699/3537/3259
f 3699/3537/3259 3730/3536/3258 3700/3538/3260
f 3699/3537/3259 3700/3538/3260 3669/3539/3261
f 3669/3539/3261 3700/3538/3260 3670/3540/3262
f 3669/3539/3261 3670/3540/3262 3639/3541/3263
f 3639/3541/3263 3670/3540/3262 3640/3542/3264
f 3639/3541/3263 3640/3542/3264 3609/3543/3265
f 3609/3543/3265 3640/3542/3264 3610/3544/3266
f 3609/3543/3265 3610/3544/3266 3579/3545/3267
f 3579/3545/3267 3610/3544/3266 3580/3546/3268
f 3579/3545/3267 3580/3546/3268 3549/3547/3269
f 3549/3547/3269 3580/3546/3268 3550/3548/3270
f 3549/3547/3269 3550/3548/3270 3519/3549/3271
f 3519/3549/3271 3550/3548/3270 3520/3550/3272
f 3519/3549/3271 3520/3550/3272 3489/3551/3273
f 3489/3551/3273 3520/3550/3272 3490/3552/3274
f 3489/3551/3273 3490/3552/3274 3459/3553/3275
f 3459/3553/3275 3490/3552/3274 3460/3554/3276
f 3459/3553/3275 3460/3554/3276 3400/3555/3277
f 3400/3555/3277 3460/3554/3276 3401/3556/3278
f 3400/3555/3277 3401/3556/3278 3419/3557/3279
f 3419/3557/3279 3401/3556/3278 3418/3558/3280
f 3419/3557/3279 3418/3558/3280 3370/3559/3281
f 3370/3559/3281 3418/3558/3280 3371/3560/3282
f 3370/3559/3281 3371/3560/3282 3340/3561/3283
f 3340/3561/3283 3371/3560/3282 3341/3562/3284
f 3340/3561/3283 3341/3562/3284 3310/3563/3285
f 3310/3563/3285 3341/3562/3284 3311/3564/3286
f 3310/3563/3285 3311/3564/3286 1238/3565/3287
f 1238/3565/3287 3311/3564/3286 1239/3566/3288
f 1238/3567/3287 1239/3568/3288 3280/3569/3289
f 3280/3569/3289 1239/3568/3288 3281/3570/3290
f 3280/3569/3289 3281/3570/3290 3250/3571/3291
f 3250/3571/3291 3281/3570/3290 3251/3572/3292
f 3250/3571/3291 3251/3572/3292 3220/3573/3293
f 3220/3573/3293 3251/3572/3292 3221/3574/3294
f 3220/3573/3293 3221/3574/3294 3190/3575/3295
f 3190/3575/3295 3221/3574/3294 3191/3576/3296
f 3190/3575/3295 3191/3576/3296 3160/3577/3297
f 3160/3577/3297 3191/3576/3296 3161/3578/3298
f 3160/3577/3297 3161/3578/3298 3130/3579/3299
f 3130/3579/3299 3161/3578/3298 3131/3580/3300
f 3130/3579/3299 3131/3580/3300 3100/3581/3301
f 3100/3581/3301 3131/3580/3300 3101/3582/3302
f 3100/3581/3301 3101/3582/3302 3041/3583/3303
f 3041/3583/3303 3101/3582/3302 3042/3584/3304
f 3041/3583/3303 3042/3584/3304 3060/3585/3305
f 3060/3585/3305 3042/3584/3304 3059/3586/3306
f 3060/3585/3305 3059/3586/3306 3011/3587/3307
f 3011/3587/3307 3059/3586/3306 3012/3588/3308
f 3011/3587/3307 3012/3588/3308 2981/3589/3309
f 2981/3589/3309 3012/3588/3308 2982/3590/3310
f 2981/3589/3309 2982/3590/3310 2951/3591/3311
f 2951/3591/3311 2982/3590/3310 2952/3592/3312
f 2951/3591/3311 2952/3592/3312 2921/3593/3313
f 2921/3593/3313 2952/3592/3312 2922/3594/3314
f 2921/3593/3313 2922/3594/3314 2891/3595/3315
f 2891/3595/3315 2922/3594/3314 2892/3596/3316
f 2891/3595/3315 2892/3596/3316 2861/3597/3317
f 2861/3597/3317 2892/3596/3316 2862/3598/3318
f 2861/3597/3317 2862/3598/3318 2831/3599/3319
f 2831/3599/3319 2862/3598/3318 2832/3600/3320
f 2831/3599/3319 2832/3600/3320 2801/3601/3321
f 2801/3601/3321 2832/3600/3320 2802/3602/3322
f 2801/3601/3321 2802/3602/3322 2771/3603/3323
f 2771/3603/3323 2802/3602/3322 2772/3604/3324
f 2771/3603/3323 2772/3604/3324 2741/3605/3325
f 2741/3605/3325 2772/3604/3324 2742/3606/3326
f 2741/3605/3325 2742/3606/3326 2711/3607/3327
f 2711/3607/3327 2742/3606/3326 2712/3608/3328
f 2711/3607/3327 2712/3608/3328 2651/3609/3329
f 2651/3609/3329 2712/3608/3328 2652/3610/3330
f 2651/3609/3329 2652/3610/3330 2670/3611/3331
f 2670/3611/3331 2652/3610/3330 2669/3612/3332
f 2670/3611/3331 2669/3612/3332 2621/3613/3333
f 2621/3613/3333 2669/3612/3332 2622/3614/3334
f 2621/3613/3333 2622/3614/3334 2592/3615/3335
f 2592/3615/3335 2622/3614/3334 2593/3616/3336
f 2592/3615/3335 2593/3616/3336 2562/3617/3337
f 2562/3617/3337 2593/3616/3336 2563/3618/3338
f 2562/3617/3337 2563/3618/3338 2532/3619/3339
f 2532/3619/3339 2563/3618/3338 2533/3620/3340
f 2532/3619/3339 2533/3620/3340 2502/3621/3341
f 2502/3621/3341 2533/3620/3340 2503/3622/3342
f 2502/3621/3341 2503/3622/3342 2472/3623/3343
f 2472/3623/3343 2503/3622/3342 2473/3624/3344
f 2472/3623/3343 2473/3624/3344 2442/3625/3345
f 2442/3625/3345 2473/3624/3344 2443/3626/3346
f 2442/3625/3345 2443/3626/3346 2412/3627/3347
f 2412/3627/3347 2443/3626/3346 2413/3628/3348
f 2412/3627/3347 2413/3628/3348 2382/3629/3349
f 2382/3629/3349 2413/3628/3348 2383/3630/3350
f 2382/3629/3349 2383/3630/3350 2352/3631/3351
f 2352/3631/3351 2383/3630/3350 2353/3632/3352
f 2352/3631/3351 2353/3632/3352 2322/3633/3353
f 2322/3633/3353 2353/3632/3352 2323/3634/3354
f 2322/3633/3353 2323/3634/3354 2262/3635/3355
f 2262/3635/3355 2323/3634/3354 2263/3636/3356
f 2262/3635/3355 2263/3636/3356 2281/3637/3357
f 2281/3637/3357 2263/3636/3356 2280/3638/3358
f 2281/3637/3357 2280/3638/3358 2232/3639/3359
f 2232/3639/3359 2280/3638/3358 2233/3640/3360
f 2232/3639/3359 2233/3640/3360 2203/3641/3361
f 2203/3641/3361 2233/3640/3360 2204/3642/3362
f 2203/3641/3361 2204/3642/3362 2173/3643/3363
f 2173/3643/3363 2204/3642/3362 2174/3644/3364
f 2173/3643/3363 2174/3644/3364 2143/3645/3365
f 2143/3645/3365 2174/3644/3364 2144/3646/3366
f 2143/3645/3365 2144/3646/3366 2113/3647/3367
f 2113/3647/3367 2144/3646/3366 2114/3648/3368
f 2113/3647/3367 2114/3648/3368 2083/3649/3369
f 2083/3649/3369 2114/3648/3368 2084/3650/3370
f 2083/3649/3369 2084/3650/3370 2053/3651/3371
f 2053/3651/3371 2084/3650/3370 2054/3652/3372
f 2053/3651/3371 2054/3652/3372 2023/3653/3373
f 2023/3653/3373 2054/3652/3372 2024/3654/3374
f 2023/3653/3373 2024/3654/3374 1993/3655/3375
f 1993/3655/3375 2024/3654/3374 1994/3656/3376
f 1993/3655/3375 1994/3656/3376 1963/3657/3377
f 1963/3657/3377 1994/3656/3376 1964/3658/3378
f 1963/3657/3377 1964/3658/3378 1933/3659/3379
f 1933/3659/3379 1964/3658/3378 1934/3660/3380
f 1933/3659/3379 1934/3660/3380 1873/3661/3381
f 1873/3661/3381 1934/3660/3380 1874/3662/3382
f 1873/3661/3381 1874/3662/3382 1892/3663/3383
f 1892/3663/3383 1874/3662/3382 1891/3664/3384
f 1892/3663/3383 1891/3664/3384 1843/3665/3385
f 1843/3665/3385 1891/3664/3384 1844/3666/3386
f 1843/3665/3385 1844/3666/3386 1814/3667/3387
f 1814/3667/3387 1844/3666/3386 1815/3668/3388
f 1814/3667/3387 1815/3668/3388 1784/3669/3389
f 1784/3669/3389 1815/3668/3388 1785/3670/3390
f 1784/3669/3389 1785/3670/3390 1754/3671/3391
f 1754/3671/3391 1785/3670/3390 1755/3672/3392
f 1754/3671/3391 1755/3672/3392 1724/3673/3393
f 1724/3673/3393 1755/3672/3392 1725/3674/3394
f 1724/3673/3393 1725/3674/3394 1694/3675/3395
f 1694/3675/3395 1725/3674/3394 1695/3676/3396
f 1694/3675/3395 1695/3676/3396 1664/3677/3397
f 1664/3677/3397 1695/3676/3396 1665/3678/3398
f 1664/3677/3397 1665/3678/3398 1634/3679/3399
f 1634/3679/3399 1665/3678/3398 1635/3680/3400
f 1634/3679/3399 1635/3680/3400 1604/3681/3401
f 1604/3681/3401 1635/3680/3400 1605/3682/3402
f 1604/3681/3401 1605/3682/3402 1574/3683/3403
f 1574/3683/3403 1605/3682/3402 1575/3684/3404
f 1574/3683/3403 1575/3684/3404 1544/3685/3405
f 1544/3685/3405 1575/3684/3404 1545/3686/3406
f 1544/3685/3405 1545/3686/3406 1484/3687/3407
f 1484/3687/3407 1545/3686/3406 1485/3688/3408
f 1484/3687/3407 1485/3688/3408 1503/3689/3409
f 1503/3689/3409 1485/3688/3408 1502/3690/3410
f 1503/3689/3409 1502/3690/3410 1454/3691/3411
f 1454/3691/3411 1502/3690/3410 1455/3692/3412
f 1454/3691/3411 1455/3692/3412 1424/3693/3413
f 1424/3693/3413 1455/3692/3412 1425/3694/3414
f 1424/3693/3413 1425/3694/3414 1394/3695/3415
f 1394/3695/3415 1425/3694/3414 1395/3696/3416
f 1394/3695/3415 1395/3696/3416 1364/3697/3417
f 1364/3697/3417 1395/3696/3416 1365/3698/3418
f 1364/3697/3417 1365/3698/3418 1334/3699/3419
f 1334/3699/3419 1365/3698/3418 1335/3700/3420
f 1334/3699/3419 1335/3700/3420 1274/3701/3421
f 1274/3701/3421 1335/3700/3420 1275/3702/3422
f 1274/3701/3421 1275/3702/3422 1293/3703/3423
f 1293/3703/3423 1275/3702/3422 1292/3704/3424
f 1293/3703/3423 1292/3704/3424 3908/3705/3425
f 3908/3705/3425 1292/3704/3424 3909/3706/3426
f 3908/3705/3425 3909/3706/3426 3878/3707/3427
f 3878/3707/3427 3909/3706/3426 3879/3708/3428
f 3878/3707/3427 3879/3708/3428 3848/3709/3429
f 3848/3709/3429 3879/3708/3428 3849/3710/3430
f 3848/3709/3429 3849/3710/3430 3818/3711/3431
f 3818/3711/3431 3849/3710/3430 3819/3712/3432
f 3818/3711/3431 3819/3712/3432 3758/3713/3433
f 3758/3713/3433 3819/3712/3432 3759/3714/3434
f 3758/3713/3433 3759/3714/3434 3776/3715/3435
f 3776/3715/3435 3759/3714/3434 3775/3716/3436
f 3776/3715/3435 3775/3716/3436 3731/3717/3437
f 3731/3717/3437 3775/3716/3436 3732/3718/3438
f 3731/3717/3437 3732/3718/3438 3701/3719/3439
f 3701/3719/3439 3732/3718/3438 3702/3720/3440
f 3701/3719/3439 3702/3720/3440 3671/3721/3441
f 3671/3721/3441 3702/3720/3440 3672/3722/3442
f 3671/3721/3441 3672/3722/3442 3641/3723/3443
f 3641/3723/3443 3672/3722/3442 3642/3724/3444
f 3641/3723/3443 3642/3724/3444 3611/3725/3445
f 3611/3725/3445 3642/3724/3444 3612/3726/3446
f 3611/3725/3445 3612/3726/3446 3581/3727/3447
f 3581/3727/3447 3612/3726/3446 3582/3728/3448
f 3581/3727/3447 3582/3728/3448 3551/3729/3449
f 3551/3729/3449 3582/3728/3448 3552/3730/3450
f 3551/3729/3449 3552/3730/3450 3521/3731/3451
f 3521/3731/3451 3552/3730/3450 3522/3732/3452
f 3521/3731/3451 3522/3732/3452 3491/3733/3453
f 3491/3733/3453 3522/3732/3452 3492/3734/3454
f 3491/3733/3453 3492/3734/3454 3461/3735/3455
f 3461/3735/3455 3492/3734/3454 3462/3736/3456
f 3461/3735/3455 3462/3736/3456 3402/3737/3457
f 3402/3737/3457 3462/3736/3456 3403/3738/3458
f 3402/3737/3457 3403/3738/3458 3417/3739/3459
f 3417/3739/3459 3403/3738/3458 3416/3740/3460
f 3417/3739/3459 3416/3740/3460 3372/3741/3461
f 3372/3741/3461 3416/3740/3460 3373/3742/3462
f 3372/3741/3461 3373/3742/3462 3342/3743/3463
f 3342/3743/3463 3373/3742/3462 3343/3744/3464
f 3342/3743/3463 3343/3744/3464 3312/3745/3465
f 3312/3745/3465 3343/3744/3464 3313/3746/3466
f 3312/3745/3465 3313/3746/3466 1240/3747/3467
f 1240/3747/3467 3313/3746/3466 1241/3748/3468
f 1240/3749/3467 1241/3750/3468 3282/3751/3469
f 3282/3751/3469 1241/3750/3468 3283/3752/3470
f 3282/3751/3469 3283/3752/3470 3252/3753/3471
f 3252/3753/3471 3283/3752/3470 3253/3754/3472
f 3252/3753/3471 3253/3754/3472 3222/3755/3473
f 3222/3755/3473 3253/3754/3472 3223/3756/3474
f 3222/3755/3473 3223/3756/3474 3192/3757/3475
f 3192/3757/3475 3223/3756/3474 3193/3758/3476
f 3192/3757/3475 3193/3758/3476 3162/3759/3477
f 3162/3759/3477 3193/3758/3476 3163/3760/3478
f 3162/3759/3477 3163/3760/3478 3132/3761/3479
f 3132/3761/3479 3163/3760/3478 3133/3762/3480
f 3132/3761/3479 3133/3762/3480 3102/3763/3481
f 3102/3763/3481 3133/3762/3480 3103/3764/3482
f 3102/3763/3481 3103/3764/3482 3043/3765/3483
f 3043/3765/3483 3103/3764/3482 3044/3766/3484
f 3043/3765/3483 3044/3766/3484 3058/3767/3485
f 3058/3767/3485 3044/3766/3484 3057/3768/3486
f 3058/3767/3485 3057/3768/3486 3013/3769/3487
f 3013/3769/3487 3057/3768/3486 3014/3770/3488
f 3013/3769/3487 3014/3770/3488 2983/3771/3489
f 2983/3771/3489 3014/3770/3488 2984/3772/3490
f 2983/3771/3489 2984/3772/3490 2953/3773/3491
f 2953/3773/3491 2984/3772/3490 2954/3774/3492
f 2953/3773/3491 2954/3774/3492 2923/3775/3493
f 2923/3775/3493 2954/3774/3492 2924/3776/3494
f 2923/3775/3493 2924/3776/3494 2893/3777/3495
f 2893/3777/3495 2924/3776/3494 2894/3778/3496
f 2893/3777/3495 2894/3778/3496 2863/3779/3497
f 2863/3779/3497 2894/3778/3496 2864/3780/3498
f 2863/3779/3497 2864/3780/3498 2833/3781/3499
f 2833/3781/3499 2864/3780/3498 2834/3782/3500
f 2833/3781/3499 2834/3782/3500 2803/3783/3501
f 2803/3783/3501 2834/3782/3500 2804/3784/3502
f 2803/3783/3501 2804/3784/3502 2773/3785/3503
f 2773/3785/3503 2804/3784/3502 2774/3786/3504
f 2773/3785/3503 2774/3786/3504 2743/3787/3505
f 2743/3787/3505 2774/3786/3504 2744/3788/3506
f 2743/3787/3505 2744/3788/3506 2713/3789/3507
f 2713/3789/3507 2744/3788/3506 2714/3790/3508
f 2713/3789/3507 2714/3790/3508 2653/3791/3509
f 2653/3791/3509 2714/3790/3508 2654/3792/3510
f 2653/3791/3509 2654/3792/3510 2668/3793/3511
f 2668/3793/3511 2654/3792/3510 2667/3794/3512
f 2668/3793/3511 2667/3794/3512 2623/3795/3513
f 2623/3795/3513 2667/3794/3512 2624/3796/3514
f 2623/3795/3513 2624/3796/3514 2594/3797/3515
f 2594/3797/3515 2624/3796/3514 2595/3798/3516
f 2594/3797/3515 2595/3798/3516 2564/3799/3517
f 2564/3799/3517 2595/3798/3516 2565/3800/3518
f 2564/3799/3517 2565/3800/3518 2534/3801/3519
f 2534/3801/3519 2565/3800/3518 2535/3802/3520
f 2534/3801/3519 2535/3802/3520 2504/3803/3521
f 2504/3803/3521 2535/3802/3520 2505/3804/3522
f 2504/3803/3521 2505/3804/3522 2474/3805/3523
f 2474/3805/3523 2505/3804/3522 2475/3806/3524
f 2474/3805/3523 2475/3806/3524 2444/3807/3525
f 2444/3807/3525 2475/3806/3524 2445/3808/3526
f 2444/3807/3525 2445/3808/3526 2414/3809/3527
f 2414/3809/3527 2445/3808/3526 2415/3810/3528
f 2414/3809/3527 2415/3810/3528 2384/3811/3529
f 2384/3811/3529 2415/3810/3528 2385/3812/3530
f 2384/3811/3529 2385/3812/3530 2354/3813/3531
f 2354/3813/3531 2385/3812/3530 2355/3814/3532
f 2354/3813/3531 2355/3814/3532 2324/3815/3533
f 2324/3815/3533 2355/3814/3532 2325/3816/3534
f 2324/3815/3533 2325/3816/3534 2264/3817/3535
f 2264/3817/3535 2325/3816/3534 2265/3818/3536
f 2264/3817/3535 2265/3818/3536 2279/3819/3537
f 2279/3819/3537 2265/3818/3536 2278/3820/3538
f 2279/3819/3537 2278/3820/3538 2234/3821/3539
f 2234/3821/3539 2278/3820/3538 2235/3822/3540
f 2234/3821/3539 2235/3822/3540 2205/3823/3541
f 2205/3823/3541 2235/3822/3540 2206/3824/3542
f 2205/3823/3541 2206/3824/3542 2175/3825/3543
f 2175/3825/3543 2206/3824/3542 2176/3826/3544
f 2175/3825/3543 2176/3826/3544 2145/3827/3545
f 2145/3827/3545 2176/3826/3544 2146/3828/3546
f 2145/3827/3545 2146/3828/3546 2115/3829/3547
f 2115/3829/3547 2146/3828/3546 2116/3830/3548
f 2115/3829/3547 2116/3830/3548 2085/3831/3549
f 2085/3831/3549 2116/3830/3548 2086/3832/3550
f 2085/3831/3549 2086/3832/3550 2055/3833/3551
f 2055/3833/3551 2086/3832/3550 2056/3834/3552
f 2055/3833/3551 2056/3834/3552 2025/3835/3553
f 2025/3835/3553 2056/3834/3552 2026/3836/3554
f 2025/3835/3553 2026/3836/3554 1995/3837/3555
f 1995/3837/3555 2026/3836/3554 1996/3838/3556
f 1995/3837/3555 1996/3838/3556 1965/3839/3557
f 1965/3839/3557 1996/3838/3556 1966/3840/3558
f 1965/3839/3557 1966/3840/3558 1935/3841/3559
f 1935/3841/3559 1966/3840/3558 1936/3842/3560
f 1935/3841/3559 1936/3842/3560 1875/3843/3561
f 1875/3843/3561 1936/3842/3560 1876/3844/3562
f 1875/3843/3561 1876/3844/3562 1890/3845/3563
f 1890/3845/3563 1876/3844/3562 1889/3846/3564
f 1890/3845/3563 1889/3846/3564 1845/3847/3565
f 1845/3847/3565 1889/3846/3564 1846/3848/3566
f 1845/3847/3565 1846/3848/3566 1816/3849/3567
f 1816/3849/3567 1846/3848/3566 1817/3850/3568
f 1816/3849/3567 1817/3850/3568 1786/3851/3569
f 1786/3851/3569 1817/3850/3568 1787/3852/3570
f 1786/3851/3569 1787/3852/3570 1756/3853/3571
f 1756/3853/3571 1787/3852/3570 1757/3854/3572
f 1756/3853/3571 1757/3854/3572 1726/3855/3573
f 1726/3855/3573 1757/3854/3572 1727/3856/3574
f 1726/3855/3573 1727/3856/3574 1696/3857/3575
f 1696/3857/3575 1727/3856/3574 1697/3858/3576
f 1696/3857/3575 1697/3858/3576 1666/3859/3577
f 1666/3859/3577 1697/3858/3576 1667/3860/3578
f 1666/3859/3577 1667/3860/3578 1636/3861/3579
f 1636/3861/3579 1667/3860/3578 1637/3862/3580
f 1636/3861/3579 1637/3862/3580 1606/3863/3581
f 1606/3863/3581 1637/3862/3580 1607/3864/3582
f 1606/3863/3581 1607/3864/3582 1576/3865/3583
f 1576/3865/3583 1607/3864/3582 1577/3866/3584
f 1576/3865/3583 1577/3866/3584 1546/3867/3585
f 1546/3867/3585 1577/3866/3584 1547/3868/3586
f 1546/3867/3585 1547/3868/3586 1486/3869/3587
f 1486/3869/3587 1547/3868/3586 1487/3870/3588
f 1486/3869/3587 1487/3870/3588 1501/3871/3589
f 1501/3871/3589 1487/3870/3588 1500/3872/3590
f 1501/3871/3589 1500/3872/3590 1456/3873/3591
f 1456/3873/3591 1500/3872/3590 1457/3874/3592
f 1456/3873/3591 1457/3874/3592 1426/3875/3593
f 1426/3875/3593 1457/3874/3592 1427/3876/3594
f 1426/3875/3593 1427/3876/3594 1396/3877/3595
f 1396/3877/3595 1427/3876/3594 1397/3878/3596
f 1396/3877/3595 1397/3878/3596 1366/3879/3597
f 1366/3879/3597 1397/3878/3596 1367/3880/3598
f 1366/3879/3597 1367/3880/3598 1336/3881/3599
f 1336/3881/3599 1367/3880/3598 1337/3882/3600
f 1336/3881/3599 1337/3882/3600 1276/3883/3601
f 1276/3883/3601 1337/3882/3600 1277/3884/3602
f 1276/3883/3601 1277/3884/3602 1291/3885/3603
f 1291/3885/3603 1277/3884/3602 1290/3886/3604
f 1291/3885/3603 1290/3886/3604 3910/3887/3605
f 3910/3887/3605 1290/3886/3604 3911/3888/3606
f 3910/3887/3605 3911/3888/3606 3880/3889/3607
f 3880/3889/3607 3911/3888/3606 3881/3890/3608
f 3880/3889/3607 3881/3890/3608 3850/3891/3609
f 3850/3891/3609 3881/3890/3608 3851/3892/3610
f 3850/3891/3609 3851/3892/3610 3820/3893/3611
f 3820/3893/3611 3851/3892/3610 3821/3894/3612
f 3820/3893/3611 3821/3894/3612 3760/3895/3613
f 3760/3895/3613 3821/3894/3612 3761/3896/3614
f 3760/3895/3613 3761/3896/3614 3774/3897/3615
f 3774/3897/3615 3761/3896/3614 3773/3898/3616
f 3774/3897/3615 3773/3898/3616 3733/3899/3617
f 3733/3899/3617 3773/3898/3616 3734/3900/3618
f 3733/3899/3617 3734/3900/3618 3703/3901/3619
f 3703/3901/3619 3734/3900/3618 3704/3902/3620
f 3703/3901/3619 3704/3902/3620 3673/3903/3621
f 3673/3903/3621 3704/3902/3620 3674/3904/3622
f 3673/3903/3621 3674/3904/3622 3643/3905/3623
f 3643/3905/3623 3674/3904/3622 3644/3906/3624
f 3643/3905/3623 3644/3906/3624 3613/3907/3625
f 3613/3907/3625 3644/3906/3624 3614/3908/3626
f 3613/3907/3625 3614/3908/3626 3583/3909/3627
f 3583/3909/3627 3614/3908/3626 3584/3910/3628
f 3583/3909/3627 3584/3910/3628 3553/3911/3629
f 3553/3911/3629 3584/3910/3628 3554/3912/3630
f 3553/3911/3629 3554/3912/3630 3523/3913/3631
f 3523/3913/3631 3554/3912/3630 3524/3914/3632
f 3523/3913/3631 3524/3914/3632 3493/3915/3633
f 3493/3915/3633 3524/3914/3632 3494/3916/3634
f 3493/3915/3633 3494/3916/3634 3463/3917/3635
f 3463/3917/3635 3494/3916/3634 3464/3918/3636
f 3463/3917/3635 3464/3918/3636 3404/3919/3637
f 3404/3919/3637 3464/3918/3636 3405/3920/3638
f 3404/3919/3637 3405/3920/3638 3415/3921/3639
f 3415/3921/3639 3405/3920/3638 3414/3922/3640
f 3415/3921/3639 3414/3922/3640 3374/3923/3641
f 3374/3923/3641 3414/3922/3640 3375/3924/3642
f 3374/3923/3641 3375/3924/3642 3344/3925/3643
f 3344/3925/3643 3375/3924/3642 3345/3926/3644
f 3344/3925/3643 3345/3926/3644 3314/3927/3645
f 3314/3927/3645 3345/3926/3644 3315/3928/3646
f 3314/3927/3645 3315/3928/3646 1242/3929/3647
f 1242/3929/3647 3315/3928/3646 1243/3930/3648
f 1242/3931/3647 1243/3932/3648 3284/3933/3649
f 3284/3933/3649 1243/3932/3648 3285/3934/3650
f 3284/3933/3649 3285/3934/3650 3254/3935/3651
f 3254/3935/3651 3285/3934/3650 3255/3936/3652
f 3254/3935/3651 3255/3936/3652 3224/3937/3653
f 3224/3937/3653 3255/3936/3652 3225/3938/3654
f 3224/3937/3653 3225/3938/3654 3194/3939/3655
f 3194/3939/3655 3225/3938/3654 3195/3940/3656
f 3194/3939/3655 3195/3940/3656 3164/3941/3657
f 3164/3941/3657 3195/3940/3656 3165/3942/3658
f 3164/3941/3657 3165/3942/3658 3134/3943/3659
f 3134/3943/3659 3165/3942/3658 3135/3944/3660
f 3134/3943/3659 3135/3944/3660 3104/3945/3661
f 3104/3945/3661 3135/3944/3660 3105/3946/3662
f 3104/3945/3661 3105/3946/3662 3045/3947/3663
f 3045/3947/3663 3105/3946/3662 3046/3948/3664
f 3045/3947/3663 3046/3948/3664 3056/3949/3665
f 3056/3949/3665 3046/3948/3664 3055/3950/3666
f 3056/3949/3665 3055/3950/3666 3015/3951/3667
f 3015/3951/3667 3055/3950/3666 3016/3952/3668
f 3015/3951/3667 3016/3952/3668 2985/3953/3669
f 2985/3953/3669 3016/3952/3668 2986/3954/3670
f 2985/3953/3669 2986/3954/3670 2955/3955/3671
f 2955/3955/3671 2986/3954/3670 2956/3956/3672
f 2955/3955/3671 2956/3956/3672 2925/3957/3673
f 2925/3957/3673 2956/3956/3672 2926/3958/3674
f 2925/3957/3673 2926/3958/3674 2895/3959/3675
f 2895/3959/3675 2926/3958/3674 2896/3960/3676
f 2895/3959/3675 2896/3960/3676 2865/3961/3677
f 2865/3961/3677 2896/3960/3676 2866/3962/3678
f 2865/3961/3677 2866/3962/3678 2835/3963/3679
f 2835/3963/3679 2866/3962/3678 2836/3964/3680
f 2835/3963/3679 2836/3964/3680 2805/3965/3681
f 2805/3965/3681 2836/3964/3680 2806/3966/3682
f 2805/3965/3681 2806/3966/3682 2775/3967/3683
f 2775/3967/3683 2806/3966/3682 2776/3968/3684
f 2775/3967/3683 2776/3968/3684 2745/3969/3685
f 2745/3969/3685 2776/3968/3684 2746/3970/3686
f 2745/3969/3685 2746/3970/3686 2715/3971/3687
f 2715/3971/3687 2746/3970/3686 2716/3972/3688
f 2715/3971/3687 2716/3972/3688 2655/3973/3689
f 2655/3973/3689 2716/3972/3688 2656/3974/3690
f 2655/3973/3689 2656/3974/3690 2666/3975/3691
f 2666/3975/3691 2656/3974/3690 2665/3976/3692
f 2666/3975/3691 2665/3976/3692 2625/3977/3693
f 2625/3977/3693 2665/3976/3692 2626/3978/3694
f 2625/3977/3693 2626/3978/3694 2596/3979/3695
f 2596/3979/3695 2626/3978/3694 2597/3980/3696
f 2596/3979/3695 2597/3980/3696 2566/3981/3697
f 2566/3981/3697 2597/3980/3696 2567/3982/3698
f 2566/3981/3697 2567/3982/3698 2536/3983/3699
f 2536/3983/3699 2567/3982/3698 2537/3984/3700
f 2536/3983/3699 2537/3984/3700 2506/3985/3701
f 2506/3985/3701 2537/3984/3700 2507/3986/3702
f 2506/3985/3701 2507/3986/3702 2476/3987/3703
f 2476/3987/3703 2507/3986/3702 2477/3988/3704
f 2476/3987/3703 2477/3988/3704 2446/3989/3705
f 2446/3989/3705 2477/3988/3704 2447/3990/3706
f 2446/3989/3705 2447/3990/3706 2416/3991/3707
f 2416/3991/3707 2447/3990/3706 2417/3992/3708
f 2416/3991/3707 2417/3992/3708 2386/3993/3709
f 2386/3993/3709 2417/3992/3708 2387/3994/3710
f 2386/3993/3709 2387/3994/3710 2356/3995/3711
f 2356/3995/3711 2387/3994/3710 2357/3996/3712
f 2356/3995/3711 2357/3996/3712 2326/3997/3713
f 2326/3997/3713 2357/3996/3712 2327/3998/3714
f 2326/3997/3713 2327/3998/3714 2266/3999/3715
f 2266/3999/3715 2327/3998/3714 2267/4000/3716
f 2266/3999/3715 2267/4000/3716 2277/4001/3717
f 2277/4001/3717 2267/4000/3716 2276/4002/3718
f 2277/4001/3717 2276/4002/3718 2236/4003/3719
f 2236/4003/3719 2276/4002/3718 2237/4004/3720
f 2236/4003/3719 2237/4004/3720 2207/4005/3721
f 2207/4005/3721 2237/4004/3720 2208/4006/3722
f 2207/4005/3721 2208/4006/3722 2177/4007/3723
f 2177/4007/3723 2208/4006/3722 2178/4008/3724
f 2177/4007/3723 2178/4008/3724 2147/4009/3725
f 2147/4009/3725 2178/4008/3724 2148/4010/3726
f 2147/4009/3725 2148/4010/3726 2117/4011/3727
f 2117/4011/3727 2148/4010/3726 2118/4012/3728
f 2117/4011/3727 2118/4012/3728 2087/4013/3729
f 2087/4013/3729 2118/4012/3728 2088/4014/3730
f 2087/4013/3729 2088/4014/3730 2057/4015/3731
f 2057/4015/3731 2088/4014/3730 2058/4016/3732
f 2057/4015/3731 2058/4016/3732 2027/4017/3733
f 2027/4017/3733 2058/4016/3732 2028/4018/3734
f 2027/4017/3733 2028/4018/3734 1997/4019/3735
f 1997/4019/3735 2028/4018/3734 1998/4020/3736
f 1997/4019/3735 1998/4020/3736 1967/4021/3737
f 1967/4021/3737 1998/4020/3736 1968/4022/3738
f 1967/4021/3737 1968/4022/3738 1937/4023/3739
f 1937/4023/3739 1968/4022/3738 1938/4024/3740
f 1937/4023/3739 1938/4024/3740 1877/4025/3741
f 1877/4025/3741 1938/4024/3740 1878/4026/3742
f 1877/4025/3741 1878/4026/3742 1888/4027/3743
f 1888/4027/3743 1878/4026/3742 1887/4028/3744
f 1888/4027/3743 1887/4028/3744 1847/4029/3745
f 1847/4029/3745 1887/4028/3744 1848/4030/3746
f 1847/4029/3745 1848/4030/3746 1818/4031/3747
f 1818/4031/3747 1848/4030/3746 1819/4032/3748
f 1818/4031/3747 1819/4032/3748 1788/4033/3749
f 1788/4033/3749 1819/4032/3748 1789/4034/3750
f 1788/4033/3749 1789/4034/3750 1758/4035/3751
f 1758/4035/3751 1789/4034/3750 1759/4036/3752
f 1758/4035/3751 1759/4036/3752 1728/4037/3753
f 1728/4037/3753 1759/4036/3752 1729/4038/3754
f 1728/4037/3753 1729/4038/3754 1698/4039/3755
f 1698/4039/3755 1729/4038/3754 1699/4040/3756
f 1698/4039/3755 1699/4040/3756 1668/4041/3757
f 1668/4041/3757 1699/4040/3756 1669/4042/3758
f 1668/4041/3757 1669/4042/3758 1638/4043/3759
f 1638/4043/3759 1669/4042/3758 1639/4044/3760
f 1638/4043/3759 1639/4044/3760 1608/4045/3761
f 1608/4045/3761 1639/4044/3760 1609/4046/3762
f 1608/4045/3761 1609/4046/3762 1578/4047/3763
f 1578/4047/3763 1609/4046/3762 1579/4048/3764
f 1578/4047/3763 1579/4048/3764 1548/4049/3765
f 1548/4049/3765 1579/4048/3764 1549/4050/3766
f 1548/4049/3765 1549/4050/3766 1488/4051/3767
f 1488/4051/3767 1549/4050/3766 1489/4052/3768
f 1488/4051/3767 1489/4052/3768 1499/4053/3769
f 1499/4053/3769 1489/4052/3768 1498/4054/3770
f 1499/4053/3769 1498/4054/3770 1458/4055/3771
f 1458/4055/3771 1498/4054/3770 1459/4056/3772
f 1458/4055/3771 1459/4056/3772 1428/4057/3773
f 1428/4057/3773 1459/4056/3772 1429/4058/3774
f 1428/4057/3773 1429/4058/3774 1398/4059/3775
f 1398/4059/3775 1429/4058/3774 1399/4060/3776
f 1398/4059/3775 1399/4060/3776 1368/4061/3777
f 1368/4061/3777 1399/4060/3776 1369/4062/3778
f 1368/4061/3777 1369/4062/3778 1338/4063/3779
f 1338/4063/3779 1369/4062/3778 1339/4064/3780
f 1338/4063/3779 1339/4064/3780 1278/4065/3781
f 1278/4065/3781 1339/4064/3780 1279/4066/3782
f 1278/4065/3781 1279/4066/3782 1289/4067/3783
f 1289/4067/3783 1279/4066/3782 1288/4068/3784
f 1289/4067/3783 1288/4068/3784 3912/4069/3785
f 3912/4069/3785 1288/4068/3784 3913/4070/3786
f 3912/4069/3785 3913/4070/3786 3882/4071/3787
f 3882/4071/3787 3913/4070/3786 3883/4072/3788
f 3882/4071/3787 3883/4072/3788 3852/4073/3789
f 3852/4073/3789 3883/4072/3788 3853/4074/3790
f 3852/4073/3789 3853/4074/3790 3822/4075/3791
f 3822/4075/3791 3853/4074/3790 3823/4076/3792
f 3822/4075/3791 3823/4076/3792 3762/4077/3793
f 3762/4077/3793 3823/4076/3792 3763/4078/3794
f 3762/4077/3793 3763/4078/3794 3772/4079/3795
f 3772/4079/3795 3763/4078/3794 3771/4080/3796
f 3772/4079/3795 3771/4080/3796 3735/4081/3797
f 3735/4081/3797 3771/4080/3796 3736/4082/3798
f 3735/4081/3797 3736/4082/3798 3705/4083/3799
f 3705/4083/3799 3736/4082/3798 3706/4084/3800
f 3705/4083/3799 3706/4084/3800 3675/4085/3801
f 3675/4085/3801 3706/4084/3800 3676/4086/3802
f 3675/4085/3801 3676/4086/3802 3645/4087/3803
f 3645/4087/3803 3676/4086/3802 3646/4088/3804
f 3645/4087/3803 3646/4088/3804 3615/4089/3805
f 3615/4089/3805 3646/4088/3804 3616/4090/3806
f 3615/4089/3805 3616/4090/3806 3585/4091/3807
f 3585/4091/3807 3616/4090/3806 3586/4092/3808
f 3585/4091/3807 3586/4092/3808 3555/4093/3809
f 3555/4093/3809 3586/4092/3808 3556/4094/3810
f 3555/4093/3809 3556/4094/3810 3525/4095/3811
f 3525/4095/3811 3556/4094/3810 3526/4096/3812
f 3525/4095/3811 3526/4096/3812 3495/4097/3813
f 3495/4097/3813 3526/4096/3812 3496/4098/3814
f 3495/4097/3813 3496/4098/3814 3465/4099/3815
f 3465/4099/3815 3496/4098/3814 3466/4100/3816
f 3465/4099/3815 3466/4100/3816 3406/4101/3817
f 3406/4101/3817 3466/4100/3816 3407/4102/3818
f 3406/4101/3817 3407/4102/3818 3413/4103/3819
f 3413/4103/3819 3407/4102/3818 3412/4104/3820
f 3413/4103/3819 3412/4104/3820 3376/4105/3821
f 3376/4105/3821 3412/4104/3820 3377/4106/3822
f 3376/4105/3821 3377/4106/3822 3346/4107/3823
f 3346/4107/3823 3377/4106/3822 3347/4108/3824
f 3346/4107/3823 3347/4108/3824 3316/4109/3825
f 3316/4109/3825 3347/4108/3824 3317/4110/3826
f 3316/4109/3825 3317/4110/3826 1244/4111/3827
f 1244/4111/3827 3317/4110/3826 1245/4112/3828
f 1244/4113/3827 1245/4114/3828 3286/4115/3829
f 3286/4115/3829 1245/4114/3828 3287/4116/3830
f 3286/4115/3829 3287/4116/3830 3256/4117/3831
f 3256/4117/3831 3287/4116/3830 3257/4118/3832
f 3256/4117/3831 3257/4118/3832 3226/4119/3833
f 3226/4119/3833 3257/4118/3832 3227/4120/3834
f 3226/4119/3833 3227/4120/3834 3196/4121/3835
f 3196/4121/3835 3227/4120/3834 3197/4122/3836
f 3196/4121/3835 3197/4122/3836 3166/4123/3837
f 3166/4123/3837 3197/4122/3836 3167/4124/3838
f 3166/4123/3837 3167/4124/3838 3136/4125/3839
f 3136/4125/3839 3167/4124/3838 3137/4126/3840
f 3136/4125/3839 3137/4126/3840 3106/4127/3841
f 3106/4127/3841 3137/4126/3840 3107/4128/3842
f 3106/4127/3841 3107/4128/3842 3047/4129/3843
f 3047/4129/3843 3107/4128/3842 3048/4130/3844
f 3047/4129/3843 3048/4130/3844 3054/4131/3845
f 3054/4131/3845 3048/4130/3844 3053/4132/3846
f 3054/4131/3845 3053/4132/3846 3017/4133/3847
f 3017/4133/3847 3053/4132/3846 3018/4134/3848
f 3017/4133/3847 3018/4134/3848 2987/4135/3849
f 2987/4135/3849 3018/4134/3848 2988/4136/3850
f 2987/4135/3849 2988/4136/3850 2957/4137/3851
f 2957/4137/3851 2988/4136/3850 2958/4138/3852
f 2957/4137/3851 2958/4138/3852 2927/4139/3853
f 2927/4139/3853 2958/4138/3852 2928/4140/3854
f 2927/4139/3853 2928/4140/3854 2897/4141/3855
f 2897/4141/3855 2928/4140/3854 2898/4142/3856
f 2897/4141/3855 2898/4142/3856 2867/4143/3857
f 2867/4143/3857 2898/4142/3856 2868/4144/3858
f 2867/4143/3857 2868/4144/3858 2837/4145/3859
f 2837/4145/3859 2868/4144/3858 2838/4146/3860
f 2837/4145/3859 2838/4146/3860 2807/4147/3861
f 2807/4147/3861 2838/4146/3860 2808/4148/3862
f 2807/4147/3861 2808/4148/3862 2777/4149/3863
f 2777/4149/3863 2808/4148/3862 2778/4150/3864
f 2777/4149/3863 2778/4150/3864 2747/4151/3865
f 2747/4151/3865 2778/4150/3864 2748/4152/3866
f 2747/4151/3865 2748/4152/3866 2717/4153/3867
f 2717/4153/3867 2748/4152/3866 2718/4154/3868
f 2717/4153/3867 2718/4154/3868 2657/4155/3869
f 2657/4155/3869 2718/4154/3868 2658/4156/3870
f 2657/4155/3869 2658/4156/3870 2664/4157/3871
f 2664/4157/3871 2658/4156/3870 2663/4158/3872
f 2664/4157/3871 2663/4158/3872 2627/4159/3873
f 2627/4159/3873 2663/4158/3872 2628/4160/3874
f 2627/4159/3873 2628/4160/3874 2598/4161/3875
f 2598/4161/3875 2628/4160/3874 2599/4162/3876
f 2598/4161/3875 2599/4162/3876 2568/4163/3877
f 2568/4163/3877 2599/4162/3876 2569/4164/3878
f 2568/4163/3877 2569/4164/3878 2538/4165/3879
f 2538/4165/3879 2569/4164/3878 2539/4166/3880
f 2538/4165/3879 2539/4166/3880 2508/4167/3881
f 2508/4167/3881 2539/4166/3880 2509/4168/3882
f 2508/4167/3881 2509/4168/3882 2478/4169/3883
f 2478/4169/3883 2509/4168/3882 2479/4170/3884
f 2478/4169/3883 2479/4170/3884 2448/4171/3885
f 2448/4171/3885 2479/4170/3884 2449/4172/3886
f 2448/4171/3885 2449/4172/3886 2418/4173/3887
f 2418/4173/3887 2449/4172/3886 2419/4174/3888
f 2418/4173/3887 2419/4174/3888 2388/4175/3889
f 2388/4175/3889 2419/4174/3888 2389/4176/3890
f 2388/4175/3889 2389/4176/3890 2358/4177/3891
f 2358/4177/3891 2389/4176/3890 2359/4178/3892
f 2358/4177/3891 2359/4178/3892 2328/4179/3893
f 2328/4179/3893 2359/4178/3892 2329/4180/3894
f 2328/4179/3893 2329/4180/3894 2268/4181/3895
f 2268/4181/3895 2329/4180/3894 2269/4182/3896
f 2268/4181/3895 2269/4182/3896 2275/4183/3897
f 2275/4183/3897 2269/4182/3896 2274/4184/3898
f 2275/4183/3897 2274/4184/3898 2238/4185/3899
f 2238/4185/3899 2274/4184/3898 2239/4186/3900
f 2238/4185/3899 2239/4186/3900 2209/4187/3901
f 2209/4187/3901 2239/4186/3900 2210/4188/3902
f 2209/4187/3901 2210/4188/3902 2179/4189/3903
f 2179/4189/3903 2210/4188/3902 2180/4190/3904
f 2179/4189/3903 2180/4190/3904 2149/4191/3905
f 2149/4191/3905 2180/4190/3904 2150/4192/3906
f 2149/4191/3905 2150/4192/3906 2119/4193/3907
f 2119/4193/3907 2150/4192/3906 2120/4194/3908
f 2119/4193/3907 2120/4194/3908 2089/4195/3909
f 2089/4195/3909 2120/4194/3908 2090/4196/3910
f 2089/4195/3909 2090/4196/3910 2059/4197/3911
f 2059/4197/3911 2090/4196/3910 2060/4198/3912
f 2059/4197/3911 2060/4198/3912 2029/4199/3913
f 2029/4199/3913 2060/4198/3912 2030/4200/3914
f 2029/4199/3913 2030/4200/3914 1999/4201/3915
f 1999/4201/3915 2030/4200/3914 2000/4202/3916
f 1999/4201/3915 2000/4202/3916 1969/4203/3917
f 1969/4203/3917 2000/4202/3916 1970/4204/3918
f 1969/4203/3917 1970/4204/3918 1939/4205/3919
f 1939/4205/3919 1970/4204/3918 1940/4206/3920
f 1939/4205/3919 1940/4206/3920 1879/4207/3921
f 1879/4207/3921 1940/4206/3920 1880/4208/3922
f 1879/4207/3921 1880/4208/3922 1886/4209/3923
f 1886/4209/3923 1880/4208/3922 1885/4210/3924
f 1886/4209/3923 1885/4210/3924 1849/4211/3925
f 1849/4211/3925 1885/4210/3924 1850/4212/3926
f 1849/4211/3925 1850/4212/3926 1820/4213/3927
f 1820/4213/3927 1850/4212/3926 1821/4214/3928
f 1820/4213/3927 1821/4214/3928 1790/4215/3929
f 1790/4215/3929 1821/4214/3928 1791/4216/3930
f 1790/4215/3929 1791/4216/3930 1760/4217/3931
f 1760/4217/3931 1791/4216/3930 1761/4218/3932
f 1760/4217/3931 1761/4218/3932 1730/4219/3933
f 1730/4219/3933 1761/4218/3932 1731/4220/3934
f 1730/4219/3933 1731/4220/3934 1700/4221/3935
f 1700/4221/3935 1731/4220/3934 1701/4222/3936
f 1700/4221/3935 1701/4222/3936 1670/4223/3937
f 1670/4223/3937 1701/4222/3936 1671/4224/3938
f 1670/4223/3937 1671/4224/3938 1640/4225/3939
f 1640/4225/3939 1671/4224/3938 1641/4226/3940
f 1640/4225/3939 1641/4226/3940 1610/4227/3941
f 1610/4227/3941 1641/4226/3940 1611/4228/3942
f 1610/4227/3941 1611/4228/3942 1580/4229/3943
f 1580/4229/3943 1611/4228/3942 1581/4230/3944
f 1580/4229/3943 1581/4230/3944 1550/4231/3945
f 1550/4231/3945 1581/4230/3944 1551/4232/3946
f 1550/4231/3945 1551/4232/3946 1490/4233/3947
f 1490/4233/3947 1551/4232/3946 1491/4234/3948
f 1490/4233/3947 1491/4234/3948 1497/4235/3949
f 1497/4235/3949 1491/4234/3948 1496/4236/3950
f 1497/4235/3949 1496/4236/3950 1460/4237/3951
f 1460/4237/3951 1496/4236/3950 1461/4238/3952
f 1460/4237/3951 1461/4238/3952 1430/4239/3953
f 1430/4239/3953 1461/4238/3952 1431/4240/3954
f 1430/4239/3953 1431/4240/3954 1400/4241/3955
f 1400/4241/3955 1431/4240/3954 1401/4242/3956
f 1400/4241/3955 1401/4242/3956 1370/4243/3957
f 1370/4243/3957 1401/4242/3956 1371/4244/3958
f 1370/4243/3957 1371/4244/3958 1340/4245/3959
f 1340/4245/3959 1371/4244/3958 1341/4246/3960
f 1340/4245/3959 1341/4246/3960 1280/4247/3961
f 1280/4247/3961 1341/4246/3960 1281/4248/3962
f 1280/4247/3961 1281/4248/3962 1287/4249/3963
f 1287/4249/3963 1281/4248/3962 1286/4250/3964
f 1287/4249/3963 1286/4250/3964 3914/4251/3965
f 3914/4251/3965 1286/4250/3964 3915/4252/3966
f 3914/4251/3965 3915/4252/3966 3884/4253/3967
f 3884/4253/3967 3915/4252/3966 3885/4254/3968
f 3884/4253/3967 3885/4254/3968 3854/4255/3969
f 3854/4255/3969 3885/4254/3968 3855/4256/3970
f 3854/4255/3969 3855/4256/3970 3824/4257/3971
f 3824/4257/3971 3855/4256/3970 3825/4258/3972
f 3824/4257/3971 3825/4258/3972 3764/4259/3973
f 3764/4259/3973 3825/4258/3972 3765/4260/3974
f 3764/4259/3973 3765/4260/3974 3770/4261/3975
f 3770/4261/3975 3765/4260/3974 3769/4262/3976
f 3770/4261/3975 3769/4262/3976 3737/4263/3977
f 3737/4263/3977 3769/4262/3976 3738/4264/3978
f 3737/4263/3977 3738/4264/3978 3707/4265/3979
f 3707/4265/3979 3738/4264/3978 3708/4266/3980
f 3707/4265/3979 3708/4266/3980 3677/4267/3981
f 3677/4267/3981 3708/4266/3980 3678/4268/3982
f 3677/4267/3981 3678/4268/3982 3647/4269/3983
f 3647/4269/3983 3678/4268/3982 3648/4270/3984
f 3647/4269/3983 3648/4270/3984 3617/4271/3985
f 3617/4271/3985 3648/4270/3984 3618/4272/3986
f 3617/4271/3985 3618/4272/3986 3587/4273/3987
f 3587/4273/3987 3618/4272/3986 3588/4274/3988
f 3587/4273/3987 3588/4274/3988 3557/4275/3989
f 3557/4275/3989 3588/4274/3988 3558/4276/3990
f 3557/4275/3989 3558/4276/3990 3527/4277/3991
f 3527/4277/3991 3558/4276/3990 3528/4278/3992
f 3527/4277/3991 3528/4278/3992 3497/4279/3993
f 3497/4279/3993 3528/4278/3992 3498/4280/3994
f 3497/4279/3993 3498/4280/3994 3467/4281/3995
f 3467/4281/3995 3498/4280/3994 3468/4282/3996
f 3467/4281/3995 3468/4282/3996 3408/4283/3997
f 3408/4283/3997 3468/4282/3996 3409/4284/3998
f 3408/4283/3997 3409/4284/3998 3411/4285/3999
f 3411/4285/3999 3409/4284/3998 3410/4286/4000
f 3411/4285/3999 3410/4286/4000 3378/4287/4001
f 3378/4287/4001 3410/4286/4000 3379/4288/4002
f 3378/4287/4001 3379/4288/4002 3348/4289/4003
f 3348/4289/4003 3379/4288/4002 3349/4290/4004
f 3348/4289/4003 3349/4290/4004 3318/4291/4005
f 3318/4291/4005 3349/4290/4004 3319/4292/4006
f 3318/4291/4005 3319/4292/4006 1246/4293/4007
f 1246/4293/4007 3319/4292/4006 1247/4294/4008
f 1246/4295/4007 1247/4296/4008 3288/4297/4009
f 3288/4297/4009 1247/4296/4008 3289/4298/4010
f 3288/4297/4009 3289/4298/4010 3258/4299/4011
f 3258/4299/4011 3289/4298/4010 3259/4300/4012
f 3258/4299/4011 3259/4300/4012 3228/4301/4013
f 3228/4301/4013 3259/4300/4012 3229/4302/4014
f 3228/4301/4013 3229/4302/4014 3198/4303/4015
f 3198/4303/4015 3229/4302/4014 3199/4304/4016
f 3198/4303/4015 3199/4304/4016 3168/4305/4017
f 3168/4305/4017 3199/4304/4016 3169/4306/4018
f 3168/4305/4017 3169/4306/4018 3138/4307/4019
f 3138/4307/4019 3169/4306/4018 3139/4308/4020
f 3138/4307/4019 3139/4308/4020 3108/4309/4021
f 3108/4309/4021 3139/4308/4020 3109/4310/4022
f 3108/4309/4021 3109/4310/4022 3049/4311/4023
f 3049/4311/4023 3109/4310/4022 3050/4312/4024
f 3049/4311/4023 3050/4312/4024 3052/4313/4025
f 3052/4313/4025 3050/4312/4024 3051/4314/4026
f 3052/4313/4025 3051/4314/4026 3019/4315/4027
f 3019/4315/4027 3051/4314/4026 3020/4316/4028
f 3019/4315/4027 3020/4316/4028 2989/4317/4029
f 2989/4317/4029 3020/4316/4028 2990/4318/4030
f 2989/4317/4029 2990/4318/4030 2959/4319/4031
f 2959/4319/4031 2990/4318/4030 2960/4320/4032
f 2959/4319/4031 2960/4320/4032 2929/4321/4033
f 2929/4321/4033 2960/4320/4032 2930/4322/4034
f 2929/4321/4033 2930/4322/4034 2899/4323/4035
f 2899/4323/4035 2930/4322/4034 2900/4324/4036
f 2899/4323/4035 2900/4324/4036 2869/4325/4037
f 2869/4325/4037 2900/4324/4036 2870/4326/4038
f 2869/4325/4037 2870/4326/4038 2839/4327/4039
f 2839/4327/4039 2870/4326/4038 2840/4328/4040
f 2839/4327/4039 2840/4328/4040 2809/4329/4041
f 2809/4329/4041 2840/4328/4040 2810/4330/4042
f 2809/4329/4041 2810/4330/4042 2779/4331/4043
f 2779/4331/4043 2810/4330/4042 2780/4332/4044
f 2779/4331/4043 2780/4332/4044 2749/4333/4045
f 2749/4333/4045 2780/4332/4044 2750/4334/4046
f 2749/4333/4045 2750/4334/4046 2719/4335/4047
f 2719/4335/4047 2750/4334/4046 2720/4336/4048
f 2719/4335/4047 2720/4336/4048 2659/4337/4049
f 2659/4337/4049 2720/4336/4048 2660/4338/4050
f 2659/4337/4049 2660/4338/4050 2662/4339/4051
f 2662/4339/4051 2660/4338/4050 2661/4340/4052
f 2662/4339/4051 2661/4340/4052 2629/4341/4053
f 2629/4341/4053 2661/4340/4052 2630/4342/4054
f 2629/4341/4053 2630/4342/4054 2600/4343/4055
f 2600/4343/4055 2630/4342/4054 2601/4344/4056
f 2600/4343/4055 2601/4344/4056 2570/4345/4057
f 2570/4345/4057 2601/4344/4056 2571/4346/4058
f 2570/4345/4057 2571/4346/4058 2540/4347/4059
f 2540/4347/4059 2571/4346/4058 2541/4348/4060
f 2540/4347/4059 2541/4348/4060 2510/4349/4061
f 2510/4349/4061 2541/4348/4060 2511/4350/4062
f 2510/4349/4061 2511/4350/4062 2480/4351/4063
f 2480/4351/4063 2511/4350/4062 2481/4352/4064
f 2480/4351/4063 2481/4352/4064 2450/4353/4065
f 2450/4353/4065 2481/4352/4064 2451/4354/4066
f 2450/4353/4065 2451/4354/4066 2420/4355/4067
f 2420/4355/4067 2451/4354/4066 2421/4356/4068
f 2420/4355/4067 2421/4356/4068 2390/4357/4069
f 2390/4357/4069 2421/4356/4068 2391/4358/4070
f 2390/4357/4069 2391/4358/4070 2360/4359/4071
f 2360/4359/4071 2391/4358/4070 2361/4360/4072
f 2360/4359/4071 2361/4360/4072 2330/4361/4073
f 2330/4361/4073 2361/4360/4072 2331/4362/4074
f 2330/4361/4073 2331/4362/4074 2270/4363/4075
f 2270/4363/4075 2331/4362/4074 2271/4364/4076
f 2270/4363/4075 2271/4364/4076 2273/4365/4077
f 2273/4365/4077 2271/4364/4076 2272/4366/4078
f 2273/4365/4077 2272/4366/4078 2240/4367/4079
f 2240/4367/4079 2272/4366/4078 2241/4368/4080
f 2240/4367/4079 2241/4368/4080 2211/4369/4081
f 2211/4369/4081 2241/4368/4080 2212/4370/4082
f 2211/4369/4081 2212/4370/4082 2181/4371/4083
f 2181/4371/4083 2212/4370/4082 2182/4372/4084
f 2181/4371/4083 2182/4372/4084 2151/4373/4085
f 2151/4373/4085 2182/4372/4084 2152/4374/4086
f 2151/4373/4085 2152/4374/4086 2121/4375/4087
f 2121/4375/4087 2152/4374/4086 2122/4376/4088
f 2121/4375/4087 2122/4376/4088 2091/4377/4089
f 2091/4377/4089 2122/4376/4088 2092/4378/4090
f 2091/4377/4089 2092/4378/4090 2061/4379/4091
f 2061/4379/4091 2092/4378/4090 2062/4380/4092
f 2061/4379/4091 2062/4380/4092 2031/4381/4093
f 2031/4381/4093 2062/4380/4092 2032/4382/4094
f 2031/4381/4093 2032/4382/4094 2001/4383/4095
f 2001/4383/4095 2032/4382/4094 2002/4384/4096
f 2001/4383/4095 2002/4384/4096 1971/4385/4097
f 1971/4385/4097 2002/4384/4096 1972/4386/4098
f 1971/4385/4097 1972/4386/4098 1941/4387/4099
f 1941/4387/4099 1972/4386/4098 1942/4388/4100
f 1941/4387/4099 1942/4388/4100 1881/4389/4101
f 1881/4389/4101 1942/4388/4100 1882/4390/4102
f 1881/4389/4101 1882/4390/4102 1884/4391/4103
f 1884/4391/4103 1882/4390/4102 1883/4392/4104
f 1884/4391/4103 1883/4392/4104 1851/4393/4105
f 1851/4393/4105 1883/4392/4104 1852/4394/4106
f 1851/4393/4105 1852/4394/4106 1822/4395/4107
f 1822/4395/4107 1852/4394/4106 1823/4396/4108
f 1822/4395/4107 1823/4396/4108 1792/4397/4109
f 1792/4397/4109 1823/4396/4108 1793/4398/4110
f 1792/4397/4109 1793/4398/4110 1762/4399/4111
f 1762/4399/4111 1793/4398/4110 1763/4400/4112
f 1762/4399/4111 1763/4400/4112 1732/4401/4113
f 1732/4401/4113 1763/4400/4112 1733/4402/4114
f 1732/4401/4113 1733/4402/4114 1702/4403/4115
f 1702/4403/4115 1733/4402/4114 1703/4404/4116
f 1702/4403/4115 1703/4404/4116 1672/4405/4117
f 1672/4405/4117 1703/4404/4116 1673/4406/4118
f 1672/4405/4117 1673/4406/4118 1642/4407/4119
f 1642/4407/4119 1673/4406/4118 1643/4408/4120
f 1642/4407/4119 1643/4408/4120 1612/4409/4121
f 1612/4409/4121 1643/4408/4120 1613/4410/4122
f 1612/4409/4121 1613/4410/4122 1582/4411/4123
f 1582/4411/4123 1613/4410/4122 1583/4412/4124
f 1582/4411/4123 1583/4412/4124 1552/4413/4125
f 1552/4413/4125 1583/4412/4124 1553/4414/4126
f 1552/4413/4125 1553/4414/4126 1492/4415/4127
f 1492/4415/4127 1553/4414/4126 1493/4416/4128
f 1492/4415/4127 1493/4416/4128 1495/4417/4129
f 1495/4417/4129 1493/4416/4128 1494/4418/4130
f 1495/4417/4129 1494/4418/4130 1462/4419/4131
f 1462/4419/4131 1494/4418/4130 1463/4420/4132
f 1462/4419/4131 1463/4420/4132 1432/4421/4133
f 1432/4421/4133 1463/4420/4132 1433/4422/4134
f 1432/4421/4133 1433/4422/4134 1402/4423/4135
f 1402/4423/4135 1433/4422/4134 1403/4424/4136
f 1402/4423/4135 1403/4424/4136 1372/4425/4137
f 1372/4425/4137 1403/4424/4136 1373/4426/4138
f 1372/4425/4137 1373/4426/4138 1342/4427/4139
f 1342/4427/4139 1373/4426/4138 1343/4428/4140
f 1342/4427/4139 1343/4428/4140 1282/4429/4141
f 1282/4429/4141 1343/4428/4140 1283/4430/4142
f 1282/4429/4141 1283/4430/4142 1285/4431/4143
f 1285/4431/4143 1283/4430/4142 1284/4432/4144
f 1285/4431/4143 1284/4432/4144 3916/4433/4145
f 3916/4433/4145 1284/4432/4144 3917/4434/4146
f 3916/4433/4145 3917/4434/4146 3886/4435/4147
f 3886/4435/4147 3917/4434/4146 3887/4436/4148
f 3886/4435/4147 3887/4436/4148 3856/4437/4149
f 3856/4437/4149 3887/4436/4148 3857/4438/4150
f 3856/4437/4149 3857/4438/4150 3826/4439/4151
f 3826/4439/4151 3857/4438/4150 3827/4440/4152
f 3826/4439/4151 3827/4440/4152 3766/4441/4153
f 3766/4441/4153 3827/4440/4152 3767/4442/4154
f 3766/4441/4153 3767/4442/4154 3768/4443/4155
f 3768/4443/4155 3767/4442/4154 1217/4444/4156
f 3768/4443/4155 1217/4444/4156 3738/4264/3978
f 1254/1707/1456 1216/1706/1413 1314/1886/1626
f 1314/1886/1626 1216/1706/1413 1215/4445/1415
f 1314/1886/1626 1215/4445/1415 1344/1884/1624
f 1344/1884/1624 1215/4445/1415 1214/4446/1417
f 1344/1884/1624 1214/4446/1417 1374/1882/1622
f 1374/1882/1622 1214/4446/1417 1213/4447/1419
f 1374/1882/1622 1213/4447/1419 1404/1880/1620
f 1404/1880/1620 1213/4447/1419 1212/4448/1422
f 1404/1880/1620 1212/4448/1422 1434/1878/1618
f 1434/1878/1618 1212/4448/1422 1211/4449/1424
f 1434/1878/1618 1211/4449/1424 1523/1876/1616
f 1523/1876/1616 1211/4449/1424 1464/1874/1614
f 1211/4449/1424 1210/4450/1423 1464/1874/1614
f 1464/1874/1614 1210/4450/1423 1524/1872/1612
f 1210/4450/1423 1209/4451/1425 1524/1872/1612
f 1524/1872/1612 1209/4451/1425 1554/1870/1610
f 1209/4451/1425 1208/4452/1426 1554/1870/1610
f 1554/1870/1610 1208/4452/1426 1584/1868/1608
f 1208/4452/1426 1207/4453/1427 1584/1868/1608
f 1584/1868/1608 1207/4453/1427 1614/1866/1606
f 1207/4453/1427 1206/4454/1428 1614/1866/1606
f 1614/1866/1606 1206/4454/1428 1644/1864/1604
f 1206/4454/1428 1205/4455/1429 1644/1864/1604
f 1644/1864/1604 1205/4455/1429 1674/1862/1602
f 1205/4455/1429 1204/4456/1430 1674/1862/1602
f 1674/1862/1602 1204/4456/1430 1704/1860/1600
f 1204/4456/1430 1203/4457/1431 1704/1860/1600
f 1704/1860/1600 1203/4457/1431 1734/1858/1598
f 1203/4457/1431 1202/4458/1432 1734/1858/1598
f 1734/1858/1598 1202/4458/1432 1764/1856/1596
f 1202/4458/1432 1201/4459/1433 1764/1856/1596
f 1764/1856/1596 1201/4459/1433 1794/1854/1594
f 1201/4459/1433 1200/4460/1434 1794/1854/1594
f 1794/1854/1594 1200/4460/1434 1251/1852/1592
f 1200/4460/1434 1199/4461/1435 1251/1852/1592
f 1251/1852/1592 1199/4461/1435 1912/1850/1590
f 1912/1850/1590 1199/4461/1435 1853/1848/1588
f 1853/1848/1588 1199/4461/1435 1198/4462/1436
f 1853/1848/1588 1198/4462/1436 1913/1846/1586
f 1913/1846/1586 1198/4462/1436 1197/4463/1437
f 1913/1846/1586 1197/4463/1437 1943/1844/1584
f 1943/1844/1584 1197/4463/1437 1196/4464/1438
f 1943/1844/1584 1196/4464/1438 1973/1842/1582
f 1973/1842/1582 1196/4464/1438 1195/4465/1439
f 1973/1842/1582 1195/4465/1439 2003/1840/1580
f 2003/1840/1580 1195/4465/1439 1194/4466/1440
f 2003/1840/1580 1194/4466/1440 2033/1838/1578
f 2033/1838/1578 1194/4466/1440 1193/4467/1441
f 2033/1838/1578 1193/4467/1441 2063/1836/1576
f 2063/1836/1576 1193/4467/1441 1192/4468/1442
f 2063/1836/1576 1192/4468/1442 2093/1834/1574
f 2093/1834/1574 1192/4468/1442 1191/4469/1443
f 2093/1834/1574 1191/4469/1443 2123/1832/1572
f 2123/1832/1572 1191/4469/1443 1190/4470/1444
f 2123/1832/1572 1190/4470/1444 2153/1830/1570
f 2153/1830/1570 1190/4470/1444 1189/4471/1445
f 2153/1830/1570 1189/4471/1445 2183/1828/1568
f 2183/1828/1568 1189/4471/1445 1188/4472/1446
f 2183/1828/1568 1188/4472/1446 1250/1826/1566
f 1250/1826/1566 1188/4472/1446 1187/4473/1447
f 1250/1826/1566 1187/4473/1447 2301/1824/1564
f 2301/1824/1564 1187/4473/1447 2242/1822/1562
f 1187/4473/1447 1186/4474/1448 2242/1822/1562
f 2242/1822/1562 1186/4474/1448 2302/1820/1560
f 1186/4474/1448 1185/4475/1449 2302/1820/1560
f 2302/1820/1560 1185/4475/1449 2332/1818/1558
f 1185/4475/1449 1184/4476/1450 2332/1818/1558
f 2332/1818/1558 1184/4476/1450 2362/1816/1556
f 1184/4476/1450 1183/4477/1451 2362/1816/1556
f 2362/1816/1556 1183/4477/1451 2392/1814/1554
f 1183/4477/1451 1182/4478/1452 2392/1814/1554
f 2392/1814/1554 1182/4478/1452 2422/1812/1552
f 1182/4478/1452 1181/4479/1453 2422/1812/1552
f 2422/1812/1552 1181/4479/1453 2452/1810/1550
f 1181/4479/1453 1180/4480/1454 2452/1810/1550
f 2452/1810/1550 1180/4480/1454 2482/1808/1548
f 1180/4480/1454 1179/4481/1355 2482/1808/1548
f 2482/1808/1548 1179/4481/1355 2512/1806/1546
f 1179/4481/1355 1178/4482/1357 2512/1806/1546
f 2512/1806/1546 1178/4482/1357 2542/1804/1544
f 1178/4482/1357 1177/4483/1358 2542/1804/1544
f 2542/1804/1544 1177/4483/1358 2572/1802/1542
f 1177/4483/1358 1176/4484/1360 2572/1802/1542
f 2572/1802/1542 1176/4484/1360 1249/1800/1540
f 1176/4484/1360 1175/4485/1361 1249/1800/1540
f 1249/1800/1540 1175/4485/1361 2690/1798/1538
f 2690/1798/1538 1175/4485/1361 2631/1796/1536
f 2631/1796/1536 1175/4485/1361 1174/4486/1363
f 2631/1796/1536 1174/4486/1363 2691/1794/1534
f 2691/1794/1534 1174/4486/1363 1173/4487/1365
f 2691/1794/1534 1173/4487/1365 2721/1792/1532
f 2721/1792/1532 1173/4487/1365 1172/4488/1366
f 2721/1792/1532 1172/4488/1366 2751/1790/1530
f 2751/1790/1530 1172/4488/1366 1171/4489/1369
f 2751/1790/1530 1171/4489/1369 2781/1788/1528
f 2781/1788/1528 1171/4489/1369 1170/4490/1371
f 2781/1788/1528 1170/4490/1371 2811/1786/1526
f 2811/1786/1526 1170/4490/1371 1169/4491/1372
f 2811/1786/1526 1169/4491/1372 2841/1784/1524
f 2841/1784/1524 1169/4491/1372 1168/4492/1373
f 2841/1784/1524 1168/4492/1373 2871/1782/1522
f 2871/1782/1522 1168/4492/1373 1167/4493/1374
f 2871/1782/1522 1167/4493/1374 2901/1780/1520
f 2901/1780/1520 1167/4493/1374 1166/4494/1375
f 2901/1780/1520 1166/4494/1375 2931/1778/1518
f 2931/1778/1518 1166/4494/1375 1165/4495/1376
f 2931/1778/1518 1165/4495/1376 2961/1776/1516
f 2961/1776/1516 1165/4495/1376 1164/4496/1377
f 2961/1776/1516 1164/4496/1377 2991/1774/1514
f 2991/1774/1514 1164/4496/1377 1248/1772/1512
f 1164/4496/1377 1163/4497/1378 1248/1772/1512
f 1248/1772/1512 1163/4497/1378 3021/1770/1510
f 1163/4497/1378 1162/4498/1379 3021/1770/1510
f 3021/1770/1510 1162/4498/1379 3080/1768/1508
f 1162/4498/1379 1161/4499/1380 3080/1768/1508
f 3080/1768/1508 1161/4499/1380 3110/1766/1506
f 1161/4499/1380 1160/4500/1381 3110/1766/1506
f 3110/1766/1506 1160/4500/1381 3140/1764/1504
f 1160/4500/1381 1159/4501/1382 3140/1764/1504
f 3140/1764/1504 1159/4501/1382 3170/1762/1502
f 1159/4501/1382 1158/4502/1383 3170/1762/1502
f 3170/1762/1502 1158/4502/1383 3200/1760/1500
f 1158/4502/1383 1157/4503/1384 3200/1760/1500
f 3200/1760/1500 1157/4503/1384 3230/1758/1498
f 1157/4503/1384 1156/4504/1385 3230/1758/1498
f 3230/1758/1498 1156/4504/1385 3260/1756/1496
f 1156/4504/1385 1155/4505/1386 3260/1756/1496
f 3260/1756/1496 1155/4505/1386 1218/1754/1494
f 1155/4506/1386 1154/4507/1387 1218/1752/1494
f 1218/1752/1494 1154/4507/1387 3290/1750/1492
f 1154/4507/1387 1153/4508/1388 3290/1750/1492
f 3290/1750/1492 1153/4508/1388 3320/1748/1490
f 1153/4508/1388 1152/4509/1389 3320/1748/1490
f 3320/1748/1490 1152/4509/1389 3350/1746/1488
f 3350/1746/1488 1152/4509/1389 1253/1744/1486
f 1253/1744/1486 1152/4509/1389 1151/4510/1390
f 1253/1744/1486 1151/4510/1390 3380/1742/1484
f 3380/1742/1484 1151/4510/1390 1150/4511/1391
f 3380/1742/1484 1150/4511/1391 3439/1740/1482
f 3439/1740/1482 1150/4511/1391 1149/4512/1392
f 3439/1740/1482 1149/4512/1392 3469/1738/1480
f 3469/1738/1480 1149/4512/1392 1148/4513/1393
f 3469/1738/1480 1148/4513/1393 3499/1736/1478
f 3499/1736/1478 1148/4513/1393 1147/4514/1394
f 3499/1736/1478 1147/4514/1394 3529/1734/1476
f 3529/1734/1476 1147/4514/1394 1146/4515/1395
f 3529/1734/1476 1146/4515/1395 3559/1732/1474
f 3559/1732/1474 1146/4515/1395 1145/4516/1396
f 3559/1732/1474 1145/4516/1396 3589/1730/1472
f 3589/1730/1472 1145/4516/1396 1144/4517/1397
f 3589/1730/1472 1144/4517/1397 3619/1728/1470
f 3619/1728/1470 1144/4517/1397 1143/4518/1398
f 3619/1728/1470 1143/4518/1398 3649/1726/1468
f 3649/1726/1468 1143/4518/1398 1142/4519/1399
f 3649/1726/1468 1142/4519/1399 3679/1724/1466
f 3679/1724/1466 1142/4519/1399 1141/4520/1400
f 3679/1724/1466 1141/4520/1400 3709/1722/1464
f 3709/1722/1464 1141/4520/1400 1140/1720/1401
f 1247/4296/4008 1217/4521/4156 3289/4298/4010
f 3289/4298/4010 1217/4522/4156 3259/4300/4012
f 3259/4300/4012 1217/4523/4156 3229/4302/4014
f 3229/4302/4014 1217/4524/4156 3199/4304/4016
f 3199/4304/4016 1217/4525/4156 3169/4306/4018
f 3169/4306/4018 1217/4526/4156 3139/4308/4020
f 3139/4308/4020 1217/4527/4156 3109/4310/4022
f 3109/4310/4022 1217/4528/4156 3050/4312/4024
f 3050/4312/4024 1217/4529/4156 3051/4314/4026
f 3051/4314/4026 1217/4530/4156 3020/4316/4028
f 3020/4316/4028 1217/4531/4156 2990/4318/4030
f 2990/4318/4030 1217/4532/4156 2960/4320/4032
f 2960/4320/4032 1217/4533/4156 2930/4322/4034
f 2930/4322/4034 1217/4534/4156 2900/4324/4036
f 2900/4324/4036 1217/4535/4156 2870/4326/4038
f 2870/4326/4038 1217/4536/4156 2840/4328/4040
f 2840/4328/4040 1217/4537/4156 2810/4330/4042
f 2810/4330/4042 1217/4538/4156 2780/4332/4044
f 2780/4332/4044 1217/4539/4156 2750/4334/4046
f 2750/4334/4046 1217/4540/4156 2720/4336/4048
f 2720/4336/4048 1217/4541/4156 2660/4338/4050
f 2660/4338/4050 1217/4542/4156 2661/4340/4052
f 2661/4340/4052 1217/4543/4156 2630/4342/4054
f 2630/4342/4054 1217/4544/4156 2601/4344/4056
f 2601/4344/4056 1217/4545/4156 2571/4346/4058
f 2571/4346/4058 1217/4546/4156 2541/4348/4060
f 2541/4348/4060 1217/4547/4156 2511/4350/4062
f 2511/4350/4062 1217/4548/4156 2481/4352/4064
f 2481/4352/4064 1217/4549/4156 2451/4354/4066
f 2451/4354/4066 1217/4550/4156 2421/4356/4068
f 2391/4358/4070 1217/4551/4156 2361/4360/4072
f 2361/4360/4072 1217/4552/4156 2331/4362/4074
f 2331/4362/4074 1217/4553/4156 2271/4364/4076
f 2271/4364/4076 1217/4554/4156 2272/4366/4078
f 2272/4366/4078 1217/4555/4156 2241/4368/4080
f 2241/4368/4080 1217/4556/4156 2212/4370/4082
f 2212/4370/4082 1217/4557/4156 2182/4372/4084
f 2182/4372/4084 1217/4558/4156 2152/4374/4086
f 2152/4374/4086 1217/4559/4156 2122/4376/4088
f 2122/4376/4088 1217/4560/4156 2092/4378/4090
f 2092/4378/4090 1217/4561/4156 2062/4380/4092
f 2062/4380/4092 1217/4562/4156 2032/4382/4094
f 2032/4382/4094 1217/4563/4156 2002/4384/4096
f 2002/4384/4096 1217/4564/4156 1972/4386/4098
f 1972/4386/4098 1217/4565/4156 1942/4388/4100
f 1942/4388/4100 1217/4566/4156 1882/4390/4102
f 1882/4390/4102 1217/4567/4156 1883/4392/4104
f 1883/4392/4104 1217/4568/4156 1852/4394/4106
f 1852/4394/4106 1217/4569/4156 1823/4396/4108
f 1823/4396/4108 1217/4570/4156 1793/4398/4110
f 1793/4398/4110 1217/4571/4156 1763/4400/4112
f 1763/4400/4112 1217/4572/4156 1733/4402/4114
f 1733/4402/4114 1217/4573/4156 1703/4404/4116
f 1703/4404/4116 1217/4574/4156 1673/4406/4118
f 1673/4406/4118 1217/4575/4156 1643/4408/4120
f 1643/4408/4120 1217/4576/4156 1613/4410/4122
f 1613/4410/4122 1217/4577/4156 1583/4412/4124
f 1583/4412/4124 1217/4578/4156 1553/4414/4126
f 1553/4414/4126 1217/4579/4156 1493/4416/4128
f 1494/4418/4130 1217/4580/4156 1463/4420/4132
f 1463/4420/4132 1217/4581/4156 1433/4422/4134
f 1433/4422/4134 1217/4582/4156 1403/4424/4136
f 1403/4424/4136 1217/4583/4156 1373/4426/4138
f 1373/4426/4138 1217/4584/4156 1343/4428/4140
f 1343/4428/4140 1217/4585/4156 1283/4430/4142
f 1283/4430/4142 1217/4586/4156 1284/4432/4144
f 1284/4432/4144 1217/4587/4156 3917/4434/4146
f 3917/4434/4146 1217/4588/4156 3887/4436/4148
f 3887/4436/4148 1217/4589/4156 3857/4438/4150
f 3857/4438/4150 1217/4590/4156 3827/4440/4152
f 3827/4440/4152 1217/4591/4156 3767/4442/4154
f 3738/4264/3978 1217/4592/4156 3708/4266/3980
f 3708/4266/3980 1217/4593/4156 3678/4268/3982
f 3678/4268/3982 1217/4594/4156 3648/4270/3984
f 3648/4270/3984 1217/4595/4156 3618/4272/3986
f 3618/4272/3986 1217/4596/4156 3588/4274/3988
f 3588/4274/3988 1217/4597/4156 3558/4276/3990
f 3558/4276/3990 1217/4598/4156 3528/4278/3992
f 3528/4278/3992 1217/4599/4156 3498/4280/3994
f 3498/4280/3994 1217/4600/4156 3468/4282/3996
f 3468/4282/3996 1217/4601/4156 3409/4284/3998
f 3409/4284/3998 1217/4602/4156 3410/4286/4000
f 3410/4286/4000 1217/4603/4156 3379/4288/4002
f 3379/4288/4002 1217/4604/4156 3349/4290/4004
f 3349/4290/4004 1217/4605/4156 3319/4292/4006
f 3319/4292/4006 1217/4606/4156 1247/4294/4008
f 1219/1755/1495 1220/1929/1667 3261/1757/1497
f 3261/1757/1497 1220/1929/1667 3262/1931/1669
f 3261/1757/1497 3262/1931/1669 3231/1759/1499
f 3231/1759/1499 3262/1931/1669 3232/1933/1671
f 3231/1759/1499 3232/1933/1671 3201/1761/1501
f 3201/1761/1501 3232/1933/1671 3202/1935/1673
f 3201/1761/1501 3202/1935/1673 3171/1763/1503
f 3171/1763/1503 3202/1935/1673 3172/1937/1675
f 3171/1763/1503 3172/1937/1675 3141/1765/1505
f 3141/1765/1505 3172/1937/1675 3142/1939/1677
f 3141/1765/1505 3142/1939/1677 3111/1767/1507
f 3111/1767/1507 3142/1939/1677 3112/1941/1679
f 3111/1767/1507 3112/1941/1679 3081/1769/1509
f 3081/1769/1509 3112/1941/1679 3082/1943/1681
f 3081/1769/1509 3082/1943/1681 3022/1771/1511
f 3022/1771/1511 3082/1943/1681 3023/1945/1683
f 3022/1771/1511 3023/1945/1683 3079/1773/1513
f 3079/1773/1513 3023/1945/1683 3078/1947/1685
f 3079/1773/1513 3078/1947/1685 2992/1775/1515
f 2992/1775/1515 3078/1947/1685 2993/1949/1687
f 2992/1775/1515 2993/1949/1687 2962/1777/1517
f 2962/1777/1517 2993/1949/1687 2963/1951/1689
f 2962/1777/1517 2963/1951/1689 2932/1779/1519
f 2932/1779/1519 2963/1951/1689 2933/1953/1691
f 2932/1779/1519 2933/1953/1691 2902/1781/1521
f 2902/1781/1521 2933/1953/1691 2903/1955/1693
f 2902/1781/1521 2903/1955/1693 2872/1783/1523
f 2872/1783/1523 2903/1955/1693 2873/1957/1695
f 2872/1783/1523 2873/1957/1695 2842/1785/1525
f 2842/1785/1525 2873/1957/1695 2843/1959/1697
f 2842/1785/1525 2843/1959/1697 2812/1787/1527
f 2812/1787/1527 2843/1959/1697 2813/1961/1699
f 2812/1787/1527 2813/1961/1699 2782/1789/1529
f 2782/1789/1529 2813/1961/1699 2783/1963/1701
f 2782/1789/1529 2783/1963/1701 2752/1791/1531
f 2752/1791/1531 2783/1963/1701 2753/1965/1703
f 2752/1791/1531 2753/1965/1703 2722/1793/1533
f 2722/1793/1533 2753/1965/1703 2723/1967/1705
f 2722/1793/1533 2723/1967/1705 2692/1795/1535
f 2692/1795/1535 2723/1967/1705 2693/1969/1707
f 2692/1795/1535 2693/1969/1707 2632/1797/1537
f 2632/1797/1537 2693/1969/1707 2633/1971/1709
f 2632/1797/1537 2633/1971/1709 2689/1799/1539
f 2689/1799/1539 2633/1971/1709 2688/1973/1711
f 2689/1799/1539 2688/1973/1711 2602/1801/1541
f 2602/1801/1541 2688/1973/1711 2603/1975/1713
f 2602/1801/1541 2603/1975/1713 2573/1803/1543
f 2573/1803/1543 2603/1975/1713 2574/1977/1715
f 2573/1803/1543 2574/1977/1715 2543/1805/1545
f 2543/1805/1545 2574/1977/1715 2544/1979/1717
f 2543/1805/1545 2544/1979/1717 2513/1807/1547
f 2513/1807/1547 2544/1979/1717 2514/1981/1719
f 2513/1807/1547 2514/1981/1719 2483/1809/1549
f 2483/1809/1549 2514/1981/1719 2484/1983/1721
f 2483/1809/1549 2484/1983/1721 2453/1811/1551
f 2453/1811/1551 2484/1983/1721 2454/1985/1723
f 2453/1811/1551 2454/1985/1723 2423/1813/1553
f 2423/1813/1553 2454/1985/1723 2424/1987/1725
f 2423/1813/1553 2424/1987/1725 2393/1815/1555
f 2393/1815/1555 2424/1987/1725 2394/1989/1727
f 2393/1815/1555 2394/1989/1727 2363/1817/1557
f 2363/1817/1557 2394/1989/1727 2364/1991/1729
f 2363/1817/1557 2364/1991/1729 2333/1819/1559
f 2333/1819/1559 2364/1991/1729 2334/1993/1731
f 2333/1819/1559 2334/1993/1731 2303/1821/1561
f 2303/1821/1561 2334/1993/1731 2304/1995/1733
f 2303/1821/1561 2304/1995/1733 2243/1823/1563
f 2243/1823/1563 2304/1995/1733 2244/1997/1735
f 2243/1823/1563 2244/1997/1735 2300/1825/1565
f 2300/1825/1565 2244/1997/1735 2299/1999/1737
f 2300/1825/1565 2299/1999/1737 2213/1827/1567
f 2213/1827/1567 2299/1999/1737 2214/2001/1739
f 2213/1827/1567 2214/2001/1739 2184/1829/1569
f 2184/1829/1569 2214/2001/1739 2185/2003/1741
f 2184/1829/1569 2185/2003/1741 2154/1831/1571
f 2154/1831/1571 2185/2003/1741 2155/2005/1743
f 2154/1831/1571 2155/2005/1743 2124/1833/1573
f 2124/1833/1573 2155/2005/1743 2125/2007/1745
f 2124/1833/1573 2125/2007/1745 2094/1835/1575
f 2094/1835/1575 2125/2007/1745 2095/2009/1747
f 2094/1835/1575 2095/2009/1747 2064/1837/1577
f 2064/1837/1577 2095/2009/1747 2065/2011/1749
f 2064/1837/1577 2065/2011/1749 2034/1839/1579
f 2034/1839/1579 2065/2011/1749 2035/2013/1751
f 2034/1839/1579 2035/2013/1751 2004/1841/1581
f 2004/1841/1581 2035/2013/1751 2005/2015/1753
f 2004/1841/1581 2005/2015/1753 1974/1843/1583
f 1974/1843/1583 2005/2015/1753 1975/2017/1755
f 1974/1843/1583 1975/2017/1755 1944/1845/1585
f 1944/1845/1585 1975/2017/1755 1945/2019/1757
f 1944/1845/1585 1945/2019/1757 1914/1847/1587
f 1914/1847/1587 1945/2019/1757 1915/2021/1759
f 1914/1847/1587 1915/2021/1759 1854/1849/1589
f 1854/1849/1589 1915/2021/1759 1855/2023/1761
f 1854/1849/1589 1855/2023/1761 1911/1851/1591
f 1911/1851/1591 1855/2023/1761 1910/2025/1763
f 1911/1851/1591 1910/2025/1763 1824/1853/1593
f 1824/1853/1593 1910/2025/1763 1825/2027/1765
f 1824/1853/1593 1825/2027/1765 1795/1855/1595
f 1795/1855/1595 1825/2027/1765 1796/2029/1767
f 1795/1855/1595 1796/2029/1767 1765/1857/1597
f 1765/1857/1597 1796/2029/1767 1766/2031/1769
f 1765/1857/1597 1766/2031/1769 1735/1859/1599
f 1735/1859/1599 1766/2031/1769 1736/2033/1771
f 1735/1859/1599 1736/2033/1771 1705/1861/1601
f 1705/1861/1601 1736/2033/1771 1706/2035/1773
f 1705/1861/1601 1706/2035/1773 1675/1863/1603
f 1675/1863/1603 1706/2035/1773 1676/2037/1775
f 1675/1863/1603 1676/2037/1775 1645/1865/1605
f 1645/1865/1605 1676/2037/1775 1646/2039/1777
f 1645/1865/1605 1646/2039/1777 1615/1867/1607
f 1615/1867/1607 1646/2039/1777 1616/2041/1779
f 1615/1867/1607 1616/2041/1779 1585/1869/1609
f 1585/1869/1609 1616/2041/1779 1586/2043/1781
f 1585/1869/1609 1586/2043/1781 1555/1871/1611
f 1555/1871/1611 1586/2043/1781 1556/2045/1783
f 1555/1871/1611 1556/2045/1783 1525/1873/1613
f 1525/1873/1613 1556/2045/1783 1526/2047/1785
f 1525/1873/1613 1526/2047/1785 1465/1875/1615
f 1465/1875/1615 1526/2047/1785 1466/2049/1787
f 1465/1875/1615 1466/2049/1787 1522/1877/1617
f 1522/1877/1617 1466/2049/1787 1521/2051/1789
f 1522/1877/1617 1521/2051/1789 1435/1879/1619
f 1435/1879/1619 1521/2051/1789 1436/2053/1791
f 1435/1879/1619 1436/2053/1791 1405/1881/1621
f 1405/1881/1621 1436/2053/1791 1406/2055/1793
f 1405/1881/1621 1406/2055/1793 1375/1883/1623
f 1375/1883/1623 1406/2055/1793 1376/2057/1795
f 1375/1883/1623 1376/2057/1795 1345/1885/1625
f 1345/1885/1625 1376/2057/1795 1346/2059/1797
f 1345/1885/1625 1346/2059/1797 1315/1887/1627
f 1315/1887/1627 1346/2059/1797 1316/2061/1799
f 1315/1887/1627 1316/2061/1799 1255/1888/1628
f 1255/1888/1628 1316/2061/1799 1256/2063/1801
f 1255/1888/1628 1256/2063/1801 1312/1889/1629
f 1312/1889/1629 1256/2063/1801 1311/2065/1803
f 1312/1889/1629 1311/2065/1803 3889/1890/1630
f 3889/1890/1630 1311/2065/1803 3890/2067/1805
f 3889/1890/1630 3890/2067/1805 3859/1891/1631
f 3859/1891/1631 3890/2067/1805 3860/2069/1807
f 3859/1891/1631 3860/2069/1807 3829/1892/1632
f 3829/1892/1632 3860/2069/1807 3830/2071/1809
f 3829/1892/1632 3830/2071/1809 3799/1893/1633
f 3799/1893/1633 3830/2071/1809 3800/2073/1811
f 3799/1893/1633 3800/2073/1811 3739/1894/1634
f 3739/1894/1634 3800/2073/1811 3740/2075/1813
f 3739/1894/1634 3740/2075/1813 3795/1896/1636
f 3795/1896/1636 3740/2075/1813 3794/2077/1815
f 3795/1896/1636 3794/2077/1815 3712/1898/1638
f 3712/1898/1638 3794/2077/1815 3713/2079/1817
f 3712/1898/1638 3713/2079/1817 3682/1900/1640
f 3682/1900/1640 3713/2079/1817 3683/2081/1819
f 3682/1900/1640 3683/2081/1819 3652/1902/1642
f 3652/1902/1642 3683/2081/1819 3653/2083/1821
f 3652/1902/1642 3653/2083/1821 3622/1904/1644
f 3622/1904/1644 3653/2083/1821 3623/2085/1823
f 3622/1904/1644 3623/2085/1823 3592/1906/1646
f 3592/1906/1646 3623/2085/1823 3593/2087/1825
f 3592/1906/1646 3593/2087/1825 3562/1908/1648
f 3562/1908/1648 3593/2087/1825 3563/2089/1827
f 3562/1908/1648 3563/2089/1827 3532/1910/1650
f 3532/1910/1650 3563/2089/1827 3533/2091/1829
f 3532/1910/1650 3533/2091/1829 3502/1912/1652
f 3502/1912/1652 3533/2091/1829 3503/2093/1831
f 3502/1912/1652 3503/2093/1831 3472/1914/1654
f 3472/1914/1654 3503/2093/1831 3473/2095/1833
f 3472/1914/1654 3473/2095/1833 3442/1916/1656
f 3442/1916/1656 3473/2095/1833 3443/2097/1835
f 3442/1916/1656 3443/2097/1835 3383/1918/1658
f 3383/1918/1658 3443/2097/1835 3384/2099/1837
f 3383/1918/1658 3384/2099/1837 3436/1920/1660
f 3436/1920/1660 3384/2099/1837 3435/2101/1839
f 3436/1920/1660 3435/2101/1839 3353/1922/1662
f 3353/1922/1662 3435/2101/1839 3354/2103/1841
f 3353/1922/1662 3354/2103/1841 3323/1924/1664
f 3323/1924/1664 3354/2103/1841 3324/2105/1843
f 3323/1924/1664 3324/2105/1843 3293/1926/1666
f 3293/1926/1666 3324/2105/1843 3294/2107/1845
f 3293/1926/1666 3294/2107/1845 1221/1928/1668
f 1221/1928/1668 3294/2107/1845 1222/2109/1847
f 1221/1930/1668 1222/2111/1847 3263/1932/1670
f 3263/1932/1670 1222/2111/1847 3264/2113/1849
f 3263/1932/1670 3264/2113/1849 3233/1934/1672
f 3233/1934/1672 3264/2113/1849 3234/2115/1851
f 3233/1934/1672 3234/2115/1851 3203/1936/1674
f 3203/1936/1674 3234/2115/1851 3204/2117/1853
f 3203/1936/1674 3204/2117/1853 3173/1938/1676
f 3173/1938/1676 3204/2117/1853 3174/2119/1855
f 3173/1938/1676 3174/2119/1855 3143/1940/1678
f 3143/1940/1678 3174/2119/1855 3144/2121/1857
f 3143/1940/1678 3144/2121/1857 3113/1942/1680
f 3113/1942/1680 3144/2121/1857 3114/2123/1859
f 3113/1942/1680 3114/2123/1859 3083/1944/1682
f 3083/1944/1682 3114/2123/1859 3084/2125/1861
f 3083/1944/1682 3084/2125/1861 3024/1946/1684
f 3024/1946/1684 3084/2125/1861 3025/2127/1863
f 3024/1946/1684 3025/2127/1863 3077/1948/1686
f 3077/1948/1686 3025/2127/1863 3076/2129/1865
f 3077/1948/1686 3076/2129/1865 2994/1950/1688
f 2994/1950/1688 3076/2129/1865 2995/2131/1867
f 2994/1950/1688 2995/2131/1867 2964/1952/1690
f 2964/1952/1690 2995/2131/1867 2965/2133/1869
f 2964/1952/1690 2965/2133/1869 2934/1954/1692
f 2934/1954/1692 2965/2133/1869 2935/2135/1871
f 2934/1954/1692 2935/2135/1871 2904/1956/1694
f 2904/1956/1694 2935/2135/1871 2905/2137/1873
f 2904/1956/1694 2905/2137/1873 2874/1958/1696
f 2874/1958/1696 2905/2137/1873 2875/2139/1875
f 2874/1958/1696 2875/2139/1875 2844/1960/1698
f 2844/1960/1698 2875/2139/1875 2845/2141/1877
f 2844/1960/1698 2845/2141/1877 2814/1962/1700
f 2814/1962/1700 2845/2141/1877 2815/2143/1879
f 2814/1962/1700 2815/2143/1879 2784/1964/1702
f 2784/1964/1702 2815/2143/1879 2785/2145/1881
f 2784/1964/1702 2785/2145/1881 2754/1966/1704
f 2754/1966/1704 2785/2145/1881 2755/2147/1883
f 2754/1966/1704 2755/2147/1883 2724/1968/1706
f 2724/1968/1706 2755/2147/1883 2725/2149/1885
f 2724/1968/1706 2725/2149/1885 2694/1970/1708
f 2694/1970/1708 2725/2149/1885 2695/2151/1887
f 2694/1970/1708 2695/2151/1887 2634/1972/1710
f 2634/1972/1710 2695/2151/1887 2635/2153/1889
f 2634/1972/1710 2635/2153/1889 2687/1974/1712
f 2687/1974/1712 2635/2153/1889 2686/2155/1891
f 2687/1974/1712 2686/2155/1891 2604/1976/1714
f 2604/1976/1714 2686/2155/1891 2605/2157/1893
f 2604/1976/1714 2605/2157/1893 2575/1978/1716
f 2575/1978/1716 2605/2157/1893 2576/2159/1895
f 2575/1978/1716 2576/2159/1895 2545/1980/1718
f 2545/1980/1718 2576/2159/1895 2546/2161/1897
f 2545/1980/1718 2546/2161/1897 2515/1982/1720
f 2515/1982/1720 2546/2161/1897 2516/2163/1899
f 2515/1982/1720 2516/2163/1899 2485/1984/1722
f 2485/1984/1722 2516/2163/1899 2486/2165/1901
f 2485/1984/1722 2486/2165/1901 2455/1986/1724
f 2455/1986/1724 2486/2165/1901 2456/2167/1903
f 2455/1986/1724 2456/2167/1903 2425/1988/1726
f 2425/1988/1726 2456/2167/1903 2426/2169/1905
f 2425/1988/1726 2426/2169/1905 2395/1990/1728
f 2395/1990/1728 2426/2169/1905 2396/2171/1907
f 2395/1990/1728 2396/2171/1907 2365/1992/1730
f 2365/1992/1730 2396/2171/1907 2366/2173/1909
f 2365/1992/1730 2366/2173/1909 2335/1994/1732
f 2335/1994/1732 2366/2173/1909 2336/2175/1911
f 2335/1994/1732 2336/2175/1911 2305/1996/1734
f 2305/1996/1734 2336/2175/1911 2306/2177/1913
f 2305/1996/1734 2306/2177/1913 2245/1998/1736
f 2245/1998/1736 2306/2177/1913 2246/2179/1915
f 2245/1998/1736 2246/2179/1915 2298/2000/1738
f 2298/2000/1738 2246/2179/1915 2297/2181/1917
f 2298/2000/1738 2297/2181/1917 2215/2002/1740
f 2215/2002/1740 2297/2181/1917 2216/2183/1919
f 2215/2002/1740 2216/2183/1919 2186/2004/1742
f 2186/2004/1742 2216/2183/1919 2187/2185/1921
f 2186/2004/1742 2187/2185/1921 2156/2006/1744
f 2156/2006/1744 2187/2185/1921 2157/2187/1923
f 2156/2006/1744 2157/2187/1923 2126/2008/1746
f 2126/2008/1746 2157/2187/1923 2127/2189/1925
f 2126/2008/1746 2127/2189/1925 2096/2010/1748
f 2096/2010/1748 2127/2189/1925 2097/2191/1927
f 2096/2010/1748 2097/2191/1927 2066/2012/1750
f 2066/2012/1750 2097/2191/1927 2067/2193/1929
f 2066/2012/1750 2067/2193/1929 2036/2014/1752
f 2036/2014/1752 2067/2193/1929 2037/2195/1931
f 2036/2014/1752 2037/2195/1931 2006/2016/1754
f 2006/2016/1754 2037/2195/1931 2007/2197/1933
f 2006/2016/1754 2007/2197/1933 1976/2018/1756
f 1976/2018/1756 2007/2197/1933 1977/2199/1935
f 1976/2018/1756 1977/2199/1935 1946/2020/1758
f 1946/2020/1758 1977/2199/1935 1947/2201/1937
f 1946/2020/1758 1947/2201/1937 1916/2022/1760
f 1916/2022/1760 1947/2201/1937 1917/2203/1939
f 1916/2022/1760 1917/2203/1939 1856/2024/1762
f 1856/2024/1762 1917/2203/1939 1857/2205/1941
f 1856/2024/1762 1857/2205/1941 1909/2026/1764
f 1909/2026/1764 1857/2205/1941 1908/2207/1943
f 1909/2026/1764 1908/2207/1943 1826/2028/1766
f 1826/2028/1766 1908/2207/1943 1827/2209/1945
f 1826/2028/1766 1827/2209/1945 1797/2030/1768
f 1797/2030/1768 1827/2209/1945 1798/2211/1947
f 1797/2030/1768 1798/2211/1947 1767/2032/1770
f 1767/2032/1770 1798/2211/1947 1768/2213/1949
f 1767/2032/1770 1768/2213/1949 1737/2034/1772
f 1737/2034/1772 1768/2213/1949 1738/2215/1951
f 1737/2034/1772 1738/2215/1951 1707/2036/1774
f 1707/2036/1774 1738/2215/1951 1708/2217/1953
f 1707/2036/1774 1708/2217/1953 1677/2038/1776
f 1677/2038/1776 1708/2217/1953 1678/2219/1955
f 1677/2038/1776 1678/2219/1955 1647/2040/1778
f 1647/2040/1778 1678/2219/1955 1648/2221/1957
f 1647/2040/1778 1648/2221/1957 1617/2042/1780
f 1617/2042/1780 1648/2221/1957 1618/2223/1959
f 1617/2042/1780 1618/2223/1959 1587/2044/1782
f 1587/2044/1782 1618/2223/1959 1588/2225/1961
f 1587/2044/1782 1588/2225/1961 1557/2046/1784
f 1557/2046/1784 1588/2225/1961 1558/2227/1963
f 1557/2046/1784 1558/2227/1963 1527/2048/1786
f 1527/2048/1786 1558/2227/1963 1528/2229/1965
f 1527/2048/1786 1528/2229/1965 1467/2050/1788
f 1467/2050/1788 1528/2229/1965 1468/2231/1967
f 1467/2050/1788 1468/2231/1967 1520/2052/1790
f 1520/2052/1790 1468/2231/1967 1519/2233/1969
f 1520/2052/1790 1519/2233/1969 1437/2054/1792
f 1437/2054/1792 1519/2233/1969 1438/2235/1971
f 1437/2054/1792 1438/2235/1971 1407/2056/1794
f 1407/2056/1794 1438/2235/1971 1408/2237/1973
f 1407/2056/1794 1408/2237/1973 1377/2058/1796
f 1377/2058/1796 1408/2237/1973 1378/2239/1975
f 1377/2058/1796 1378/2239/1975 1347/2060/1798
f 1347/2060/1798 1378/2239/1975 1348/2241/1977
f 1347/2060/1798 1348/2241/1977 1317/2062/1800
f 1317/2062/1800 1348/2241/1977 1318/2243/1979
f 1317/2062/1800 1318/2243/1979 1257/2064/1802
f 1257/2064/1802 1318/2243/1979 1258/2245/1981
f 1257/2064/1802 1258/2245/1981 1310/2066/1804
f 1310/2066/1804 1258/2245/1981 1309/2247/1983
f 1310/2066/1804 1309/2247/1983 3891/2068/1806
f 3891/2068/1806 1309/2247/1983 3892/2249/1985
f 3891/2068/1806 3892/2249/1985 3861/2070/1808
f 3861/2070/1808 3892/2249/1985 3862/2251/1987
f 3861/2070/1808 3862/2251/1987 3831/2072/1810
f 3831/2072/1810 3862/2251/1987 3832/2253/1989
f 3831/2072/1810 3832/2253/1989 3801/2074/1812
f 3801/2074/1812 3832/2253/1989 3802/2255/1991
f 3801/2074/1812 3802/2255/1991 3741/2076/1814
f 3741/2076/1814 3802/2255/1991 3742/2257/1993
f 3741/2076/1814 3742/2257/1993 3793/2078/1816
f 3793/2078/1816 3742/2257/1993 3792/2259/1995
f 3793/2078/1816 3792/2259/1995 3714/2080/1818
f 3714/2080/1818 3792/2259/1995 3715/2261/1997
f 3714/2080/1818 3715/2261/1997 3684/2082/1820
f 3684/2082/1820 3715/2261/1997 3685/2263/1999
f 3684/2082/1820 3685/2263/1999 3654/2084/1822
f 3654/2084/1822 3685/2263/1999 3655/2265/2001
f 3654/2084/1822 3655/2265/2001 3624/2086/1824
f 3624/2086/1824 3655/2265/2001 3625/2267/2003
f 3624/2086/1824 3625/2267/2003 3594/2088/1826
f 3594/2088/1826 3625/2267/2003 3595/2269/2005
f 3594/2088/1826 3595/2269/2005 3564/2090/1828
f 3564/2090/1828 3595/2269/2005 3565/2271/2007
f 3564/2090/1828 3565/2271/2007 3534/2092/1830
f 3534/2092/1830 3565/2271/2007 3535/2273/2009
f 3534/2092/1830 3535/2273/2009 3504/2094/1832
f 3504/2094/1832 3535/2273/2009 3505/2275/2011
f 3504/2094/1832 3505/2275/2011 3474/2096/1834
f 3474/2096/1834 3505/2275/2011 3475/2277/2013
f 3474/2096/1834 3475/2277/2013 3444/2098/1836
f 3444/2098/1836 3475/2277/2013 3445/2279/2015
f 3444/2098/1836 3445/2279/2015 3385/2100/1838
f 3385/2100/1838 3445/2279/2015 3386/2281/2017
f 3385/2100/1838 3386/2281/2017 3434/2102/1840
f 3434/2102/1840 3386/2281/2017 3433/2283/2019
f 3434/2102/1840 3433/2283/2019 3355/2104/1842
f 3355/2104/1842 3433/2283/2019 3356/2285/2021
f 3355/2104/1842 3356/2285/2021 3325/2106/1844
f 3325/2106/1844 3356/2285/2021 3326/2287/2023
f 3325/2106/1844 3326/2287/2023 3295/2108/1846
f 3295/2108/1846 3326/2287/2023 3296/2289/2025
f 3295/2108/1846 3296/2289/2025 1223/2110/1848
f 1223/2110/1848 3296/2289/2025 1224/2291/2027
f 1223/2112/1848 1224/2293/2027 3265/2114/1850
f 3265/2114/1850 1224/2293/2027 3266/2295/2029
f 3265/2114/1850 3266/2295/2029 3235/2116/1852
f 3235/2116/1852 3266/2295/2029 3236/2297/2031
f 3235/2116/1852 3236/2297/2031 3205/2118/1854
f 3205/2118/1854 3236/2297/2031 3206/2299/2033
f 3205/2118/1854 3206/2299/2033 3175/2120/1856
f 3175/2120/1856 3206/2299/2033 3176/2301/2035
f 3175/2120/1856 3176/2301/2035 3145/2122/1858
f 3145/2122/1858 3176/2301/2035 3146/2303/2037
f 3145/2122/1858 3146/2303/2037 3115/2124/1860
f 3115/2124/1860 3146/2303/2037 3116/2305/2039
f 3115/2124/1860 3116/2305/2039 3085/2126/1862
f 3085/2126/1862 3116/2305/2039 3086/2307/2041
f 3085/2126/1862 3086/2307/2041 3026/2128/1864
f 3026/2128/1864 3086/2307/2041 3027/2309/2043
f 3026/2128/1864 3027/2309/2043 3075/2130/1866
f 3075/2130/1866 3027/2309/2043 3074/2311/2045
f 3075/2130/1866 3074/2311/2045 2996/2132/1868
f 2996/2132/1868 3074/2311/2045 2997/2313/2047
f 2996/2132/1868 2997/2313/2047 2966/2134/1870
f 2966/2134/1870 2997/2313/2047 2967/2315/2049
f 2966/2134/1870 2967/2315/2049 2936/2136/1872
f 2936/2136/1872 2967/2315/2049 2937/2317/2051
f 2936/2136/1872 2937/2317/2051 2906/2138/1874
f 2906/2138/1874 2937/2317/2051 2907/2319/2053
f 2906/2138/1874 2907/2319/2053 2876/2140/1876
f 2876/2140/1876 2907/2319/2053 2877/2321/2055
f 2876/2140/1876 2877/2321/2055 2846/2142/1878
f 2846/2142/1878 2877/2321/2055 2847/2323/2057
f 2846/2142/1878 2847/2323/2057 2816/2144/1880
f 2816/2144/1880 2847/2323/2057 2817/2325/2059
f 2816/2144/1880 2817/2325/2059 2786/2146/1882
f 2786/2146/1882 2817/2325/2059 2787/2327/2061
f 2786/2146/1882 2787/2327/2061 2756/2148/1884
f 2756/2148/1884 2787/2327/2061 2757/2329/2063
f 2756/2148/1884 2757/2329/2063 2726/2150/1886
f 2726/2150/1886 2757/2329/2063 2727/2331/2065
f 2726/2150/1886 2727/2331/2065 2696/2152/1888
f 2696/2152/1888 2727/2331/2065 2697/2333/2067
f 2696/2152/1888 2697/2333/2067 2636/2154/1890
f 2636/2154/1890 2697/2333/2067 2637/2335/2069
f 2636/2154/1890 2637/2335/2069 2685/2156/1892
f 2685/2156/1892 2637/2335/2069 2684/2337/2071
f 2685/2156/1892 2684/2337/2071 2606/2158/1894
f 2606/2158/1894 2684/2337/2071 2607/2339/2073
f 2606/2158/1894 2607/2339/2073 2577/2160/1896
f 2577/2160/1896 2607/2339/2073 2578/2341/2075
f 2577/2160/1896 2578/2341/2075 2547/2162/1898
f 2547/2162/1898 2578/2341/2075 2548/2343/2077
f 2547/2162/1898 2548/2343/2077 2517/2164/1900
f 2517/2164/1900 2548/2343/2077 2518/2345/2079
f 2517/2164/1900 2518/2345/2079 2487/2166/1902
f 2487/2166/1902 2518/2345/2079 2488/2347/2081
f 2487/2166/1902 2488/2347/2081 2457/2168/1904
f 2457/2168/1904 2488/2347/2081 2458/2349/2083
f 2457/2168/1904 2458/2349/2083 2427/2170/1906
f 2427/2170/1906 2458/2349/2083 2428/2351/2085
f 2427/2170/1906 2428/2351/2085 2397/2172/1908
f 2397/2172/1908 2428/2351/2085 2398/2353/2087
f 2397/2172/1908 2398/2353/2087 2367/2174/1910
f 2367/2174/1910 2398/2353/2087 2368/2355/2089
f 2367/2174/1910 2368/2355/2089 2337/2176/1912
f 2337/2176/1912 2368/2355/2089 2338/2357/2091
f 2337/2176/1912 2338/2357/2091 2307/2178/1914
f 2307/2178/1914 2338/2357/2091 2308/2359/2093
f 2307/2178/1914 2308/2359/2093 2247/2180/1916
f 2247/2180/1916 2308/2359/2093 2248/2361/2095
f 2247/2180/1916 2248/2361/2095 2296/2182/1918
f 2296/2182/1918 2248/2361/2095 2295/2363/2097
f 2296/2182/1918 2295/2363/2097 2217/2184/1920
f 2217/2184/1920 2295/2363/2097 2218/2365/2099
f 2217/2184/1920 2218/2365/2099 2188/2186/1922
f 2188/2186/1922 2218/2365/2099 2189/2367/2101
f 2188/2186/1922 2189/2367/2101 2158/2188/1924
f 2158/2188/1924 2189/2367/2101 2159/2369/2103
f 2158/2188/1924 2159/2369/2103 2128/2190/1926
f 2128/2190/1926 2159/2369/2103 2129/2371/2105
f 2128/2190/1926 2129/2371/2105 2098/2192/1928
f 2098/2192/1928 2129/2371/2105 2099/2373/2107
f 2098/2192/1928 2099/2373/2107 2068/2194/1930
f 2068/2194/1930 2099/2373/2107 2069/2375/2109
f 2068/2194/1930 2069/2375/2109 2038/2196/1932
f 2038/2196/1932 2069/2375/2109 2039/2377/2111
f 2038/2196/1932 2039/2377/2111 2008/2198/1934
f 2008/2198/1934 2039/2377/2111 2009/2379/2113
f 2008/2198/1934 2009/2379/2113 1978/2200/1936
f 1978/2200/1936 2009/2379/2113 1979/2381/2115
f 1978/2200/1936 1979/2381/2115 1948/2202/1938
f 1948/2202/1938 1979/2381/2115 1949/2383/2117
f 1948/2202/1938 1949/2383/2117 1918/2204/1940
f 1918/2204/1940 1949/2383/2117 1919/2385/2119
f 1918/2204/1940 1919/2385/2119 1858/2206/1942
f 1858/2206/1942 1919/2385/2119 1859/2387/2121
f 1858/2206/1942 1859/2387/2121 1907/2208/1944
f 1907/2208/1944 1859/2387/2121 1906/2389/2123
f 1907/2208/1944 1906/2389/2123 1828/2210/1946
f 1828/2210/1946 1906/2389/2123 1829/2391/2125
f 1828/2210/1946 1829/2391/2125 1799/2212/1948
f 1799/2212/1948 1829/2391/2125 1800/2393/2127
f 1799/2212/1948 1800/2393/2127 1769/2214/1950
f 1769/2214/1950 1800/2393/2127 1770/2395/2129
f 1769/2214/1950 1770/2395/2129 1739/2216/1952
f 1739/2216/1952 1770/2395/2129 1740/2397/2131
f 1739/2216/1952 1740/2397/2131 1709/2218/1954
f 1709/2218/1954 1740/2397/2131 1710/2399/2133
f 1709/2218/1954 1710/2399/2133 1679/2220/1956
f 1679/2220/1956 1710/2399/2133 1680/2401/2135
f 1679/2220/1956 1680/2401/2135 1649/2222/1958
f 1649/2222/1958 1680/2401/2135 1650/2403/2137
f 1649/2222/1958 1650/2403/2137 1619/2224/1960
f 1619/2224/1960 1650/2403/2137 1620/2405/2139
f 1619/2224/1960 1620/2405/2139 1589/2226/1962
f 1589/2226/1962 1620/2405/2139 1590/2407/2141
f 1589/2226/1962 1590/2407/2141 1559/2228/1964
f 1559/2228/1964 1590/2407/2141 1560/2409/2143
f 1559/2228/1964 1560/2409/2143 1529/2230/1966
f 1529/2230/1966 1560/2409/2143 1530/2411/2145
f 1529/2230/1966 1530/2411/2145 1469/2232/1968
f 1469/2232/1968 1530/2411/2145 1470/2413/2147
f 1469/2232/1968 1470/2413/2147 1518/2234/1970
f 1518/2234/1970 1470/2413/2147 1517/2415/2149
f 1518/2234/1970 1517/2415/2149 1439/2236/1972
f 1439/2236/1972 1517/2415/2149 1440/2417/2151
f 1439/2236/1972 1440/2417/2151 1409/2238/1974
f 1409/2238/1974 1440/2417/2151 1410/2419/2153
f 1409/2238/1974 1410/2419/2153 1379/2240/1976
f 1379/2240/1976 1410/2419/2153 1380/2421/2155
f 1379/2240/1976 1380/2421/2155 1349/2242/1978
f 1349/2242/1978 1380/2421/2155 1350/2423/2157
f 1349/2242/1978 1350/2423/2157 1319/2244/1980
f 1319/2244/1980 1350/2423/2157 1320/2425/2159
f 1319/2244/1980 1320/2425/2159 1259/2246/1982
f 1259/2246/1982 1320/2425/2159 1260/2427/2161
f 1259/2246/1982 1260/2427/2161 1308/2248/1984
f 1308/2248/1984 1260/2427/2161 1307/2429/2163
f 1308/2248/1984 1307/2429/2163 3893/2250/1986
f 3893/2250/1986 1307/2429/2163 3894/2431/2165
f 3893/2250/1986 3894/2431/2165 3863/2252/1988
f 3863/2252/1988 3894/2431/2165 3864/2433/2167
f 3863/2252/1988 3864/2433/2167 3833/2254/1990
f 3833/2254/1990 3864/2433/2167 3834/2435/2169
f 3833/2254/1990 3834/2435/2169 3803/2256/1992
f 3803/2256/1992 3834/2435/2169 3804/2437/2171
f 3803/2256/1992 3804/2437/2171 3743/2258/1994
f 3743/2258/1994 3804/2437/2171 3744/2439/2173
f 3743/2258/1994 3744/2439/2173 3791/2260/1996
f 3791/2260/1996 3744/2439/2173 3790/2441/2175
f 3791/2260/1996 3790/2441/2175 3716/2262/1998
f 3716/2262/1998 3790/2441/2175 3717/2443/2177
f 3716/2262/1998 3717/2443/2177 3686/2264/2000
f 3686/2264/2000 3717/2443/2177 3687/2445/2179
f 3686/2264/2000 3687/2445/2179 3656/2266/2002
f 3656/2266/2002 3687/2445/2179 3657/2447/2181
f 3656/2266/2002 3657/2447/2181 3626/2268/2004
f 3626/2268/2004 3657/2447/2181 3627/2449/2183
f 3626/2268/2004 3627/2449/2183 3596/2270/2006
f 3596/2270/2006 3627/2449/2183 3597/2451/2185
f 3596/2270/2006 3597/2451/2185 3566/2272/2008
f 3566/2272/2008 3597/2451/2185 3567/2453/2187
f 3566/2272/2008 3567/2453/2187 3536/2274/2010
f 3536/2274/2010 3567/2453/2187 3537/2455/2189
f 3536/2274/2010 3537/2455/2189 3506/2276/2012
f 3506/2276/2012 3537/2455/2189 3507/2457/2191
f 3506/2276/2012 3507/2457/2191 3476/2278/2014
f 3476/2278/2014 3507/2457/2191 3477/2459/2193
f 3476/2278/2014 3477/2459/2193 3446/2280/2016
f 3446/2280/2016 3477/2459/2193 3447/2461/2195
f 3446/2280/2016 3447/2461/2195 3387/2282/2018
f 3387/2282/2018 3447/2461/2195 3388/2463/2197
f 3387/2282/2018 3388/2463/2197 3432/2284/2020
f 3432/2284/2020 3388/2463/2197 3431/2465/2199
f 3432/2284/2020 3431/2465/2199 3357/2286/2022
f 3357/2286/2022 3431/2465/2199 3358/2467/2201
f 3357/2286/2022 3358/2467/2201 3327/2288/2024
f 3327/2288/2024 3358/2467/2201 3328/2469/2203
f 3327/2288/2024 3328/2469/2203 3297/2290/2026
f 3297/2290/2026 3328/2469/2203 3298/2471/2205
f 3297/2290/2026 3298/2471/2205 1225/2292/2028
f 1225/2292/2028 3298/2471/2205 1226/2473/2207
f 1225/2294/2028 1226/2475/2207 3267/2296/2030
f 3267/2296/2030 1226/2475/2207 3268/2477/2209
f 3267/2296/2030 3268/2477/2209 3237/2298/2032
f 3237/2298/2032 3268/2477/2209 3238/2479/2211
f 3237/2298/2032 3238/2479/2211 3207/2300/2034
f 3207/2300/2034 3238/2479/2211 3208/2481/2213
f 3207/2300/2034 3208/2481/2213 3177/2302/2036
f 3177/2302/2036 3208/2481/2213 3178/2483/2215
f 3177/2302/2036 3178/2483/2215 3147/2304/2038
f 3147/2304/2038 3178/2483/2215 3148/2485/2217
f 3147/2304/2038 3148/2485/2217 3117/2306/2040
f 3117/2306/2040 3148/2485/2217 3118/2487/2219
f 3117/2306/2040 3118/2487/2219 3087/2308/2042
f 3087/2308/2042 3118/2487/2219 3088/2489/2221
f 3087/2308/2042 3088/2489/2221 3028/2310/2044
f 3028/2310/2044 3088/2489/2221 3029/2491/2223
f 3028/2310/2044 3029/2491/2223 3073/2312/2046
f 3073/2312/2046 3029/2491/2223 3072/2493/2225
f 3073/2312/2046 3072/2493/2225 2998/2314/2048
f 2998/2314/2048 3072/2493/2225 2999/2495/2227
f 2998/2314/2048 2999/2495/2227 2968/2316/2050
f 2968/2316/2050 2999/2495/2227 2969/2497/2229
f 2968/2316/2050 2969/2497/2229 2938/2318/2052
f 2938/2318/2052 2969/2497/2229 2939/2499/2231
f 2938/2318/2052 2939/2499/2231 2908/2320/2054
f 2908/2320/2054 2939/2499/2231 2909/2501/2233
f 2908/2320/2054 2909/2501/2233 2878/2322/2056
f 2878/2322/2056 2909/2501/2233 2879/2503/2235
f 2878/2322/2056 2879/2503/2235 2848/2324/2058
f 2848/2324/2058 2879/2503/2235 2849/2505/2237
f 2848/2324/2058 2849/2505/2237 2818/2326/2060
f 2818/2326/2060 2849/2505/2237 2819/2507/2239
f 2818/2326/2060 2819/2507/2239 2788/2328/2062
f 2788/2328/2062 2819/2507/2239 2789/2509/2241
f 2788/2328/2062 2789/2509/2241 2758/2330/2064
f 2758/2330/2064 2789/2509/2241 2759/2511/2243
f 2758/2330/2064 2759/2511/2243 2728/2332/2066
f 2728/2332/2066 2759/2511/2243 2729/2513/2245
f 2728/2332/2066 2729/2513/2245 2698/2334/2068
f 2698/2334/2068 2729/2513/2245 2699/2515/2247
f 2698/2334/2068 2699/2515/2247 2638/2336/2070
f 2638/2336/2070 2699/2515/2247 2639/2517/2249
f 2638/2336/2070 2639/2517/2249 2683/2338/2072
f 2683/2338/2072 2639/2517/2249 2682/2519/2251
f 2683/2338/2072 2682/2519/2251 2608/2340/2074
f 2608/2340/2074 2682/2519/2251 2609/2521/2253
f 2608/2340/2074 2609/2521/2253 2579/2342/2076
f 2579/2342/2076 2609/2521/2253 2580/2523/2255
f 2579/2342/2076 2580/2523/2255 2549/2344/2078
f 2549/2344/2078 2580/2523/2255 2550/2525/2257
f 2549/2344/2078 2550/2525/2257 2519/2346/2080
f 2519/2346/2080 2550/2525/2257 2520/2527/2259
f 2519/2346/2080 2520/2527/2259 2489/2348/2082
f 2489/2348/2082 2520/2527/2259 2490/2529/2261
f 2489/2348/2082 2490/2529/2261 2459/2350/2084
f 2459/2350/2084 2490/2529/2261 2460/2531/2263
f 2459/2350/2084 2460/2531/2263 2429/2352/2086
f 2429/2352/2086 2460/2531/2263 2430/2533/2265
f 2429/2352/2086 2430/2533/2265 2399/2354/2088
f 2399/2354/2088 2430/2533/2265 2400/2535/2267
f 2399/2354/2088 2400/2535/2267 2369/2356/2090
f 2369/2356/2090 2400/2535/2267 2370/2537/2269
f 2369/2356/2090 2370/2537/2269 2339/2358/2092
f 2339/2358/2092 2370/2537/2269 2340/2539/2271
f 2339/2358/2092 2340/2539/2271 2309/2360/2094
f 2309/2360/2094 2340/2539/2271 2310/2541/2273
f 2309/2360/2094 2310/2541/2273 2249/2362/2096
f 2249/2362/2096 2310/2541/2273 2250/2543/2275
f 2249/2362/2096 2250/2543/2275 2294/2364/2098
f 2294/2364/2098 2250/2543/2275 2293/2545/2277
f 2294/2364/2098 2293/2545/2277 2219/2366/2100
f 2219/2366/2100 2293/2545/2277 2220/2547/2279
f 2219/2366/2100 2220/2547/2279 2190/2368/2102
f 2190/2368/2102 2220/2547/2279 2191/2549/2281
f 2190/2368/2102 2191/2549/2281 2160/2370/2104
f 2160/2370/2104 2191/2549/2281 2161/2551/2283
f 2160/2370/2104 2161/2551/2283 2130/2372/2106
f 2130/2372/2106 2161/2551/2283 2131/2553/2285
f 2130/2372/2106 2131/2553/2285 2100/2374/2108
f 2100/2374/2108 2131/2553/2285 2101/2555/2287
f 2100/2374/2108 2101/2555/2287 2070/2376/2110
f 2070/2376/2110 2101/2555/2287 2071/2557/2289
f 2070/2376/2110 2071/2557/2289 2040/2378/2112
f 2040/2378/2112 2071/2557/2289 2041/2559/2291
f 2040/2378/2112 2041/2559/2291 2010/2380/2114
f 2010/2380/2114 2041/2559/2291 2011/2561/2293
f 2010/2380/2114 2011/2561/2293 1980/2382/2116
f 1980/2382/2116 2011/2561/2293 1981/2563/2295
f 1980/2382/2116 1981/2563/2295 1950/2384/2118
f 1950/2384/2118 1981/2563/2295 1951/2565/2297
f 1950/2384/2118 1951/2565/2297 1920/2386/2120
f 1920/2386/2120 1951/2565/2297 1921/2567/2299
f 1920/2386/2120 1921/2567/2299 1860/2388/2122
f 1860/2388/2122 1921/2567/2299 1861/2569/2301
f 1860/2388/2122 1861/2569/2301 1905/2390/2124
f 1905/2390/2124 1861/2569/2301 1904/2571/2303
f 1905/2390/2124 1904/2571/2303 1830/2392/2126
f 1830/2392/2126 1904/2571/2303 1831/2573/2305
f 1830/2392/2126 1831/2573/2305 1801/2394/2128
f 1801/2394/2128 1831/2573/2305 1802/2575/2307
f 1801/2394/2128 1802/2575/2307 1771/2396/2130
f 1771/2396/2130 1802/2575/2307 1772/2577/2309
f 1771/2396/2130 1772/2577/2309 1741/2398/2132
f 1741/2398/2132 1772/2577/2309 1742/2579/2311
f 1741/2398/2132 1742/2579/2311 1711/2400/2134
f 1711/2400/2134 1742/2579/2311 1712/2581/2313
f 1711/2400/2134 1712/2581/2313 1681/2402/2136
f 1681/2402/2136 1712/2581/2313 1682/2583/2315
f 1681/2402/2136 1682/2583/2315 1651/2404/2138
f 1651/2404/2138 1682/2583/2315 1652/2585/2317
f 1651/2404/2138 1652/2585/2317 1621/2406/2140
f 1621/2406/2140 1652/2585/2317 1622/2587/2319
f 1621/2406/2140 1622/2587/2319 1591/2408/2142
f 1591/2408/2142 1622/2587/2319 1592/2589/2321
f 1591/2408/2142 1592/2589/2321 1561/2410/2144
f 1561/2410/2144 1592/2589/2321 1562/2591/2323
f 1561/2410/2144 1562/2591/2323 1531/2412/2146
f 1531/2412/2146 1562/2591/2323 1532/2593/2325
f 1531/2412/2146 1532/2593/2325 1471/2414/2148
f 1471/2414/2148 1532/2593/2325 1472/2595/2327
f 1471/2414/2148 1472/2595/2327 1516/2416/2150
f 1516/2416/2150 1472/2595/2327 1515/2597/2329
f 1516/2416/2150 1515/2597/2329 1441/2418/2152
f 1441/2418/2152 1515/2597/2329 1442/2599/2331
f 1441/2418/2152 1442/2599/2331 1411/2420/2154
f 1411/2420/2154 1442/2599/2331 1412/2601/2333
f 1411/2420/2154 1412/2601/2333 1381/2422/2156
f 1381/2422/2156 1412/2601/2333 1382/2603/2335
f 1381/2422/2156 1382/2603/2335 1351/2424/2158
f 1351/2424/2158 1382/2603/2335 1352/2605/2337
f 1351/2424/2158 1352/2605/2337 1321/2426/2160
f 1321/2426/2160 1352/2605/2337 1322/2607/2339
f 1321/2426/2160 1322/2607/2339 1261/2428/2162
f 1261/2428/2162 1322/2607/2339 1262/2609/2341
f 1261/2428/2162 1262/2609/2341 1306/2430/2164
f 1306/2430/2164 1262/2609/2341 1305/2611/2343
f 1306/2430/2164 1305/2611/2343 3895/2432/2166
f 3895/2432/2166 1305/2611/2343 3896/2613/2345
f 3895/2432/2166 3896/2613/2345 3865/2434/2168
f 3865/2434/2168 3896/2613/2345 3866/2615/2347
f 3865/2434/2168 3866/2615/2347 3835/2436/2170
f 3835/2436/2170 3866/2615/2347 3836/2617/2349
f 3835/2436/2170 3836/2617/2349 3805/2438/2172
f 3805/2438/2172 3836/2617/2349 3806/2619/2351
f 3805/2438/2172 3806/2619/2351 3745/2440/2174
f 3745/2440/2174 3806/2619/2351 3746/2621/2353
f 3745/2440/2174 3746/2621/2353 3789/2442/2176
f 3789/2442/2176 3746/2621/2353 3788/2623/2355
f 3789/2442/2176 3788/2623/2355 3718/2444/2178
f 3718/2444/2178 3788/2623/2355 3719/2625/2357
f 3718/2444/2178 3719/2625/2357 3688/2446/2180
f 3688/2446/2180 3719/2625/2357 3689/2627/2359
f 3688/2446/2180 3689/2627/2359 3658/2448/2182
f 3658/2448/2182 3689/2627/2359 3659/2629/2361
f 3658/2448/2182 3659/2629/2361 3628/2450/2184
f 3628/2450/2184 3659/2629/2361 3629/2631/2363
f 3628/2450/2184 3629/2631/2363 3598/2452/2186
f 3598/2452/2186 3629/2631/2363 3599/2633/2365
f 3598/2452/2186 3599/2633/2365 3568/2454/2188
f 3568/2454/2188 3599/2633/2365 3569/2635/2367
f 3568/2454/2188 3569/2635/2367 3538/2456/2190
f 3538/2456/2190 3569/2635/2367 3539/2637/2369
f 3538/2456/2190 3539/2637/2369 3508/2458/2192
f 3508/2458/2192 3539/2637/2369 3509/2639/2371
f 3508/2458/2192 3509/2639/2371 3478/2460/2194
f 3478/2460/2194 3509/2639/2371 3479/2641/2373
f 3478/2460/2194 3479/2641/2373 3448/2462/2196
f 3448/2462/2196 3479/2641/2373 3449/2643/2375
f 3448/2462/2196 3449/2643/2375 3389/2464/2198
f 3389/2464/2198 3449/2643/2375 3390/2645/2377
f 3389/2464/2198 3390/2645/2377 3430/2466/2200
f 3430/2466/2200 3390/2645/2377 3429/2647/2379
f 3430/2466/2200 3429/2647/2379 3359/2468/2202
f 3359/2468/2202 3429/2647/2379 3360/2649/2381
f 3359/2468/2202 3360/2649/2381 3329/2470/2204
f 3329/2470/2204 3360/2649/2381 3330/2651/2383
f 3329/2470/2204 3330/2651/2383 3299/2472/2206
f 3299/2472/2206 3330/2651/2383 3300/2653/2385
f 3299/2472/2206 3300/2653/2385 1227/2474/2208
f 1227/2474/2208 3300/2653/2385 1228/2655/2387
f 1227/2476/2208 1228/2657/2387 3269/2478/2210
f 3269/2478/2210 1228/2657/2387 3270/2659/2389
f 3269/2478/2210 3270/2659/2389 3239/2480/2212
f 3239/2480/2212 3270/2659/2389 3240/2661/2391
f 3239/2480/2212 3240/2661/2391 3209/2482/2214
f 3209/2482/2214 3240/2661/2391 3210/2663/2393
f 3209/2482/2214 3210/2663/2393 3179/2484/2216
f 3179/2484/2216 3210/2663/2393 3180/2665/2395
f 3179/2484/2216 3180/2665/2395 3149/2486/2218
f 3149/2486/2218 3180/2665/2395 3150/2667/2397
f 3149/2486/2218 3150/2667/2397 3119/2488/2220
f 3119/2488/2220 3150/2667/2397 3120/2669/2399
f 3119/2488/2220 3120/2669/2399 3089/2490/2222
f 3089/2490/2222 3120/2669/2399 3090/2671/2401
f 3089/2490/2222 3090/2671/2401 3030/2492/2224
f 3030/2492/2224 3090/2671/2401 3031/2673/2403
f 3030/2492/2224 3031/2673/2403 3071/2494/2226
f 3071/2494/2226 3031/2673/2403 3070/2675/2405
f 3071/2494/2226 3070/2675/2405 3000/2496/2228
f 3000/2496/2228 3070/2675/2405 3001/2677/2407
f 3000/2496/2228 3001/2677/2407 2970/2498/2230
f 2970/2498/2230 3001/2677/2407 2971/2679/2409
f 2970/2498/2230 2971/2679/2409 2940/2500/2232
f 2940/2500/2232 2971/2679/2409 2941/2681/2411
f 2940/2500/2232 2941/2681/2411 2910/2502/2234
f 2910/2502/2234 2941/2681/2411 2911/2683/2413
f 2910/2502/2234 2911/2683/2413 2880/2504/2236
f 2880/2504/2236 2911/2683/2413 2881/2685/2415
f 2880/2504/2236 2881/2685/2415 2850/2506/2238
f 2850/2506/2238 2881/2685/2415 2851/2687/2417
f 2850/2506/2238 2851/2687/2417 2820/2508/2240
f 2820/2508/2240 2851/2687/2417 2821/2689/2419
f 2820/2508/2240 2821/2689/2419 2790/2510/2242
f 2790/2510/2242 2821/2689/2419 2791/2691/2421
f 2790/2510/2242 2791/2691/2421 2760/2512/2244
f 2760/2512/2244 2791/2691/2421 2761/2693/2423
f 2760/2512/2244 2761/2693/2423 2730/2514/2246
f 2730/2514/2246 2761/2693/2423 2731/2695/2425
f 2730/2514/2246 2731/2695/2425 2700/2516/2248
f 2700/2516/2248 2731/2695/2425 2701/2697/2427
f 2700/2516/2248 2701/2697/2427 2640/2518/2250
f 2640/2518/2250 2701/2697/2427 2641/2699/2429
f 2640/2518/2250 2641/2699/2429 2681/2520/2252
f 2681/2520/2252 2641/2699/2429 2680/2701/2431
f 2681/2520/2252 2680/2701/2431 2610/2522/2254
f 2610/2522/2254 2680/2701/2431 2611/2703/2433
f 2610/2522/2254 2611/2703/2433 2581/2524/2256
f 2581/2524/2256 2611/2703/2433 2582/2705/2435
f 2581/2524/2256 2582/2705/2435 2551/2526/2258
f 2551/2526/2258 2582/2705/2435 2552/2707/2437
f 2551/2526/2258 2552/2707/2437 2521/2528/2260
f 2521/2528/2260 2552/2707/2437 2522/2709/2439
f 2521/2528/2260 2522/2709/2439 2491/2530/2262
f 2491/2530/2262 2522/2709/2439 2492/2711/2441
f 2491/2530/2262 2492/2711/2441 2461/2532/2264
f 2461/2532/2264 2492/2711/2441 2462/2713/2443
f 2461/2532/2264 2462/2713/2443 2431/2534/2266
f 2431/2534/2266 2462/2713/2443 2432/2715/2445
f 2431/2534/2266 2432/2715/2445 2401/2536/2268
f 2401/2536/2268 2432/2715/2445 2402/2717/2447
f 2401/2536/2268 2402/2717/2447 2371/2538/2270
f 2371/2538/2270 2402/2717/2447 2372/2719/2449
f 2371/2538/2270 2372/2719/2449 2341/2540/2272
f 2341/2540/2272 2372/2719/2449 2342/2721/2451
f 2341/2540/2272 2342/2721/2451 2311/2542/2274
f 2311/2542/2274 2342/2721/2451 2312/2723/2453
f 2311/2542/2274 2312/2723/2453 2251/2544/2276
f 2251/2544/2276 2312/2723/2453 2252/2725/2455
f 2251/2544/2276 2252/2725/2455 2292/2546/2278
f 2292/2546/2278 2252/2725/2455 2291/2727/2457
f 2292/2546/2278 2291/2727/2457 2221/2548/2280
f 2221/2548/2280 2291/2727/2457 2222/2729/2459
f 2221/2548/2280 2222/2729/2459 2192/2550/2282
f 2192/2550/2282 2222/2729/2459 2193/2731/2461
f 2192/2550/2282 2193/2731/2461 2162/2552/2284
f 2162/2552/2284 2193/2731/2461 2163/2733/2463
f 2162/2552/2284 2163/2733/2463 2132/2554/2286
f 2132/2554/2286 2163/2733/2463 2133/2735/2465
f 2132/2554/2286 2133/2735/2465 2102/2556/2288
f 2102/2556/2288 2133/2735/2465 2103/2737/2467
f 2102/2556/2288 2103/2737/2467 2072/2558/2290
f 2072/2558/2290 2103/2737/2467 2073/2739/2469
f 2072/2558/2290 2073/2739/2469 2042/2560/2292
f 2042/2560/2292 2073/2739/2469 2043/2741/2471
f 2042/2560/2292 2043/2741/2471 2012/2562/2294
f 2012/2562/2294 2043/2741/2471 2013/2743/2473
f 2012/2562/2294 2013/2743/2473 1982/2564/2296
f 1982/2564/2296 2013/2743/2473 1983/2745/2475
f 1982/2564/2296 1983/2745/2475 1952/2566/2298
f 1952/2566/2298 1983/2745/2475 1953/2747/2477
f 1952/2566/2298 1953/2747/2477 1922/2568/2300
f 1922/2568/2300 1953/2747/2477 1923/2749/2479
f 1922/2568/2300 1923/2749/2479 1862/2570/2302
f 1862/2570/2302 1923/2749/2479 1863/2751/2481
f 1862/2570/2302 1863/2751/2481 1903/2572/2304
f 1903/2572/2304 1863/2751/2481 1902/2753/2483
f 1903/2572/2304 1902/2753/2483 1832/2574/2306
f 1832/2574/2306 1902/2753/2483 1833/2755/2485
f 1832/2574/2306 1833/2755/2485 1803/2576/2308
f 1803/2576/2308 1833/2755/2485 1804/2757/2487
f 1803/2576/2308 1804/2757/2487 1773/2578/2310
f 1773/2578/2310 1804/2757/2487 1774/2759/2489
f 1773/2578/2310 1774/2759/2489 1743/2580/2312
f 1743/2580/2312 1774/2759/2489 1744/2761/2491
f 1743/2580/2312 1744/2761/2491 1713/2582/2314
f 1713/2582/2314 1744/2761/2491 1714/2763/2493
f 1713/2582/2314 1714/2763/2493 1683/2584/2316
f 1683/2584/2316 1714/2763/2493 1684/2765/2495
f 1683/2584/2316 1684/2765/2495 1653/2586/2318
f 1653/2586/2318 1684/2765/2495 1654/2767/2497
f 1653/2586/2318 1654/2767/2497 1623/2588/2320
f 1623/2588/2320 1654/2767/2497 1624/2769/2499
f 1623/2588/2320 1624/2769/2499 1593/2590/2322
f 1593/2590/2322 1624/2769/2499 1594/2771/2501
f 1593/2590/2322 1594/2771/2501 1563/2592/2324
f 1563/2592/2324 1594/2771/2501 1564/2773/2503
f 1563/2592/2324 1564/2773/2503 1533/2594/2326
f 1533/2594/2326 1564/2773/2503 1534/2775/2505
f 1533/2594/2326 1534/2775/2505 1473/2596/2328
f 1473/2596/2328 1534/2775/2505 1474/2777/2507
f 1473/2596/2328 1474/2777/2507 1514/2598/2330
f 1514/2598/2330 1474/2777/2507 1513/2779/2509
f 1514/2598/2330 1513/2779/2509 1443/2600/2332
f 1443/2600/2332 1513/2779/2509 1444/2781/2511
f 1443/2600/2332 1444/2781/2511 1413/2602/2334
f 1413/2602/2334 1444/2781/2511 1414/2783/2513
f 1413/2602/2334 1414/2783/2513 1383/2604/2336
f 1383/2604/2336 1414/2783/2513 1384/2785/2515
f 1383/2604/2336 1384/2785/2515 1353/2606/2338
f 1353/2606/2338 1384/2785/2515 1354/2787/2517
f 1353/2606/2338 1354/2787/2517 1323/2608/2340
f 1323/2608/2340 1354/2787/2517 1324/2789/2519
f 1323/2608/2340 1324/2789/2519 1263/2610/2342
f 1263/2610/2342 1324/2789/2519 1264/2791/2521
f 1263/2610/2342 1264/2791/2521 1304/2612/2344
f 1304/2612/2344 1264/2791/2521 1303/2793/2523
f 1304/2612/2344 1303/2793/2523 3897/2614/2346
f 3897/2614/2346 1303/2793/2523 3898/2795/2525
f 3897/2614/2346 3898/2795/2525 3867/2616/2348
f 3867/2616/2348 3898/2795/2525 3868/2797/2527
f 3867/2616/2348 3868/2797/2527 3837/2618/2350
f 3837/2618/2350 3868/2797/2527 3838/2799/2529
f 3837/2618/2350 3838/2799/2529 3807/2620/2352
f 3807/2620/2352 3838/2799/2529 3808/2801/2531
f 3807/2620/2352 3808/2801/2531 3747/2622/2354
f 3747/2622/2354 3808/2801/2531 3748/2803/2533
f 3747/2622/2354 3748/2803/2533 3787/2624/2356
f 3787/2624/2356 3748/2803/2533 3786/2805/2535
f 3787/2624/2356 3786/2805/2535 3720/2626/2358
f 3720/2626/2358 3786/2805/2535 3721/2807/2537
f 3720/2626/2358 3721/2807/2537 3690/2628/2360
f 3690/2628/2360 3721/2807/2537 3691/2809/2539
f 3690/2628/2360 3691/2809/2539 3660/2630/2362
f 3660/2630/2362 3691/2809/2539 3661/2811/2541
f 3660/2630/2362 3661/2811/2541 3630/2632/2364
f 3630/2632/2364 3661/2811/2541 3631/2813/2543
f 3630/2632/2364 3631/2813/2543 3600/2634/2366
f 3600/2634/2366 3631/2813/2543 3601/2815/2545
f 3600/2634/2366 3601/2815/2545 3570/2636/2368
f 3570/2636/2368 3601/2815/2545 3571/2817/2547
f 3570/2636/2368 3571/2817/2547 3540/2638/2370
f 3540/2638/2370 3571/2817/2547 3541/2819/2549
f 3540/2638/2370 3541/2819/2549 3510/2640/2372
f 3510/2640/2372 3541/2819/2549 3511/2821/2551
f 3510/2640/2372 3511/2821/2551 3480/2642/2374
f 3480/2642/2374 3511/2821/2551 3481/2823/2553
f 3480/2642/2374 3481/2823/2553 3450/2644/2376
f 3450/2644/2376 3481/2823/2553 3451/2825/2555
f 3450/2644/2376 3451/2825/2555 3391/2646/2378
f 3391/2646/2378 3451/2825/2555 3392/2827/2557
f 3391/2646/2378 3392/2827/2557 3428/2648/2380
f 3428/2648/2380 3392/2827/2557 3427/2829/2559
f 3428/2648/2380 3427/2829/2559 3361/2650/2382
f 3361/2650/2382 3427/2829/2559 3362/2831/2561
f 3361/2650/2382 3362/2831/2561 3331/2652/2384
f 3331/2652/2384 3362/2831/2561 3332/2833/2563
f 3331/2652/2384 3332/2833/2563 3301/2654/2386
f 3301/2654/2386 3332/2833/2563 3302/2835/2565
f 3301/2654/2386 3302/2835/2565 1229/2656/2388
f 1229/2656/2388 3302/2835/2565 1230/2837/2567
f 1229/2658/2388 1230/2839/2567 3271/2660/2390
f 3271/2660/2390 1230/2839/2567 3272/2841/2569
f 3271/2660/2390 3272/2841/2569 3241/2662/2392
f 3241/2662/2392 3272/2841/2569 3242/2843/2571
f 3241/2662/2392 3242/2843/2571 3211/2664/2394
f 3211/2664/2394 3242/2843/2571 3212/2845/2573
f 3211/2664/2394 3212/2845/2573 3181/2666/2396
f 3181/2666/2396 3212/2845/2573 3182/2847/2575
f 3181/2666/2396 3182/2847/2575 3151/2668/2398
f 3151/2668/2398 3182/2847/2575 3152/2849/2577
f 3151/2668/2398 3152/2849/2577 3121/2670/2400
f 3121/2670/2400 3152/2849/2577 3122/2851/2579
f 3121/2670/2400 3122/2851/2579 3091/2672/2402
f 3091/2672/2402 3122/2851/2579 3092/2853/2581
f 3091/2672/2402 3092/2853/2581 3032/2674/2404
f 3032/2674/2404 3092/2853/2581 3033/2855/2583
f 3032/2674/2404 3033/2855/2583 3069/2676/2406
f 3069/2676/2406 3033/2855/2583 3068/2857/2585
f 3069/2676/2406 3068/2857/2585 3002/2678/2408
f 3002/2678/2408 3068/2857/2585 3003/2859/2587
f 3002/2678/2408 3003/2859/2587 2972/2680/2410
f 2972/2680/2410 3003/2859/2587 2973/2861/2589
f 2972/2680/2410 2973/2861/2589 2942/2682/2412
f 2942/2682/2412 2973/2861/2589 2943/2863/2591
f 2942/2682/2412 2943/2863/2591 2912/2684/2414
f 2912/2684/2414 2943/2863/2591 2913/2865/2593
f 2912/2684/2414 2913/2865/2593 2882/2686/2416
f 2882/2686/2416 2913/2865/2593 2883/2867/2595
f 2882/2686/2416 2883/2867/2595 2852/2688/2418
f 2852/2688/2418 2883/2867/2595 2853/2869/2597
f 2852/2688/2418 2853/2869/2597 2822/2690/2420
f 2822/2690/2420 2853/2869/2597 2823/2871/2599
f 2822/2690/2420 2823/2871/2599 2792/2692/2422
f 2792/2692/2422 2823/2871/2599 2793/2873/2601
f 2792/2692/2422 2793/2873/2601 2762/2694/2424
f 2762/2694/2424 2793/2873/2601 2763/2875/2603
f 2762/2694/2424 2763/2875/2603 2732/2696/2426
f 2732/2696/2426 2763/2875/2603 2733/2877/2605
f 2732/2696/2426 2733/2877/2605 2702/2698/2428
f 2702/2698/2428 2733/2877/2605 2703/2879/2607
f 2702/2698/2428 2703/2879/2607 2642/2700/2430
f 2642/2700/2430 2703/2879/2607 2643/2881/2609
f 2642/2700/2430 2643/2881/2609 2679/2702/2432
f 2679/2702/2432 2643/2881/2609 2678/2883/2611
f 2679/2702/2432 2678/2883/2611 2612/2704/2434
f 2612/2704/2434 2678/2883/2611 2613/2885/2613
f 2612/2704/2434 2613/2885/2613 2583/2706/2436
f 2583/2706/2436 2613/2885/2613 2584/2887/2615
f 2583/2706/2436 2584/2887/2615 2553/2708/2438
f 2553/2708/2438 2584/2887/2615 2554/2889/2617
f 2553/2708/2438 2554/2889/2617 2523/2710/2440
f 2523/2710/2440 2554/2889/2617 2524/2891/2619
f 2523/2710/2440 2524/2891/2619 2493/2712/2442
f 2493/2712/2442 2524/2891/2619 2494/2893/2621
f 2493/2712/2442 2494/2893/2621 2463/2714/2444
f 2463/2714/2444 2494/2893/2621 2464/2895/2623
f 2463/2714/2444 2464/2895/2623 2433/2716/2446
f 2433/2716/2446 2464/2895/2623 2434/2897/2625
f 2433/2716/2446 2434/2897/2625 2403/2718/2448
f 2403/2718/2448 2434/2897/2625 2404/2899/2627
f 2403/2718/2448 2404/2899/2627 2373/2720/2450
f 2373/2720/2450 2404/2899/2627 2374/2901/2629
f 2373/2720/2450 2374/2901/2629 2343/2722/2452
f 2343/2722/2452 2374/2901/2629 2344/2903/2631
f 2343/2722/2452 2344/2903/2631 2313/2724/2454
f 2313/2724/2454 2344/2903/2631 2314/2905/2633
f 2313/2724/2454 2314/2905/2633 2253/2726/2456
f 2253/2726/2456 2314/2905/2633 2254/2907/2635
f 2253/2726/2456 2254/2907/2635 2290/2728/2458
f 2290/2728/2458 2254/2907/2635 2289/2909/2637
f 2290/2728/2458 2289/2909/2637 2223/2730/2460
f 2223/2730/2460 2289/2909/2637 2224/2911/2639
f 2223/2730/2460 2224/2911/2639 2194/2732/2462
f 2194/2732/2462 2224/2911/2639 2195/2913/2641
f 2194/2732/2462 2195/2913/2641 2164/2734/2464
f 2164/2734/2464 2195/2913/2641 2165/2915/2643
f 2164/2734/2464 2165/2915/2643 2134/2736/2466
f 2134/2736/2466 2165/2915/2643 2135/2917/2645
f 2134/2736/2466 2135/2917/2645 2104/2738/2468
f 2104/2738/2468 2135/2917/2645 2105/2919/2647
f 2104/2738/2468 2105/2919/2647 2074/2740/2470
f 2074/2740/2470 2105/2919/2647 2075/2921/2649
f 2074/2740/2470 2075/2921/2649 2044/2742/2472
f 2044/2742/2472 2075/2921/2649 2045/2923/2651
f 2044/2742/2472 2045/2923/2651 2014/2744/2474
f 2014/2744/2474 2045/2923/2651 2015/2925/2653
f 2014/2744/2474 2015/2925/2653 1984/2746/2476
f 1984/2746/2476 2015/2925/2653 1985/2927/2655
f 1984/2746/2476 1985/2927/2655 1954/2748/2478
f 1954/2748/2478 1985/2927/2655 1955/2929/2657
f 1954/2748/2478 1955/2929/2657 1924/2750/2480
f 1924/2750/2480 1955/2929/2657 1925/2931/2659
f 1924/2750/2480 1925/2931/2659 1864/2752/2482
f 1864/2752/2482 1925/2931/2659 1865/2933/2661
f 1864/2752/2482 1865/2933/2661 1901/2754/2484
f 1901/2754/2484 1865/2933/2661 1900/2935/2663
f 1901/2754/2484 1900/2935/2663 1834/2756/2486
f 1834/2756/2486 1900/2935/2663 1835/2937/2665
f 1834/2756/2486 1835/2937/2665 1805/2758/2488
f 1805/2758/2488 1835/2937/2665 1806/2939/2667
f 1805/2758/2488 1806/2939/2667 1775/2760/2490
f 1775/2760/2490 1806/2939/2667 1776/2941/2669
f 1775/2760/2490 1776/2941/2669 1745/2762/2492
f 1745/2762/2492 1776/2941/2669 1746/2943/2671
f 1745/2762/2492 1746/2943/2671 1715/2764/2494
f 1715/2764/2494 1746/2943/2671 1716/2945/2673
f 1715/2764/2494 1716/2945/2673 1685/2766/2496
f 1685/2766/2496 1716/2945/2673 1686/2947/2675
f 1685/2766/2496 1686/2947/2675 1655/2768/2498
f 1655/2768/2498 1686/2947/2675 1656/2949/2677
f 1655/2768/2498 1656/2949/2677 1625/2770/2500
f 1625/2770/2500 1656/2949/2677 1626/2951/2679
f 1625/2770/2500 1626/2951/2679 1595/2772/2502
f 1595/2772/2502 1626/2951/2679 1596/2953/2681
f 1595/2772/2502 1596/2953/2681 1565/2774/2504
f 1565/2774/2504 1596/2953/2681 1566/2955/2683
f 1565/2774/2504 1566/2955/2683 1535/2776/2506
f 1535/2776/2506 1566/2955/2683 1536/2957/2685
f 1535/2776/2506 1536/2957/2685 1475/2778/2508
f 1475/2778/2508 1536/2957/2685 1476/2959/2687
f 1475/2778/2508 1476/2959/2687 1512/2780/2510
f 1512/2780/2510 1476/2959/2687 1511/2961/2689
f 1512/2780/2510 1511/2961/2689 1445/2782/2512
f 1445/2782/2512 1511/2961/2689 1446/2963/2691
f 1445/2782/2512 1446/2963/2691 1415/2784/2514
f 1415/2784/2514 1446/2963/2691 1416/2965/2693
f 1415/2784/2514 1416/2965/2693 1385/2786/2516
f 1385/2786/2516 1416/2965/2693 1386/2967/2695
f 1385/2786/2516 1386/2967/2695 1355/2788/2518
f 1355/2788/2518 1386/2967/2695 1356/2969/2697
f 1355/2788/2518 1356/2969/2697 1325/2790/2520
f 1325/2790/2520 1356/2969/2697 1326/2971/2699
f 1325/2790/2520 1326/2971/2699 1265/2792/2522
f 1265/2792/2522 1326/2971/2699 1266/2973/2701
f 1265/2792/2522 1266/2973/2701 1302/2794/2524
f 1302/2794/2524 1266/2973/2701 1301/2975/2703
f 1302/2794/2524 1301/2975/2703 3899/2796/2526
f 3899/2796/2526 1301/2975/2703 3900/2977/2705
f 3899/2796/2526 3900/2977/2705 3869/2798/2528
f 3869/2798/2528 3900/2977/2705 3870/2979/2707
f 3869/2798/2528 3870/2979/2707 3839/2800/2530
f 3839/2800/2530 3870/2979/2707 3840/2981/2709
f 3839/2800/2530 3840/2981/2709 3809/2802/2532
f 3809/2802/2532 3840/2981/2709 3810/2983/2711
f 3809/2802/2532 3810/2983/2711 3749/2804/2534
f 3749/2804/2534 3810/2983/2711 3750/2985/2713
f 3749/2804/2534 3750/2985/2713 3785/2806/2536
f 3785/2806/2536 3750/2985/2713 3784/2987/2715
f 3785/2806/2536 3784/2987/2715 3722/2808/2538
f 3722/2808/2538 3784/2987/2715 3723/2989/2717
f 3722/2808/2538 3723/2989/2717 3692/2810/2540
f 3692/2810/2540 3723/2989/2717 3693/2991/2719
f 3692/2810/2540 3693/2991/2719 3662/2812/2542
f 3662/2812/2542 3693/2991/2719 3663/2993/2721
f 3662/2812/2542 3663/2993/2721 3632/2814/2544
f 3632/2814/2544 3663/2993/2721 3633/2995/2723
f 3632/2814/2544 3633/2995/2723 3602/2816/2546
f 3602/2816/2546 3633/2995/2723 3603/2997/2725
f 3602/2816/2546 3603/2997/2725 3572/2818/2548
f 3572/2818/2548 3603/2997/2725 3573/2999/2727
f 3572/2818/2548 3573/2999/2727 3542/2820/2550
f 3542/2820/2550 3573/2999/2727 3543/3001/2729
f 3542/2820/2550 3543/3001/2729 3512/2822/2552
f 3512/2822/2552 3543/3001/2729 3513/3003/2731
f 3512/2822/2552 3513/3003/2731 3482/2824/2554
f 3482/2824/2554 3513/3003/2731 3483/3005/2733
f 3482/2824/2554 3483/3005/2733 3452/2826/2556
f 3452/2826/2556 3483/3005/2733 3453/3007/2735
f 3452/2826/2556 3453/3007/2735 3393/2828/2558
f 3393/2828/2558 3453/3007/2735 3394/3009/2737
f 3393/2828/2558 3394/3009/2737 3426/2830/2560
f 3426/2830/2560 3394/3009/2737 3425/3011/2739
f 3426/2830/2560 3425/3011/2739 3363/2832/2562
f 3363/2832/2562 3425/3011/2739 3364/3013/2741
f 3363/2832/2562 3364/3013/2741 3333/2834/2564
f 3333/2834/2564 3364/3013/2741 3334/3015/2743
f 3333/2834/2564 3334/3015/2743 3303/2836/2566
f 3303/2836/2566 3334/3015/2743 3304/3017/2745
f 3303/2836/2566 3304/3017/2745 1231/2838/2568
f 1231/2838/2568 3304/3017/2745 1232/3019/2747
f 1231/2840/2568 1232/3021/2747 3273/2842/2570
f 3273/2842/2570 1232/3021/2747 3274/3023/2749
f 3273/2842/2570 3274/3023/2749 3243/2844/2572
f 3243/2844/2572 3274/3023/2749 3244/3025/2751
f 3243/2844/2572 3244/3025/2751 3213/2846/2574
f 3213/2846/2574 3244/3025/2751 3214/3027/2753
f 3213/2846/2574 3214/3027/2753 3183/2848/2576
f 3183/2848/2576 3214/3027/2753 3184/3029/2755
f 3183/2848/2576 3184/3029/2755 3153/2850/2578
f 3153/2850/2578 3184/3029/2755 3154/3031/2757
f 3153/2850/2578 3154/3031/2757 3123/2852/2580
f 3123/2852/2580 3154/3031/2757 3124/3033/2759
f 3123/2852/2580 3124/3033/2759 3093/2854/2582
f 3093/2854/2582 3124/3033/2759 3094/3035/2761
f 3093/2854/2582 3094/3035/2761 3034/2856/2584
f 3034/2856/2584 3094/3035/2761 3035/3037/2763
f 3034/2856/2584 3035/3037/2763 3067/2858/2586
f 3067/2858/2586 3035/3037/2763 3066/3039/2765
f 3067/2858/2586 3066/3039/2765 3004/2860/2588
f 3004/2860/2588 3066/3039/2765 3005/3041/2767
f 3004/2860/2588 3005/3041/2767 2974/2862/2590
f 2974/2862/2590 3005/3041/2767 2975/3043/2769
f 2974/2862/2590 2975/3043/2769 2944/2864/2592
f 2944/2864/2592 2975/3043/2769 2945/3045/2771
f 2944/2864/2592 2945/3045/2771 2914/2866/2594
f 2914/2866/2594 2945/3045/2771 2915/3047/2773
f 2914/2866/2594 2915/3047/2773 2884/2868/2596
f 2884/2868/2596 2915/3047/2773 2885/3049/2775
f 2884/2868/2596 2885/3049/2775 2854/2870/2598
f 2854/2870/2598 2885/3049/2775 2855/3051/2777
f 2854/2870/2598 2855/3051/2777 2824/2872/2600
f 2824/2872/2600 2855/3051/2777 2825/3053/2779
f 2824/2872/2600 2825/3053/2779 2794/2874/2602
f 2794/2874/2602 2825/3053/2779 2795/3055/2781
f 2794/2874/2602 2795/3055/2781 2764/2876/2604
f 2764/2876/2604 2795/3055/2781 2765/3057/2783
f 2764/2876/2604 2765/3057/2783 2734/2878/2606
f 2734/2878/2606 2765/3057/2783 2735/3059/2785
f 2734/2878/2606 2735/3059/2785 2704/2880/2608
f 2704/2880/2608 2735/3059/2785 2705/3061/2787
f 2704/2880/2608 2705/3061/2787 2644/2882/2610
f 2644/2882/2610 2705/3061/2787 2645/3063/2789
f 2644/2882/2610 2645/3063/2789 2677/2884/2612
f 2677/2884/2612 2645/3063/2789 2676/3065/2791
f 2677/2884/2612 2676/3065/2791 2614/2886/2614
f 2614/2886/2614 2676/3065/2791 2615/3067/2793
f 2614/2886/2614 2615/3067/2793 2585/2888/2616
f 2585/2888/2616 2615/3067/2793 2586/3069/2795
f 2585/2888/2616 2586/3069/2795 2555/2890/2618
f 2555/2890/2618 2586/3069/2795 2556/3071/2797
f 2555/2890/2618 2556/3071/2797 2525/2892/2620
f 2525/2892/2620 2556/3071/2797 2526/3073/2799
f 2525/2892/2620 2526/3073/2799 2495/2894/2622
f 2495/2894/2622 2526/3073/2799 2496/3075/2801
f 2495/2894/2622 2496/3075/2801 2465/2896/2624
f 2465/2896/2624 2496/3075/2801 2466/3077/2803
f 2465/2896/2624 2466/3077/2803 2435/2898/2626
f 2435/2898/2626 2466/3077/2803 2436/3079/2805
f 2435/2898/2626 2436/3079/2805 2405/2900/2628
f 2405/2900/2628 2436/3079/2805 2406/3081/2807
f 2405/2900/2628 2406/3081/2807 2375/2902/2630
f 2375/2902/2630 2406/3081/2807 2376/3083/2809
f 2375/2902/2630 2376/3083/2809 2345/2904/2632
f 2345/2904/2632 2376/3083/2809 2346/3085/2811
f 2345/2904/2632 2346/3085/2811 2315/2906/2634
f 2315/2906/2634 2346/3085/2811 2316/3087/2813
f 2315/2906/2634 2316/3087/2813 2255/2908/2636
f 2255/2908/2636 2316/3087/2813 2256/3089/2815
f 2255/2908/2636 2256/3089/2815 2288/2910/2638
f 2288/2910/2638 2256/3089/2815 2287/3091/2817
f 2288/2910/2638 2287/3091/2817 2225/2912/2640
f 2225/2912/2640 2287/3091/2817 2226/3093/2819
f 2225/2912/2640 2226/3093/2819 2196/2914/2642
f 2196/2914/2642 2226/3093/2819 2197/3095/2821
f 2196/2914/2642 2197/3095/2821 2166/2916/2644
f 2166/2916/2644 2197/3095/2821 2167/3097/2823
f 2166/2916/2644 2167/3097/2823 2136/2918/2646
f 2136/2918/2646 2167/3097/2823 2137/3099/2825
f 2136/2918/2646 2137/3099/2825 2106/2920/2648
f 2106/2920/2648 2137/3099/2825 2107/3101/2827
f 2106/2920/2648 2107/3101/2827 2076/2922/2650
f 2076/2922/2650 2107/3101/2827 2077/3103/2829
f 2076/2922/2650 2077/3103/2829 2046/2924/2652
f 2046/2924/2652 2077/3103/2829 2047/3105/2831
f 2046/2924/2652 2047/3105/2831 2016/2926/2654
f 2016/2926/2654 2047/3105/2831 2017/3107/2833
f 2016/2926/2654 2017/3107/2833 1986/2928/2656
f 1986/2928/2656 2017/3107/2833 1987/3109/2835
f 1986/2928/2656 1987/3109/2835 1956/2930/2658
f 1956/2930/2658 1987/3109/2835 1957/3111/2837
f 1956/2930/2658 1957/3111/2837 1926/2932/2660
f 1926/2932/2660 1957/3111/2837 1927/3113/2839
f 1926/2932/2660 1927/3113/2839 1866/2934/2662
f 1866/2934/2662 1927/3113/2839 1867/3115/2841
f 1866/2934/2662 1867/3115/2841 1899/2936/2664
f 1899/2936/2664 1867/3115/2841 1898/3117/2843
f 1899/2936/2664 1898/3117/2843 1836/2938/2666
f 1836/2938/2666 1898/3117/2843 1837/3119/2845
f 1836/2938/2666 1837/3119/2845 1807/2940/2668
f 1807/2940/2668 1837/3119/2845 1808/3121/2847
f 1807/2940/2668 1808/3121/2847 1777/2942/2670
f 1777/2942/2670 1808/3121/2847 1778/3123/2849
f 1777/2942/2670 1778/3123/2849 1747/2944/2672
f 1747/2944/2672 1778/3123/2849 1748/3125/2851
f 1747/2944/2672 1748/3125/2851 1717/2946/2674
f 1717/2946/2674 1748/3125/2851 1718/3127/2853
f 1717/2946/2674 1718/3127/2853 1687/2948/2676
f 1687/2948/2676 1718/3127/2853 1688/3129/2855
f 1687/2948/2676 1688/3129/2855 1657/2950/2678
f 1657/2950/2678 1688/3129/2855 1658/3131/2857
f 1657/2950/2678 1658/3131/2857 1627/2952/2680
f 1627/2952/2680 1658/3131/2857 1628/3133/2859
f 1627/2952/2680 1628/3133/2859 1597/2954/2682
f 1597/2954/2682 1628/3133/2859 1598/3135/2861
f 1597/2954/2682 1598/3135/2861 1567/2956/2684
f 1567/2956/2684 1598/3135/2861 1568/3137/2863
f 1567/2956/2684 1568/3137/2863 1537/2958/2686
f 1537/2958/2686 1568/3137/2863 1538/3139/2865
f 1537/2958/2686 1538/3139/2865 1477/2960/2688
f 1477/2960/2688 1538/3139/2865 1478/3141/2867
f 1477/2960/2688 1478/3141/2867 1510/2962/2690
f 1510/2962/2690 1478/3141/2867 1509/3143/2869
f 1510/2962/2690 1509/3143/2869 1447/2964/2692
f 1447/2964/2692 1509/3143/2869 1448/3145/2871
f 1447/2964/2692 1448/3145/2871 1417/2966/2694
f 1417/2966/2694 1448/3145/2871 1418/3147/2873
f 1417/2966/2694 1418/3147/2873 1387/2968/2696
f 1387/2968/2696 1418/3147/2873 1388/3149/2875
f 1387/2968/2696 1388/3149/2875 1357/2970/2698
f 1357/2970/2698 1388/3149/2875 1358/3151/2877
f 1357/2970/2698 1358/3151/2877 1327/2972/2700
f 1327/2972/2700 1358/3151/2877 1328/3153/2879
f 1327/2972/2700 1328/3153/2879 1267/2974/2702
f 1267/2974/2702 1328/3153/2879 1268/3155/2881
f 1267/2974/2702 1268/3155/2881 1300/2976/2704
f 1300/2976/2704 1268/3155/2881 1299/3157/2883
f 1300/2976/2704 1299/3157/2883 3901/2978/2706
f 3901/2978/2706 1299/3157/2883 3902/3159/2885
f 3901/2978/2706 3902/3159/2885 3871/2980/2708
f 3871/2980/2708 3902/3159/2885 3872/3161/2887
f 3871/2980/2708 3872/3161/2887 3841/2982/2710
f 3841/2982/2710 3872/3161/2887 3842/3163/2889
f 3841/2982/2710 3842/3163/2889 3811/2984/2712
f 3811/2984/2712 3842/3163/2889 3812/3165/2891
f 3811/2984/2712 3812/3165/2891 3751/2986/2714
f 3751/2986/2714 3812/3165/2891 3752/3167/2893
f 3751/2986/2714 3752/3167/2893 3783/2988/2716
f 3783/2988/2716 3752/3167/2893 3782/3169/2895
f 3783/2988/2716 3782/3169/2895 3724/2990/2718
f 3724/2990/2718 3782/3169/2895 3725/3171/2897
f 3724/2990/2718 3725/3171/2897 3694/2992/2720
f 3694/2992/2720 3725/3171/2897 3695/3173/2899
f 3694/2992/2720 3695/3173/2899 3664/2994/2722
f 3664/2994/2722 3695/3173/2899 3665/3175/2901
f 3664/2994/2722 3665/3175/2901 3634/2996/2724
f 3634/2996/2724 3665/3175/2901 3635/3177/2903
f 3634/2996/2724 3635/3177/2903 3604/2998/2726
f 3604/2998/2726 3635/3177/2903 3605/3179/2905
f 3604/2998/2726 3605/3179/2905 3574/3000/2728
f 3574/3000/2728 3605/3179/2905 3575/3181/2907
f 3574/3000/2728 3575/3181/2907 3544/3002/2730
f 3544/3002/2730 3575/3181/2907 3545/3183/2909
f 3544/3002/2730 3545/3183/2909 3514/3004/2732
f 3514/3004/2732 3545/3183/2909 3515/3185/2911
f 3514/3004/2732 3515/3185/2911 3484/3006/2734
f 3484/3006/2734 3515/3185/2911 3485/3187/2913
f 3484/3006/2734 3485/3187/2913 3454/3008/2736
f 3454/3008/2736 3485/3187/2913 3455/3189/2915
f 3454/3008/2736 3455/3189/2915 3395/3010/2738
f 3395/3010/2738 3455/3189/2915 3396/3191/2917
f 3395/3010/2738 3396/3191/2917 3424/3012/2740
f 3424/3012/2740 3396/3191/2917 3423/3193/2919
f 3424/3012/2740 3423/3193/2919 3365/3014/2742
f 3365/3014/2742 3423/3193/2919 3366/3195/2921
f 3365/3014/2742 3366/3195/2921 3335/3016/2744
f 3335/3016/2744 3366/3195/2921 3336/3197/2923
f 3335/3016/2744 3336/3197/2923 3305/3018/2746
f 3305/3018/2746 3336/3197/2923 3306/3199/2925
f 3305/3018/2746 3306/3199/2925 1233/3020/2748
f 1233/3020/2748 3306/3199/2925 1234/3201/2927
f 1233/3022/2748 1234/3203/2927 3275/3024/2750
f 3275/3024/2750 1234/3203/2927 3276/3205/2929
f 3275/3024/2750 3276/3205/2929 3245/3026/2752
f 3245/3026/2752 3276/3205/2929 3246/3207/2931
f 3245/3026/2752 3246/3207/2931 3215/3028/2754
f 3215/3028/2754 3246/3207/2931 3216/3209/2933
f 3215/3028/2754 3216/3209/2933 3185/3030/2756
f 3185/3030/2756 3216/3209/2933 3186/3211/2935
f 3185/3030/2756 3186/3211/2935 3155/3032/2758
f 3155/3032/2758 3186/3211/2935 3156/3213/2937
f 3155/3032/2758 3156/3213/2937 3125/3034/2760
f 3125/3034/2760 3156/3213/2937 3126/3215/2939
f 3125/3034/2760 3126/3215/2939 3095/3036/2762
f 3095/3036/2762 3126/3215/2939 3096/3217/2941
f 3095/3036/2762 3096/3217/2941 3036/3038/2764
f 3036/3038/2764 3096/3217/2941 3037/3219/2943
f 3036/3038/2764 3037/3219/2943 3065/3040/2766
f 3065/3040/2766 3037/3219/2943 3064/3221/2945
f 3065/3040/2766 3064/3221/2945 3006/3042/2768
f 3006/3042/2768 3064/3221/2945 3007/3223/2947
f 3006/3042/2768 3007/3223/2947 2976/3044/2770
f 2976/3044/2770 3007/3223/2947 2977/3225/2949
f 2976/3044/2770 2977/3225/2949 2946/3046/2772
f 2946/3046/2772 2977/3225/2949 2947/3227/2951
f 2946/3046/2772 2947/3227/2951 2916/3048/2774
f 2916/3048/2774 2947/3227/2951 2917/3229/2953
f 2916/3048/2774 2917/3229/2953 2886/3050/2776
f 2886/3050/2776 2917/3229/2953 2887/3231/2955
f 2886/3050/2776 2887/3231/2955 2856/3052/2778
f 2856/3052/2778 2887/3231/2955 2857/3233/2957
f 2856/3052/2778 2857/3233/2957 2826/3054/2780
f 2826/3054/2780 2857/3233/2957 2827/3235/2959
f 2826/3054/2780 2827/3235/2959 2796/3056/2782
f 2796/3056/2782 2827/3235/2959 2797/3237/2961
f 2796/3056/2782 2797/3237/2961 2766/3058/2784
f 2766/3058/2784 2797/3237/2961 2767/3239/2963
f 2766/3058/2784 2767/3239/2963 2736/3060/2786
f 2736/3060/2786 2767/3239/2963 2737/3241/2965
f 2736/3060/2786 2737/3241/2965 2706/3062/2788
f 2706/3062/2788 2737/3241/2965 2707/3243/2967
f 2706/3062/2788 2707/3243/2967 2646/3064/2790
f 2646/3064/2790 2707/3243/2967 2647/3245/2969
f 2646/3064/2790 2647/3245/2969 2675/3066/2792
f 2675/3066/2792 2647/3245/2969 2674/3247/2971
f 2675/3066/2792 2674/3247/2971 2616/3068/2794
f 2616/3068/2794 2674/3247/2971 2617/3249/2973
f 2616/3068/2794 2617/3249/2973 2587/3070/2796
f 2587/3070/2796 2617/3249/2973 2588/3251/2975
f 2587/3070/2796 2588/3251/2975 2557/3072/2798
f 2557/3072/2798 2588/3251/2975 2558/3253/2977
f 2557/3072/2798 2558/3253/2977 2527/3074/2800
f 2527/3074/2800 2558/3253/2977 2528/3255/2979
f 2527/3074/2800 2528/3255/2979 2497/3076/2802
f 2497/3076/2802 2528/3255/2979 2498/3257/2981
f 2497/3076/2802 2498/3257/2981 2467/3078/2804
f 2467/3078/2804 2498/3257/2981 2468/3259/2983
f 2467/3078/2804 2468/3259/2983 2437/3080/2806
f 2437/3080/2806 2468/3259/2983 2438/3261/2985
f 2437/3080/2806 2438/3261/2985 2407/3082/2808
f 2407/3082/2808 2438/3261/2985 2408/3263/2987
f 2407/3082/2808 2408/3263/2987 2377/3084/2810
f 2377/3084/2810 2408/3263/2987 2378/3265/2989
f 2377/3084/2810 2378/3265/2989 2347/3086/2812
f 2347/3086/2812 2378/3265/2989 2348/3267/2991
f 2347/3086/2812 2348/3267/2991 2317/3088/2814
f 2317/3088/2814 2348/3267/2991 2318/3269/2993
f 2317/3088/2814 2318/3269/2993 2257/3090/2816
f 2257/3090/2816 2318/3269/2993 2258/3271/2995
f 2257/3090/2816 2258/3271/2995 2286/3092/2818
f 2286/3092/2818 2258/3271/2995 2285/3273/2997
f 2286/3092/2818 2285/3273/2997 2227/3094/2820
f 2227/3094/2820 2285/3273/2997 2228/3275/2999
f 2227/3094/2820 2228/3275/2999 2198/3096/2822
f 2198/3096/2822 2228/3275/2999 2199/3277/3001
f 2198/3096/2822 2199/3277/3001 2168/3098/2824
f 2168/3098/2824 2199/3277/3001 2169/3279/3003
f 2168/3098/2824 2169/3279/3003 2138/3100/2826
f 2138/3100/2826 2169/3279/3003 2139/3281/3005
f 2138/3100/2826 2139/3281/3005 2108/3102/2828
f 2108/3102/2828 2139/3281/3005 2109/3283/3007
f 2108/3102/2828 2109/3283/3007 2078/3104/2830
f 2078/3104/2830 2109/3283/3007 2079/3285/3009
f 2078/3104/2830 2079/3285/3009 2048/3106/2832
f 2048/3106/2832 2079/3285/3009 2049/3287/3011
f 2048/3106/2832 2049/3287/3011 2018/3108/2834
f 2018/3108/2834 2049/3287/3011 2019/3289/3013
f 2018/3108/2834 2019/3289/3013 1988/3110/2836
f 1988/3110/2836 2019/3289/3013 1989/3291/3015
f 1988/3110/2836 1989/3291/3015 1958/3112/2838
f 1958/3112/2838 1989/3291/3015 1959/3293/3017
f 1958/3112/2838 1959/3293/3017 1928/3114/2840
f 1928/3114/2840 1959/3293/3017 1929/3295/3019
f 1928/3114/2840 1929/3295/3019 1868/3116/2842
f 1868/3116/2842 1929/3295/3019 1869/3297/3021
f 1868/3116/2842 1869/3297/3021 1897/3118/2844
f 1897/3118/2844 1869/3297/3021 1896/3299/3023
f 1897/3118/2844 1896/3299/3023 1838/3120/2846
f 1838/3120/2846 1896/3299/3023 1839/3301/3025
f 1838/3120/2846 1839/3301/3025 1809/3122/2848
f 1809/3122/2848 1839/3301/3025 1810/3303/3027
f 1809/3122/2848 1810/3303/3027 1779/3124/2850
f 1779/3124/2850 1810/3303/3027 1780/3305/3029
f 1779/3124/2850 1780/3305/3029 1749/3126/2852
f 1749/3126/2852 1780/3305/3029 1750/3307/3031
f 1749/3126/2852 1750/3307/3031 1719/3128/2854
f 1719/3128/2854 1750/3307/3031 1720/3309/3033
f 1719/3128/2854 1720/3309/3033 1689/3130/2856
f 1689/3130/2856 1720/3309/3033 1690/3311/3035
f 1689/3130/2856 1690/3311/3035 1659/3132/2858
f 1659/3132/2858 1690/3311/3035 1660/3313/3037
f 1659/3132/2858 1660/3313/3037 1629/3134/2860
f 1629/3134/2860 1660/3313/3037 1630/3315/3039
f 1629/3134/2860 1630/3315/3039 1599/3136/2862
f 1599/3136/2862 1630/3315/3039 1600/3317/3041
f 1599/3136/2862 1600/3317/3041 1569/3138/2864
f 1569/3138/2864 1600/3317/3041 1570/3319/3043
f 1569/3138/2864 1570/3319/3043 1539/3140/2866
f 1539/3140/2866 1570/3319/3043 1540/3321/3045
f 1539/3140/2866 1540/3321/3045 1479/3142/2868
f 1479/3142/2868 1540/3321/3045 1480/3323/3047
f 1479/3142/2868 1480/3323/3047 1508/3144/2870
f 1508/3144/2870 1480/3323/3047 1507/3325/3049
f 1508/3144/2870 1507/3325/3049 1449/3146/2872
f 1449/3146/2872 1507/3325/3049 1450/3327/3051
f 1449/3146/2872 1450/3327/3051 1419/3148/2874
f 1419/3148/2874 1450/3327/3051 1420/3329/3053
f 1419/3148/2874 1420/3329/3053 1389/3150/2876
f 1389/3150/2876 1420/3329/3053 1390/3331/3055
f 1389/3150/2876 1390/3331/3055 1359/3152/2878
f 1359/3152/2878 1390/3331/3055 1360/3333/3057
f 1359/3152/2878 1360/3333/3057 1329/3154/2880
f 1329/3154/2880 1360/3333/3057 1330/3335/3059
f 1329/3154/2880 1330/3335/3059 1269/3156/2882
f 1269/3156/2882 1330/3335/3059 1270/3337/3061
f 1269/3156/2882 1270/3337/3061 1298/3158/2884
f 1298/3158/2884 1270/3337/3061 1297/3339/3063
f 1298/3158/2884 1297/3339/3063 3903/3160/2886
f 3903/3160/2886 1297/3339/3063 3904/3341/3065
f 3903/3160/2886 3904/3341/3065 3873/3162/2888
f 3873/3162/2888 3904/3341/3065 3874/3343/3067
f 3873/3162/2888 3874/3343/3067 3843/3164/2890
f 3843/3164/2890 3874/3343/3067 3844/3345/3069
f 3843/3164/2890 3844/3345/3069 3813/3166/2892
f 3813/3166/2892 3844/3345/3069 3814/3347/3071
f 3813/3166/2892 3814/3347/3071 3753/3168/2894
f 3753/3168/2894 3814/3347/3071 3754/3349/3073
f 3753/3168/2894 3754/3349/3073 3781/3170/2896
f 3781/3170/2896 3754/3349/3073 3780/3351/3075
f 3781/3170/2896 3780/3351/3075 3726/3172/2898
f 3726/3172/2898 3780/3351/3075 3727/3353/3077
f 3726/3172/2898 3727/3353/3077 3696/3174/2900
f 3696/3174/2900 3727/3353/3077 3697/3355/3079
f 3696/3174/2900 3697/3355/3079 3666/3176/2902
f 3666/3176/2902 3697/3355/3079 3667/3357/3081
f 3666/3176/2902 3667/3357/3081 3636/3178/2904
f 3636/3178/2904 3667/3357/3081 3637/3359/3083
f 3636/3178/2904 3637/3359/3083 3606/3180/2906
f 3606/3180/2906 3637/3359/3083 3607/3361/3085
f 3606/3180/2906 3607/3361/3085 3576/3182/2908
f 3576/3182/2908 3607/3361/3085 3577/3363/3087
f 3576/3182/2908 3577/3363/3087 3546/3184/2910
f 3546/3184/2910 3577/3363/3087 3547/3365/3089
f 3546/3184/2910 3547/3365/3089 3516/3186/2912
f 3516/3186/2912 3547/3365/3089 3517/3367/3091
f 3516/3186/2912 3517/3367/3091 3486/3188/2914
f 3486/3188/2914 3517/3367/3091 3487/3369/3093
f 3486/3188/2914 3487/3369/3093 3456/3190/2916
f 3456/3190/2916 3487/3369/3093 3457/3371/3095
f 3456/3190/2916 3457/3371/3095 3397/3192/2918
f 3397/3192/2918 3457/3371/3095 3398/3373/3097
f 3397/3192/2918 3398/3373/3097 3422/3194/2920
f 3422/3194/2920 3398/3373/3097 3421/3375/3099
f 3422/3194/2920 3421/3375/3099 3367/3196/2922
f 3367/3196/2922 3421/3375/3099 3368/3377/3101
f 3367/3196/2922 3368/3377/3101 3337/3198/2924
f 3337/3198/2924 3368/3377/3101 3338/3379/3103
f 3337/3198/2924 3338/3379/3103 3307/3200/2926
f 3307/3200/2926 3338/3379/3103 3308/3381/3105
f 3307/3200/2926 3308/3381/3105 1235/3202/2928
f 1235/3202/2928 3308/3381/3105 1236/3383/3107
f 1235/3204/2928 1236/3385/3107 3277/3206/2930
f 3277/3206/2930 1236/3385/3107 3278/3387/3109
f 3277/3206/2930 3278/3387/3109 3247/3208/2932
f 3247/3208/2932 3278/3387/3109 3248/3389/3111
f 3247/3208/2932 3248/3389/3111 3217/3210/2934
f 3217/3210/2934 3248/3389/3111 3218/3391/3113
f 3217/3210/2934 3218/3391/3113 3187/3212/2936
f 3187/3212/2936 3218/3391/3113 3188/3393/3115
f 3187/3212/2936 3188/3393/3115 3157/3214/2938
f 3157/3214/2938 3188/3393/3115 3158/3395/3117
f 3157/3214/2938 3158/3395/3117 3127/3216/2940
f 3127/3216/2940 3158/3395/3117 3128/3397/3119
f 3127/3216/2940 3128/3397/3119 3097/3218/2942
f 3097/3218/2942 3128/3397/3119 3098/3399/3121
f 3097/3218/2942 3098/3399/3121 3038/3220/2944
f 3038/3220/2944 3098/3399/3121 3039/3401/3123
f 3038/3220/2944 3039/3401/3123 3063/3222/2946
f 3063/3222/2946 3039/3401/3123 3062/3403/3125
f 3063/3222/2946 3062/3403/3125 3008/3224/2948
f 3008/3224/2948 3062/3403/3125 3009/3405/3127
f 3008/3224/2948 3009/3405/3127 2978/3226/2950
f 2978/3226/2950 3009/3405/3127 2979/3407/3129
f 2978/3226/2950 2979/3407/3129 2948/3228/2952
f 2948/3228/2952 2979/3407/3129 2949/3409/3131
f 2948/3228/2952 2949/3409/3131 2918/3230/2954
f 2918/3230/2954 2949/3409/3131 2919/3411/3133
f 2918/3230/2954 2919/3411/3133 2888/3232/2956
f 2888/3232/2956 2919/3411/3133 2889/3413/3135
f 2888/3232/2956 2889/3413/3135 2858/3234/2958
f 2858/3234/2958 2889/3413/3135 2859/3415/3137
f 2858/3234/2958 2859/3415/3137 2828/3236/2960
f 2828/3236/2960 2859/3415/3137 2829/3417/3139
f 2828/3236/2960 2829/3417/3139 2798/3238/2962
f 2798/3238/2962 2829/3417/3139 2799/3419/3141
f 2798/3238/2962 2799/3419/3141 2768/3240/2964
f 2768/3240/2964 2799/3419/3141 2769/3421/3143
f 2768/3240/2964 2769/3421/3143 2738/3242/2966
f 2738/3242/2966 2769/3421/3143 2739/3423/3145
f 2738/3242/2966 2739/3423/3145 2708/3244/2968
f 2708/3244/2968 2739/3423/3145 2709/3425/3147
f 2708/3244/2968 2709/3425/3147 2648/3246/2970
f 2648/3246/2970 2709/3425/3147 2649/3427/3149
f 2648/3246/2970 2649/3427/3149 2673/3248/2972
f 2673/3248/2972 2649/3427/3149 2672/3429/3151
f 2673/3248/2972 2672/3429/3151 2618/3250/2974
f 2618/3250/2974 2672/3429/3151 2619/3431/3153
f 2618/3250/2974 2619/3431/3153 2589/3252/2976
f 2589/3252/2976 2619/3431/3153 2590/3433/3155
f 2589/3252/2976 2590/3433/3155 2559/3254/2978
f 2559/3254/2978 2590/3433/3155 2560/3435/3157
f 2559/3254/2978 2560/3435/3157 2529/3256/2980
f 2529/3256/2980 2560/3435/3157 2530/3437/3159
f 2529/3256/2980 2530/3437/3159 2499/3258/2982
f 2499/3258/2982 2530/3437/3159 2500/3439/3161
f 2499/3258/2982 2500/3439/3161 2469/3260/2984
f 2469/3260/2984 2500/3439/3161 2470/3441/3163
f 2469/3260/2984 2470/3441/3163 2439/3262/2986
f 2439/3262/2986 2470/3441/3163 2440/3443/3165
f 2439/3262/2986 2440/3443/3165 2409/3264/2988
f 2409/3264/2988 2440/3443/3165 2410/3445/3167
f 2409/3264/2988 2410/3445/3167 2379/3266/2990
f 2379/3266/2990 2410/3445/3167 2380/3447/3169
f 2379/3266/2990 2380/3447/3169 2349/3268/2992
f 2349/3268/2992 2380/3447/3169 2350/3449/3171
f 2349/3268/2992 2350/3449/3171 2319/3270/2994
f 2319/3270/2994 2350/3449/3171 2320/3451/3173
f 2319/3270/2994 2320/3451/3173 2259/3272/2996
f 2259/3272/2996 2320/3451/3173 2260/3453/3175
f 2259/3272/2996 2260/3453/3175 2284/3274/2998
f 2284/3274/2998 2260/3453/3175 2283/3455/3177
f 2284/3274/2998 2283/3455/3177 2229/3276/3000
f 2229/3276/3000 2283/3455/3177 2230/3457/3179
f 2229/3276/3000 2230/3457/3179 2200/3278/3002
f 2200/3278/3002 2230/3457/3179 2201/3459/3181
f 2200/3278/3002 2201/3459/3181 2170/3280/3004
f 2170/3280/3004 2201/3459/3181 2171/3461/3183
f 2170/3280/3004 2171/3461/3183 2140/3282/3006
f 2140/3282/3006 2171/3461/3183 2141/3463/3185
f 2140/3282/3006 2141/3463/3185 2110/3284/3008
f 2110/3284/3008 2141/3463/3185 2111/3465/3187
f 2110/3284/3008 2111/3465/3187 2080/3286/3010
f 2080/3286/3010 2111/3465/3187 2081/3467/3189
f 2080/3286/3010 2081/3467/3189 2050/3288/3012
f 2050/3288/3012 2081/3467/3189 2051/3469/3191
f 2050/3288/3012 2051/3469/3191 2020/3290/3014
f 2020/3290/3014 2051/3469/3191 2021/3471/3193
f 2020/3290/3014 2021/3471/3193 1990/3292/3016
f 1990/3292/3016 2021/3471/3193 1991/3473/3195
f 1990/3292/3016 1991/3473/3195 1960/3294/3018
f 1960/3294/3018 1991/3473/3195 1961/3475/3197
f 1960/3294/3018 1961/3475/3197 1930/3296/3020
f 1930/3296/3020 1961/3475/3197 1931/3477/3199
f 1930/3296/3020 1931/3477/3199 1870/3298/3022
f 1870/3298/3022 1931/3477/3199 1871/3479/3201
f 1870/3298/3022 1871/3479/3201 1895/3300/3024
f 1895/3300/3024 1871/3479/3201 1894/3481/3203
f 1895/3300/3024 1894/3481/3203 1840/3302/3026
f 1840/3302/3026 1894/3481/3203 1841/3483/3205
f 1840/3302/3026 1841/3483/3205 1811/3304/3028
f 1811/3304/3028 1841/3483/3205 1812/3485/3207
f 1811/3304/3028 1812/3485/3207 1781/3306/3030
f 1781/3306/3030 1812/3485/3207 1782/3487/3209
f 1781/3306/3030 1782/3487/3209 1751/3308/3032
f 1751/3308/3032 1782/3487/3209 1752/3489/3211
f 1751/3308/3032 1752/3489/3211 1721/3310/3034
f 1721/3310/3034 1752/3489/3211 1722/3491/3213
f 1721/3310/3034 1722/3491/3213 1691/3312/3036
f 1691/3312/3036 1722/3491/3213 1692/3493/3215
f 1691/3312/3036 1692/3493/3215 1661/3314/3038
f 1661/3314/3038 1692/3493/3215 1662/3495/3217
f 1661/3314/3038 1662/3495/3217 1631/3316/3040
f 1631/3316/3040 1662/3495/3217 1632/3497/3219
f 1631/3316/3040 1632/3497/3219 1601/3318/3042
f 1601/3318/3042 1632/3497/3219 1602/3499/3221
f 1601/3318/3042 1602/3499/3221 1571/3320/3044
f 1571/3320/3044 1602/3499/3221 1572/3501/3223
f 1571/3320/3044 1572/3501/3223 1541/3322/3046
f 1541/3322/3046 1572/3501/3223 1542/3503/3225
f 1541/3322/3046 1542/3503/3225 1481/3324/3048
f 1481/3324/3048 1542/3503/3225 1482/3505/3227
f 1481/3324/3048 1482/3505/3227 1506/3326/3050
f 1506/3326/3050 1482/3505/3227 1505/3507/3229
f 1506/3326/3050 1505/3507/3229 1451/3328/3052
f 1451/3328/3052 1505/3507/3229 1452/3509/3231
f 1451/3328/3052 1452/3509/3231 1421/3330/3054
f 1421/3330/3054 1452/3509/3231 1422/3511/3233
f 1421/3330/3054 1422/3511/3233 1391/3332/3056
f 1391/3332/3056 1422/3511/3233 1392/3513/3235
f 1391/3332/3056 1392/3513/3235 1361/3334/3058
f 1361/3334/3058 1392/3513/3235 1362/3515/3237
f 1361/3334/3058 1362/3515/3237 1331/3336/3060
f 1331/3336/3060 1362/3515/3237 1332/3517/3239
f 1331/3336/3060 1332/3517/3239 1271/3338/3062
f 1271/3338/3062 1332/3517/3239 1272/3519/3241
f 1271/3338/3062 1272/3519/3241 1296/3340/3064
f 1296/3340/3064 1272/3519/3241 1295/3521/3243
f 1296/3340/3064 1295/3521/3243 3905/3342/3066
f 3905/3342/3066 1295/3521/3243 3906/3523/3245
f 3905/3342/3066 3906/3523/3245 3875/3344/3068
f 3875/3344/3068 3906/3523/3245 3876/3525/3247
f 3875/3344/3068 3876/3525/3247 3845/3346/3070
f 3845/3346/3070 3876/3525/3247 3846/3527/3249
f 3845/3346/3070 3846/3527/3249 3815/3348/3072
f 3815/3348/3072 3846/3527/3249 3816/3529/3251
f 3815/3348/3072 3816/3529/3251 3755/3350/3074
f 3755/3350/3074 3816/3529/3251 3756/3531/3253
f 3755/3350/3074 3756/3531/3253 3779/3352/3076
f 3779/3352/3076 3756/3531/3253 3778/3533/3255
f 3779/3352/3076 3778/3533/3255 3728/3354/3078
f 3728/3354/3078 3778/3533/3255 3729/3535/3257
f 3728/3354/3078 3729/3535/3257 3698/3356/3080
f 3698/3356/3080 3729/3535/3257 3699/3537/3259
f 3698/3356/3080 3699/3537/3259 3668/3358/3082
f 3668/3358/3082 3699/3537/3259 3669/3539/3261
f 3668/3358/3082 3669/3539/3261 3638/3360/3084
f 3638/3360/3084 3669/3539/3261 3639/3541/3263
f 3638/3360/3084 3639/3541/3263 3608/3362/3086
f 3608/3362/3086 3639/3541/3263 3609/3543/3265
f 3608/3362/3086 3609/3543/3265 3578/3364/3088
f 3578/3364/3088 3609/3543/3265 3579/3545/3267
f 3578/3364/3088 3579/3545/3267 3548/3366/3090
f 3548/3366/3090 3579/3545/3267 3549/3547/3269
f 3548/3366/3090 3549/3547/3269 3518/3368/3092
f 3518/3368/3092 3549/3547/3269 3519/3549/3271
f 3518/3368/3092 3519/3549/3271 3488/3370/3094
f 3488/3370/3094 3519/3549/3271 3489/3551/3273
f 3488/3370/3094 3489/3551/3273 3458/3372/3096
f 3458/3372/3096 3489/3551/3273 3459/3553/3275
f 3458/3372/3096 3459/3553/3275 3399/3374/3098
f 3399/3374/3098 3459/3553/3275 3400/3555/3277
f 3399/3374/3098 3400/3555/3277 3420/3376/3100
f 3420/3376/3100 3400/3555/3277 3419/3557/3279
f 3420/3376/3100 3419/3557/3279 3369/3378/3102
f 3369/3378/3102 3419/3557/3279 3370/3559/3281
f 3369/3378/3102 3370/3559/3281 3339/3380/3104
f 3339/3380/3104 3370/3559/3281 3340/3561/3283
f 3339/3380/3104 3340/3561/3283 3309/3382/3106
f 3309/3382/3106 3340/3561/3283 3310/3563/3285
f 3309/3382/3106 3310/3563/3285 1237/3384/3108
f 1237/3384/3108 3310/3563/3285 1238/3565/3287
f 1237/3386/3108 1238/3567/3287 3279/3388/3110
f 3279/3388/3110 1238/3567/3287 3280/3569/3289
f 3279/3388/3110 3280/3569/3289 3249/3390/3112
f 3249/3390/3112 3280/3569/3289 3250/3571/3291
f 3249/3390/3112 3250/3571/3291 3219/3392/3114
f 3219/3392/3114 3250/3571/3291 3220/3573/3293
f 3219/3392/3114 3220/3573/3293 3189/3394/3116
f 3189/3394/3116 3220/3573/3293 3190/3575/3295
f 3189/3394/3116 3190/3575/3295 3159/3396/3118
f 3159/3396/3118 3190/3575/3295 3160/3577/3297
f 3159/3396/3118 3160/3577/3297 3129/3398/3120
f 3129/3398/3120 3160/3577/3297 3130/3579/3299
f 3129/3398/3120 3130/3579/3299 3099/3400/3122
f 3099/3400/3122 3130/3579/3299 3100/3581/3301
f 3099/3400/3122 3100/3581/3301 3040/3402/3124
f 3040/3402/3124 3100/3581/3301 3041/3583/3303
f 3040/3402/3124 3041/3583/3303 3061/3404/3126
f 3061/3404/3126 3041/3583/3303 3060/3585/3305
f 3061/3404/3126 3060/3585/3305 3010/3406/3128
f 3010/3406/3128 3060/3585/3305 3011/3587/3307
f 3010/3406/3128 3011/3587/3307 2980/3408/3130
f 2980/3408/3130 3011/3587/3307 2981/3589/3309
f 2980/3408/3130 2981/3589/3309 2950/3410/3132
f 2950/3410/3132 2981/3589/3309 2951/3591/3311
f 2950/3410/3132 2951/3591/3311 2920/3412/3134
f 2920/3412/3134 2951/3591/3311 2921/3593/3313
f 2920/3412/3134 2921/3593/3313 2890/3414/3136
f 2890/3414/3136 2921/3593/3313 2891/3595/3315
f 2890/3414/3136 2891/3595/3315 2860/3416/3138
f 2860/3416/3138 2891/3595/3315 2861/3597/3317
f 2860/3416/3138 2861/3597/3317 2830/3418/3140
f 2830/3418/3140 2861/3597/3317 2831/3599/3319
f 2830/3418/3140 2831/3599/3319 2800/3420/3142
f 2800/3420/3142 2831/3599/3319 2801/3601/3321
f 2800/3420/3142 2801/3601/3321 2770/3422/3144
f 2770/3422/3144 2801/3601/3321 2771/3603/3323
f 2770/3422/3144 2771/3603/3323 2740/3424/3146
f 2740/3424/3146 2771/3603/3323 2741/3605/3325
f 2740/3424/3146 2741/3605/3325 2710/3426/3148
f 2710/3426/3148 2741/3605/3325 2711/3607/3327
f 2710/3426/3148 2711/3607/3327 2650/3428/3150
f 2650/3428/3150 2711/3607/3327 2651/3609/3329
f 2650/3428/3150 2651/3609/3329 2671/3430/3152
f 2671/3430/3152 2651/3609/3329 2670/3611/3331
f 2671/3430/3152 2670/3611/3331 2620/3432/3154
f 2620/3432/3154 2670/3611/3331 2621/3613/3333
f 2620/3432/3154 2621/3613/3333 2591/3434/3156
f 2591/3434/3156 2621/3613/3333 2592/3615/3335
f 2591/3434/3156 2592/3615/3335 2561/3436/3158
f 2561/3436/3158 2592/3615/3335 2562/3617/3337
f 2561/3436/3158 2562/3617/3337 2531/3438/3160
f 2531/3438/3160 2562/3617/3337 2532/3619/3339
f 2531/3438/3160 2532/3619/3339 2501/3440/3162
f 2501/3440/3162 2532/3619/3339 2502/3621/3341
f 2501/3440/3162 2502/3621/3341 2471/3442/3164
f 2471/3442/3164 2502/3621/3341 2472/3623/3343
f 2471/3442/3164 2472/3623/3343 2441/3444/3166
f 2441/3444/3166 2472/3623/3343 2442/3625/3345
f 2441/3444/3166 2442/3625/3345 2411/3446/3168
f 2411/3446/3168 2442/3625/3345 2412/3627/3347
f 2411/3446/3168 2412/3627/3347 2381/3448/3170
f 2381/3448/3170 2412/3627/3347 2382/3629/3349
f 2381/3448/3170 2382/3629/3349 2351/3450/3172
f 2351/3450/3172 2382/3629/3349 2352/3631/3351
f 2351/3450/3172 2352/3631/3351 2321/3452/3174
f 2321/3452/3174 2352/3631/3351 2322/3633/3353
f 2321/3452/3174 2322/3633/3353 2261/3454/3176
f 2261/3454/3176 2322/3633/3353 2262/3635/3355
f 2261/3454/3176 2262/3635/3355 2282/3456/3178
f 2282/3456/3178 2262/3635/3355 2281/3637/3357
f 2282/3456/3178 2281/3637/3357 2231/3458/3180
f 2231/3458/3180 2281/3637/3357 2232/3639/3359
f 2231/3458/3180 2232/3639/3359 2202/3460/3182
f 2202/3460/3182 2232/3639/3359 2203/3641/3361
f 2202/3460/3182 2203/3641/3361 2172/3462/3184
f 2172/3462/3184 2203/3641/3361 2173/3643/3363
f 2172/3462/3184 2173/3643/3363 2142/3464/3186
f 2142/3464/3186 2173/3643/3363 2143/3645/3365
f 2142/3464/3186 2143/3645/3365 2112/3466/3188
f 2112/3466/3188 2143/3645/3365 2113/3647/3367
f 2112/3466/3188 2113/3647/3367 2082/3468/3190
f 2082/3468/3190 2113/3647/3367 2083/3649/3369
f 2082/3468/3190 2083/3649/3369 2052/3470/3192
f 2052/3470/3192 2083/3649/3369 2053/3651/3371
f 2052/3470/3192 2053/3651/3371 2022/3472/3194
f 2022/3472/3194 2053/3651/3371 2023/3653/3373
f 2022/3472/3194 2023/3653/3373 1992/3474/3196
f 1992/3474/3196 2023/3653/3373 1993/3655/3375
f 1992/3474/3196 1993/3655/3375 1962/3476/3198
f 1962/3476/3198 1993/3655/3375 1963/3657/3377
f 1962/3476/3198 1963/3657/3377 1932/3478/3200
f 1932/3478/3200 1963/3657/3377 1933/3659/3379
f 1932/3478/3200 1933/3659/3379 1872/3480/3202
f 1872/3480/3202 1933/3659/3379 1873/3661/3381
f 1872/3480/3202 1873/3661/3381 1893/3482/3204
f 1893/3482/3204 1873/3661/3381 1892/3663/3383
f 1893/3482/3204 1892/3663/3383 1842/3484/3206
f 1842/3484/3206 1892/3663/3383 1843/3665/3385
f 1842/3484/3206 1843/3665/3385 1813/3486/3208
f 1813/3486/3208 1843/3665/3385 1814/3667/3387
f 1813/3486/3208 1814/3667/3387 1783/3488/3210
f 1783/3488/3210 1814/3667/3387 1784/3669/3389
f 1783/3488/3210 1784/3669/3389 1753/3490/3212
f 1753/3490/3212 1784/3669/3389 1754/3671/3391
f 1753/3490/3212 1754/3671/3391 1723/3492/3214
f 1723/3492/3214 1754/3671/3391 1724/3673/3393
f 1723/3492/3214 1724/3673/3393 1693/3494/3216
f 1693/3494/3216 1724/3673/3393 1694/3675/3395
f 1693/3494/3216 1694/3675/3395 1663/3496/3218
f 1663/3496/3218 1694/3675/3395 1664/3677/3397
f 1663/3496/3218 1664/3677/3397 1633/3498/3220
f 1633/3498/3220 1664/3677/3397 1634/3679/3399
f 1633/3498/3220 1634/3679/3399 1603/3500/3222
f 1603/3500/3222 1634/3679/3399 1604/3681/3401
f 1603/3500/3222 1604/3681/3401 1573/3502/3224
f 1573/3502/3224 1604/3681/3401 1574/3683/3403
f 1573/3502/3224 1574/3683/3403 1543/3504/3226
f 1543/3504/3226 1574/3683/3403 1544/3685/3405
f 1543/3504/3226 1544/3685/3405 1483/3506/3228
f 1483/3506/3228 1544/3685/3405 1484/3687/3407
f 1483/3506/3228 1484/3687/3407 1504/3508/3230
f 1504/3508/3230 1484/3687/3407 1503/3689/3409
f 1504/3508/3230 1503/3689/3409 1453/3510/3232
f 1453/3510/3232 1503/3689/3409 1454/3691/3411
f 1453/3510/3232 1454/3691/3411 1423/3512/3234
f 1423/3512/3234 1454/3691/3411 1424/3693/3413
f 1423/3512/3234 1424/3693/3413 1393/3514/3236
f 1393/3514/3236 1424/3693/3413 1394/3695/3415
f 1393/3514/3236 1394/3695/3415 1363/3516/3238
f 1363/3516/3238 1394/3695/3415 1364/3697/3417
f 1363/3516/3238 1364/3697/3417 1333/3518/3240
f 1333/3518/3240 1364/3697/3417 1334/3699/3419
f 1333/3518/3240 1334/3699/3419 1273/3520/3242
f 1273/3520/3242 1334/3699/3419 1274/3701/3421
f 1273/3520/3242 1274/3701/3421 1294/3522/3244
f 1294/3522/3244 1274/3701/3421 1293/3703/3423
f 1294/3522/3244 1293/3703/3423 3907/3524/3246
f 3907/3524/3246 1293/3703/3423 3908/3705/3425
f 3907/3524/3246 3908/3705/3425 3877/3526/3248
f 3877/3526/3248 3908/3705/3425 3878/3707/3427
f 3877/3526/3248 3878/3707/3427 3847/3528/3250
f 3847/3528/3250 3878/3707/3427 3848/3709/3429
f 3847/3528/3250 3848/3709/3429 3817/3530/3252
f 3817/3530/3252 3848/3709/3429 3818/3711/3431
f 3817/3530/3252 3818/3711/3431 3757/3532/3254
f 3757/3532/3254 3818/3711/3431 3758/3713/3433
f 3757/3532/3254 3758/3713/3433 3777/3534/3256
f 3777/3534/3256 3758/3713/3433 3776/3715/3435
f 3777/3534/3256 3776/3715/3435 3730/3536/3258
f 3730/3536/3258 3776/3715/3435 3731/3717/3437
f 3730/3536/3258 3731/3717/3437 3700/3538/3260
f 3700/3538/3260 3731/3717/3437 3701/3719/3439
f 3700/3538/3260 3701/3719/3439 3670/3540/3262
f 3670/3540/3262 3701/3719/3439 3671/3721/3441
f 3670/3540/3262 3671/3721/3441 3640/3542/3264
f 3640/3542/3264 3671/3721/3441 3641/3723/3443
f 3640/3542/3264 3641/3723/3443 3610/3544/3266
f 3610/3544/3266 3641/3723/3443 3611/3725/3445
f 3610/3544/3266 3611/3725/3445 3580/3546/3268
f 3580/3546/3268 3611/3725/3445 3581/3727/3447
f 3580/3546/3268 3581/3727/3447 3550/3548/3270
f 3550/3548/3270 3581/3727/3447 3551/3729/3449
f 3550/3548/3270 3551/3729/3449 3520/3550/3272
f 3520/3550/3272 3551/3729/3449 3521/3731/3451
f 3520/3550/3272 3521/3731/3451 3490/3552/3274
f 3490/3552/3274 3521/3731/3451 3491/3733/3453
f 3490/3552/3274 3491/3733/3453 3460/3554/3276
f 3460/3554/3276 3491/3733/3453 3461/3735/3455
f 3460/3554/3276 3461/3735/3455 3401/3556/3278
f 3401/3556/3278 3461/3735/3455 3402/3737/3457
f 3401/3556/3278 3402/3737/3457 3418/3558/3280
f 3418/3558/3280 3402/3737/3457 3417/3739/3459
f 3418/3558/3280 3417/3739/3459 3371/3560/3282
f 3371/3560/3282 3417/3739/3459 3372/3741/3461
f 3371/3560/3282 3372/3741/3461 3341/3562/3284
f 3341/3562/3284 3372/3741/3461 3342/3743/3463
f 3341/3562/3284 3342/3743/3463 3311/3564/3286
f 3311/3564/3286 3342/3743/3463 3312/3745/3465
f 3311/3564/3286 3312/3745/3465 1239/3566/3288
f 1239/3566/3288 3312/3745/3465 1240/3747/3467
f 1239/3568/3288 1240/3749/3467 3281/3570/3290
f 3281/3570/3290 1240/3749/3467 3282/3751/3469
f 3281/3570/3290 3282/3751/3469 3251/3572/3292
f 3251/3572/3292 3282/3751/3469 3252/3753/3471
f 3251/3572/3292 3252/3753/3471 3221/3574/3294
f 3221/3574/3294 3252/3753/3471 3222/3755/3473
f 3221/3574/3294 3222/3755/3473 3191/3576/3296
f 3191/3576/3296 3222/3755/3473 3192/3757/3475
f 3191/3576/3296 3192/3757/3475 3161/3578/3298
f 3161/3578/3298 3192/3757/3475 3162/3759/3477
f 3161/3578/3298 3162/3759/3477 3131/3580/3300
f 3131/3580/3300 3162/3759/3477 3132/3761/3479
f 3131/3580/3300 3132/3761/3479 3101/3582/3302
f 3101/3582/3302 3132/3761/3479 3102/3763/3481
f 3101/3582/3302 3102/3763/3481 3042/3584/3304
f 3042/3584/3304 3102/3763/3481 3043/3765/3483
f 3042/3584/3304 3043/3765/3483 3059/3586/3306
f 3059/3586/3306 3043/3765/3483 3058/3767/3485
f 3059/3586/3306 3058/3767/3485 3012/3588/3308
f 3012/3588/3308 3058/3767/3485 3013/3769/3487
f 3012/3588/3308 3013/3769/3487 2982/3590/3310
f 2982/3590/3310 3013/3769/3487 2983/3771/3489
f 2982/3590/3310 2983/3771/3489 2952/3592/3312
f 2952/3592/3312 2983/3771/3489 2953/3773/3491
f 2952/3592/3312 2953/3773/3491 2922/3594/3314
f 2922/3594/3314 2953/3773/3491 2923/3775/3493
f 2922/3594/3314 2923/3775/3493 2892/3596/3316
f 2892/3596/3316 2923/3775/3493 2893/3777/3495
f 2892/3596/3316 2893/3777/3495 2862/3598/3318
f 2862/3598/3318 2893/3777/3495 2863/3779/3497
f 2862/3598/3318 2863/3779/3497 2832/3600/3320
f 2832/3600/3320 2863/3779/3497 2833/3781/3499
f 2832/3600/3320 2833/3781/3499 2802/3602/3322
f 2802/3602/3322 2833/3781/3499 2803/3783/3501
f 2802/3602/3322 2803/3783/3501 2772/3604/3324
f 2772/3604/3324 2803/3783/3501 2773/3785/3503
f 2772/3604/3324 2773/3785/3503 2742/3606/3326
f 2742/3606/3326 2773/3785/3503 2743/3787/3505
f 2742/3606/3326 2743/3787/3505 2712/3608/3328
f 2712/3608/3328 2743/3787/3505 2713/3789/3507
f 2712/3608/3328 2713/3789/3507 2652/3610/3330
f 2652/3610/3330 2713/3789/3507 2653/3791/3509
f 2652/3610/3330 2653/3791/3509 2669/3612/3332
f 2669/3612/3332 2653/3791/3509 2668/3793/3511
f 2669/3612/3332 2668/3793/3511 2622/3614/3334
f 2622/3614/3334 2668/3793/3511 2623/3795/3513
f 2622/3614/3334 2623/3795/3513 2593/3616/3336
f 2593/3616/3336 2623/3795/3513 2594/3797/3515
f 2593/3616/3336 2594/3797/3515 2563/3618/3338
f 2563/3618/3338 2594/3797/3515 2564/3799/3517
f 2563/3618/3338 2564/3799/3517 2533/3620/3340
f 2533/3620/3340 2564/3799/3517 2534/3801/3519
f 2533/3620/3340 2534/3801/3519 2503/3622/3342
f 2503/3622/3342 2534/3801/3519 2504/3803/3521
f 2503/3622/3342 2504/3803/3521 2473/3624/3344
f 2473/3624/3344 2504/3803/3521 2474/3805/3523
f 2473/3624/3344 2474/3805/3523 2443/3626/3346
f 2443/3626/3346 2474/3805/3523 2444/3807/3525
f 2443/3626/3346 2444/3807/3525 2413/3628/3348
f 2413/3628/3348 2444/3807/3525 2414/3809/3527
f 2413/3628/3348 2414/3809/3527 2383/3630/3350
f 2383/3630/3350 2414/3809/3527 2384/3811/3529
f 2383/3630/3350 2384/3811/3529 2353/3632/3352
f 2353/3632/3352 2384/3811/3529 2354/3813/3531
f 2353/3632/3352 2354/3813/3531 2323/3634/3354
f 2323/3634/3354 2354/3813/3531 2324/3815/3533
f 2323/3634/3354 2324/3815/3533 2263/3636/3356
f 2263/3636/3356 2324/3815/3533 2264/3817/3535
f 2263/3636/3356 2264/3817/3535 2280/3638/3358
f 2280/3638/3358 2264/3817/3535 2279/3819/3537
f 2280/3638/3358 2279/3819/3537 2233/3640/3360
f 2233/3640/3360 2279/3819/3537 2234/3821/3539
f 2233/3640/3360 2234/3821/3539 2204/3642/3362
f 2204/3642/3362 2234/3821/3539 2205/3823/3541
f 2204/3642/3362 2205/3823/3541 2174/3644/3364
f 2174/3644/3364 2205/3823/3541 2175/3825/3543
f 2174/3644/3364 2175/3825/3543 2144/3646/3366
f 2144/3646/3366 2175/3825/3543 2145/3827/3545
f 2144/3646/3366 2145/3827/3545 2114/3648/3368
f 2114/3648/3368 2145/3827/3545 2115/3829/3547
f 2114/3648/3368 2115/3829/3547 2084/3650/3370
f 2084/3650/3370 2115/3829/3547 2085/3831/3549
f 2084/3650/3370 2085/3831/3549 2054/3652/3372
f 2054/3652/3372 2085/3831/3549 2055/3833/3551
f 2054/3652/3372 2055/3833/3551 2024/3654/3374
f 2024/3654/3374 2055/3833/3551 2025/3835/3553
f 2024/3654/3374 2025/3835/3553 1994/3656/3376
f 1994/3656/3376 2025/3835/3553 1995/3837/3555
f 1994/3656/3376 1995/3837/3555 1964/3658/3378
f 1964/3658/3378 1995/3837/3555 1965/3839/3557
f 1964/3658/3378 1965/3839/3557 1934/3660/3380
f 1934/3660/3380 1965/3839/3557 1935/3841/3559
f 1934/3660/3380 1935/3841/3559 1874/3662/3382
f 1874/3662/3382 1935/3841/3559 1875/3843/3561
f 1874/3662/3382 1875/3843/3561 1891/3664/3384
f 1891/3664/3384 1875/3843/3561 1890/3845/3563
f 1891/3664/3384 1890/3845/3563 1844/3666/3386
f 1844/3666/3386 1890/3845/3563 1845/3847/3565
f 1844/3666/3386 1845/3847/3565 1815/3668/3388
f 1815/3668/3388 1845/3847/3565 1816/3849/3567
f 1815/3668/3388 1816/3849/3567 1785/3670/3390
f 1785/3670/3390 1816/3849/3567 1786/3851/3569
f 1785/3670/3390 1786/3851/3569 1755/3672/3392
f 1755/3672/3392 1786/3851/3569 1756/3853/3571
f 1755/3672/3392 1756/3853/3571 1725/3674/3394
f 1725/3674/3394 1756/3853/3571 1726/3855/3573
f 1725/3674/3394 1726/3855/3573 1695/3676/3396
f 1695/3676/3396 1726/3855/3573 1696/3857/3575
f 1695/3676/3396 1696/3857/3575 1665/3678/3398
f 1665/3678/3398 1696/3857/3575 1666/3859/3577
f 1665/3678/3398 1666/3859/3577 1635/3680/3400
f 1635/3680/3400 1666/3859/3577 1636/3861/3579
f 1635/3680/3400 1636/3861/3579 1605/3682/3402
f 1605/3682/3402 1636/3861/3579 1606/3863/3581
f 1605/3682/3402 1606/3863/3581 1575/3684/3404
f 1575/3684/3404 1606/3863/3581 1576/3865/3583
f 1575/3684/3404 1576/3865/3583 1545/3686/3406
f 1545/3686/3406 1576/3865/3583 1546/3867/3585
f 1545/3686/3406 1546/3867/3585 1485/3688/3408
f 1485/3688/3408 1546/3867/3585 1486/3869/3587
f 1485/3688/3408 1486/3869/3587 1502/3690/3410
f 1502/3690/3410 1486/3869/3587 1501/3871/3589
f 1502/3690/3410 1501/3871/3589 1455/3692/3412
f 1455/3692/3412 1501/3871/3589 1456/3873/3591
f 1455/3692/3412 1456/3873/3591 1425/3694/3414
f 1425/3694/3414 1456/3873/3591 1426/3875/3593
f 1425/3694/3414 1426/3875/3593 1395/3696/3416
f 1395/3696/3416 1426/3875/3593 1396/3877/3595
f 1395/3696/3416 1396/3877/3595 1365/3698/3418
f 1365/3698/3418 1396/3877/3595 1366/3879/3597
f 1365/3698/3418 1366/3879/3597 1335/3700/3420
f 1335/3700/3420 1366/3879/3597 1336/3881/3599
f 1335/3700/3420 1336/3881/3599 1275/3702/3422
f 1275/3702/3422 1336/3881/3599 1276/3883/3601
f 1275/3702/3422 1276/3883/3601 1292/3704/3424
f 1292/3704/3424 1276/3883/3601 1291/3885/3603
f 1292/3704/3424 1291/3885/3603 3909/3706/3426
f 3909/3706/3426 1291/3885/3603 3910/3887/3605
f 3909/3706/3426 3910/3887/3605 3879/3708/3428
f 3879/3708/3428 3910/3887/3605 3880/3889/3607
f 3879/3708/3428 3880/3889/3607 3849/3710/3430
f 3849/3710/3430 3880/3889/3607 3850/3891/3609
f 3849/3710/3430 3850/3891/3609 3819/3712/3432
f 3819/3712/3432 3850/3891/3609 3820/3893/3611
f 3819/3712/3432 3820/3893/3611 3759/3714/3434
f 3759/3714/3434 3820/3893/3611 3760/3895/3613
f 3759/3714/3434 3760/3895/3613 3775/3716/3436
f 3775/3716/3436 3760/3895/3613 3774/3897/3615
f 3775/3716/3436 3774/3897/3615 3732/3718/3438
f 3732/3718/3438 3774/3897/3615 3733/3899/3617
f 3732/3718/3438 3733/3899/3617 3702/3720/3440
f 3702/3720/3440 3733/3899/3617 3703/3901/3619
f 3702/3720/3440 3703/3901/3619 3672/3722/3442
f 3672/3722/3442 3703/3901/3619 3673/3903/3621
f 3672/3722/3442 3673/3903/3621 3642/3724/3444
f 3642/3724/3444 3673/3903/3621 3643/3905/3623
f 3642/3724/3444 3643/3905/3623 3612/3726/3446
f 3612/3726/3446 3643/3905/3623 3613/3907/3625
f 3612/3726/3446 3613/3907/3625 3582/3728/3448
f 3582/3728/3448 3613/3907/3625 3583/3909/3627
f 3582/3728/3448 3583/3909/3627 3552/3730/3450
f 3552/3730/3450 3583/3909/3627 3553/3911/3629
f 3552/3730/3450 3553/3911/3629 3522/3732/3452
f 3522/3732/3452 3553/3911/3629 3523/3913/3631
f 3522/3732/3452 3523/3913/3631 3492/3734/3454
f 3492/3734/3454 3523/3913/3631 3493/3915/3633
f 3492/3734/3454 3493/3915/3633 3462/3736/3456
f 3462/3736/3456 3493/3915/3633 3463/3917/3635
f 3462/3736/3456 3463/3917/3635 3403/3738/3458
f 3403/3738/3458 3463/3917/3635 3404/3919/3637
f 3403/3738/3458 3404/3919/3637 3416/3740/3460
f 3416/3740/3460 3404/3919/3637 3415/3921/3639
f 3416/3740/3460 3415/3921/3639 3373/3742/3462
f 3373/3742/3462 3415/3921/3639 3374/3923/3641
f 3373/3742/3462 3374/3923/3641 3343/3744/3464
f 3343/3744/3464 3374/3923/3641 3344/3925/3643
f 3343/3744/3464 3344/3925/3643 3313/3746/3466
f 3313/3746/3466 3344/3925/3643 3314/3927/3645
f 3313/3746/3466 3314/3927/3645 1241/3748/3468
f 1241/3748/3468 3314/3927/3645 1242/3929/3647
f 1241/3750/3468 1242/3931/3647 3283/3752/3470
f 3283/3752/3470 1242/3931/3647 3284/3933/3649
f 3283/3752/3470 3284/3933/3649 3253/3754/3472
f 3253/3754/3472 3284/3933/3649 3254/3935/3651
f 3253/3754/3472 3254/3935/3651 3223/3756/3474
f 3223/3756/3474 3254/3935/3651 3224/3937/3653
f 3223/3756/3474 3224/3937/3653 3193/3758/3476
f 3193/3758/3476 3224/3937/3653 3194/3939/3655
f 3193/3758/3476 3194/3939/3655 3163/3760/3478
f 3163/3760/3478 3194/3939/3655 3164/3941/3657
f 3163/3760/3478 3164/3941/3657 3133/3762/3480
f 3133/3762/3480 3164/3941/3657 3134/3943/3659
f 3133/3762/3480 3134/3943/3659 3103/3764/3482
f 3103/3764/3482 3134/3943/3659 3104/3945/3661
f 3103/3764/3482 3104/3945/3661 3044/3766/3484
f 3044/3766/3484 3104/3945/3661 3045/3947/3663
f 3044/3766/3484 3045/3947/3663 3057/3768/3486
f 3057/3768/3486 3045/3947/3663 3056/3949/3665
f 3057/3768/3486 3056/3949/3665 3014/3770/3488
f 3014/3770/3488 3056/3949/3665 3015/3951/3667
f 3014/3770/3488 3015/3951/3667 2984/3772/3490
f 2984/3772/3490 3015/3951/3667 2985/3953/3669
f 2984/3772/3490 2985/3953/3669 2954/3774/3492
f 2954/3774/3492 2985/3953/3669 2955/3955/3671
f 2954/3774/3492 2955/3955/3671 2924/3776/3494
f 2924/3776/3494 2955/3955/3671 2925/3957/3673
f 2924/3776/3494 2925/3957/3673 2894/3778/3496
f 2894/3778/3496 2925/3957/3673 2895/3959/3675
f 2894/3778/3496 2895/3959/3675 2864/3780/3498
f 2864/3780/3498 2895/3959/3675 2865/3961/3677
f 2864/3780/3498 2865/3961/3677 2834/3782/3500
f 2834/3782/3500 2865/3961/3677 2835/3963/3679
f 2834/3782/3500 2835/3963/3679 2804/3784/3502
f 2804/3784/3502 2835/3963/3679 2805/3965/3681
f 2804/3784/3502 2805/3965/3681 2774/3786/3504
f 2774/3786/3504 2805/3965/3681 2775/3967/3683
f 2774/3786/3504 2775/3967/3683 2744/3788/3506
f 2744/3788/3506 2775/3967/3683 2745/3969/3685
f 2744/3788/3506 2745/3969/3685 2714/3790/3508
f 2714/3790/3508 2745/3969/3685 2715/3971/3687
f 2714/3790/3508 2715/3971/3687 2654/3792/3510
f 2654/3792/3510 2715/3971/3687 2655/3973/3689
f 2654/3792/3510 2655/3973/3689 2667/3794/3512
f 2667/3794/3512 2655/3973/3689 2666/3975/3691
f 2667/3794/3512 2666/3975/3691 2624/3796/3514
f 2624/3796/3514 2666/3975/3691 2625/3977/3693
f 2624/3796/3514 2625/3977/3693 2595/3798/3516
f 2595/3798/3516 2625/3977/3693 2596/3979/3695
f 2595/3798/3516 2596/3979/3695 2565/3800/3518
f 2565/3800/3518 2596/3979/3695 2566/3981/3697
f 2565/3800/3518 2566/3981/3697 2535/3802/3520
f 2535/3802/3520 2566/3981/3697 2536/3983/3699
f 2535/3802/3520 2536/3983/3699 2505/3804/3522
f 2505/3804/3522 2536/3983/3699 2506/3985/3701
f 2505/3804/3522 2506/3985/3701 2475/3806/3524
f 2475/3806/3524 2506/3985/3701 2476/3987/3703
f 2475/3806/3524 2476/3987/3703 2445/3808/3526
f 2445/3808/3526 2476/3987/3703 2446/3989/3705
f 2445/3808/3526 2446/3989/3705 2415/3810/3528
f 2415/3810/3528 2446/3989/3705 2416/3991/3707
f 2415/3810/3528 2416/3991/3707 2385/3812/3530
f 2385/3812/3530 2416/3991/3707 2386/3993/3709
f 2385/3812/3530 2386/3993/3709 2355/3814/3532
f 2355/3814/3532 2386/3993/3709 2356/3995/3711
f 2355/3814/3532 2356/3995/3711 2325/3816/3534
f 2325/3816/3534 2356/3995/3711 2326/3997/3713
f 2325/3816/3534 2326/3997/3713 2265/3818/3536
f 2265/3818/3536 2326/3997/3713 2266/3999/3715
f 2265/3818/3536 2266/3999/3715 2278/3820/3538
f 2278/3820/3538 2266/3999/3715 2277/4001/3717
f 2278/3820/3538 2277/4001/3717 2235/3822/3540
f 2235/3822/3540 2277/4001/3717 2236/4003/3719
f 2235/3822/3540 2236/4003/3719 2206/3824/3542
f 2206/3824/3542 2236/4003/3719 2207/4005/3721
f 2206/3824/3542 2207/4005/3721 2176/3826/3544
f 2176/3826/3544 2207/4005/3721 2177/4007/3723
f 2176/3826/3544 2177/4007/3723 2146/3828/3546
f 2146/3828/3546 2177/4007/3723 2147/4009/3725
f 2146/3828/3546 2147/4009/3725 2116/3830/3548
f 2116/3830/3548 2147/4009/3725 2117/4011/3727
f 2116/3830/3548 2117/4011/3727 2086/3832/3550
f 2086/3832/3550 2117/4011/3727 2087/4013/3729
f 2086/3832/3550 2087/4013/3729 2056/3834/3552
f 2056/3834/3552 2087/4013/3729 2057/4015/3731
f 2056/3834/3552 2057/4015/3731 2026/3836/3554
f 2026/3836/3554 2057/4015/3731 2027/4017/3733
f 2026/3836/3554 2027/4017/3733 1996/3838/3556
f 1996/3838/3556 2027/4017/3733 1997/4019/3735
f 1996/3838/3556 1997/4019/3735 1966/3840/3558
f 1966/3840/3558 1997/4019/3735 1967/4021/3737
f 1966/3840/3558 1967/4021/3737 1936/3842/3560
f 1936/3842/3560 1967/4021/3737 1937/4023/3739
f 1936/3842/3560 1937/4023/3739 1876/3844/3562
f 1876/3844/3562 1937/4023/3739 1877/4025/3741
f 1876/3844/3562 1877/4025/3741 1889/3846/3564
f 1889/3846/3564 1877/4025/3741 1888/4027/3743
f 1889/3846/3564 1888/4027/3743 1846/3848/3566
f 1846/3848/3566 1888/4027/3743 1847/4029/3745
f 1846/3848/3566 1847/4029/3745 1817/3850/3568
f 1817/3850/3568 1847/4029/3745 1818/4031/3747
f 1817/3850/3568 1818/4031/3747 1787/3852/3570
f 1787/3852/3570 1818/4031/3747 1788/4033/3749
f 1787/3852/3570 1788/4033/3749 1757/3854/3572
f 1757/3854/3572 1788/4033/3749 1758/4035/3751
f 1757/3854/3572 1758/4035/3751 1727/3856/3574
f 1727/3856/3574 1758/4035/3751 1728/4037/3753
f 1727/3856/3574 1728/4037/3753 1697/3858/3576
f 1697/3858/3576 1728/4037/3753 1698/4039/3755
f 1697/3858/3576 1698/4039/3755 1667/3860/3578
f 1667/3860/3578 1698/4039/3755 1668/4041/3757
f 1667/3860/3578 1668/4041/3757 1637/3862/3580
f 1637/3862/3580 1668/4041/3757 1638/4043/3759
f 1637/3862/3580 1638/4043/3759 1607/3864/3582
f 1607/3864/3582 1638/4043/3759 1608/4045/3761
f 1607/3864/3582 1608/4045/3761 1577/3866/3584
f 1577/3866/3584 1608/4045/3761 1578/4047/3763
f 1577/3866/3584 1578/4047/3763 1547/3868/3586
f 1547/3868/3586 1578/4047/3763 1548/4049/3765
f 1547/3868/3586 1548/4049/3765 1487/3870/3588
f 1487/3870/3588 1548/4049/3765 1488/4051/3767
f 1487/3870/3588 1488/4051/3767 1500/3872/3590
f 1500/3872/3590 1488/4051/3767 1499/4053/3769
f 1500/3872/3590 1499/4053/3769 1457/3874/3592
f 1457/3874/3592 1499/4053/3769 1458/4055/3771
f 1457/3874/3592 1458/4055/3771 1427/3876/3594
f 1427/3876/3594 1458/4055/3771 1428/4057/3773
f 1427/3876/3594 1428/4057/3773 1397/3878/3596
f 1397/3878/3596 1428/4057/3773 1398/4059/3775
f 1397/3878/3596 1398/4059/3775 1367/3880/3598
f 1367/3880/3598 1398/4059/3775 1368/4061/3777
f 1367/3880/3598 1368/4061/3777 1337/3882/3600
f 1337/3882/3600 1368/4061/3777 1338/4063/3779
f 1337/3882/3600 1338/4063/3779 1277/3884/3602
f 1277/3884/3602 1338/4063/3779 1278/4065/3781
f 1277/3884/3602 1278/4065/3781 1290/3886/3604
f 1290/3886/3604 1278/4065/3781 1289/4067/3783
f 1290/3886/3604 1289/4067/3783 3911/3888/3606
f 3911/3888/3606 1289/4067/3783 3912/4069/3785
f 3911/3888/3606 3912/4069/3785 3881/3890/3608
f 3881/3890/3608 3912/4069/3785 3882/4071/3787
f 3881/3890/3608 3882/4071/3787 3851/3892/3610
f 3851/3892/3610 3882/4071/3787 3852/4073/3789
f 3851/3892/3610 3852/4073/3789 3821/3894/3612
f 3821/3894/3612 3852/4073/3789 3822/4075/3791
f 3821/3894/3612 3822/4075/3791 3761/3896/3614
f 3761/3896/3614 3822/4075/3791 3762/4077/3793
f 3761/3896/3614 3762/4077/3793 3773/3898/3616
f 3773/3898/3616 3762/4077/3793 3772/4079/3795
f 3773/3898/3616 3772/4079/3795 3734/3900/3618
f 3734/3900/3618 3772/4079/3795 3735/4081/3797
f 3734/3900/3618 3735/4081/3797 3704/3902/3620
f 3704/3902/3620 3735/4081/3797 3705/4083/3799
f 3704/3902/3620 3705/4083/3799 3674/3904/3622
f 3674/3904/3622 3705/4083/3799 3675/4085/3801
f 3674/3904/3622 3675/4085/3801 3644/3906/3624
f 3644/3906/3624 3675/4085/3801 3645/4087/3803
f 3644/3906/3624 3645/4087/3803 3614/3908/3626
f 3614/3908/3626 3645/4087/3803 3615/4089/3805
f 3614/3908/3626 3615/4089/3805 3584/3910/3628
f 3584/3910/3628 3615/4089/3805 3585/4091/3807
f 3584/3910/3628 3585/4091/3807 3554/3912/3630
f 3554/3912/3630 3585/4091/3807 3555/4093/3809
f 3554/3912/3630 3555/4093/3809 3524/3914/3632
f 3524/3914/3632 3555/4093/3809 3525/4095/3811
f 3524/3914/3632 3525/4095/3811 3494/3916/3634
f 3494/3916/3634 3525/4095/3811 3495/4097/3813
f 3494/3916/3634 3495/4097/3813 3464/3918/3636
f 3464/3918/3636 3495/4097/3813 3465/4099/3815
f 3464/3918/3636 3465/4099/3815 3405/3920/3638
f 3405/3920/3638 3465/4099/3815 3406/4101/3817
f 3405/3920/3638 3406/4101/3817 3414/3922/3640
f 3414/3922/3640 3406/4101/3817 3413/4103/3819
f 3414/3922/3640 3413/4103/3819 3375/3924/3642
f 3375/3924/3642 3413/4103/3819 3376/4105/3821
f 3375/3924/3642 3376/4105/3821 3345/3926/3644
f 3345/3926/3644 3376/4105/3821 3346/4107/3823
f 3345/3926/3644 3346/4107/3823 3315/3928/3646
f 3315/3928/3646 3346/4107/3823 3316/4109/3825
f 3315/3928/3646 3316/4109/3825 1243/3930/3648
f 1243/3930/3648 3316/4109/3825 1244/4111/3827
f 1243/3932/3648 1244/4113/3827 3285/3934/3650
f 3285/3934/3650 1244/4113/3827 3286/4115/3829
f 3285/3934/3650 3286/4115/3829 3255/3936/3652
f 3255/3936/3652 3286/4115/3829 3256/4117/3831
f 3255/3936/3652 3256/4117/3831 3225/3938/3654
f 3225/3938/3654 3256/4117/3831 3226/4119/3833
f 3225/3938/3654 3226/4119/3833 3195/3940/3656
f 3195/3940/3656 3226/4119/3833 3196/4121/3835
f 3195/3940/3656 3196/4121/3835 3165/3942/3658
f 3165/3942/3658 3196/4121/3835 3166/4123/3837
f 3165/3942/3658 3166/4123/3837 3135/3944/3660
f 3135/3944/3660 3166/4123/3837 3136/4125/3839
f 3135/3944/3660 3136/4125/3839 3105/3946/3662
f 3105/3946/3662 3136/4125/3839 3106/4127/3841
f 3105/3946/3662 3106/4127/3841 3046/3948/3664
f 3046/3948/3664 3106/4127/3841 3047/4129/3843
f 3046/3948/3664 3047/4129/3843 3055/3950/3666
f 3055/3950/3666 3047/4129/3843 3054/4131/3845
f 3055/3950/3666 3054/4131/3845 3016/3952/3668
f 3016/3952/3668 3054/4131/3845 3017/4133/3847
f 3016/3952/3668 3017/4133/3847 2986/3954/3670
f 2986/3954/3670 3017/4133/3847 2987/4135/3849
f 2986/3954/3670 2987/4135/3849 2956/3956/3672
f 2956/3956/3672 2987/4135/3849 2957/4137/3851
f 2956/3956/3672 2957/4137/3851 2926/3958/3674
f 2926/3958/3674 2957/4137/3851 2927/4139/3853
f 2926/3958/3674 2927/4139/3853 2896/3960/3676
f 2896/3960/3676 2927/4139/3853 2897/4141/3855
f 2896/3960/3676 2897/4141/3855 2866/3962/3678
f 2866/3962/3678 2897/4141/3855 2867/4143/3857
f 2866/3962/3678 2867/4143/3857 2836/3964/3680
f 2836/3964/3680 2867/4143/3857 2837/4145/3859
f 2836/3964/3680 2837/4145/3859 2806/3966/3682
f 2806/3966/3682 2837/4145/3859 2807/4147/3861
f 2806/3966/3682 2807/4147/3861 2776/3968/3684
f 2776/3968/3684 2807/4147/3861 2777/4149/3863
f 2776/3968/3684 2777/4149/3863 2746/3970/3686
f 2746/3970/3686 2777/4149/3863 2747/4151/3865
f 2746/3970/3686 2747/4151/3865 2716/3972/3688
f 2716/3972/3688 2747/4151/3865 2717/4153/3867
f 2716/3972/3688 2717/4153/3867 2656/3974/3690
f 2656/3974/3690 2717/4153/3867 2657/4155/3869
f 2656/3974/3690 2657/4155/3869 2665/3976/3692
f 2665/3976/3692 2657/4155/3869 2664/4157/3871
f 2665/3976/3692 2664/4157/3871 2626/3978/3694
f 2626/3978/3694 2664/4157/3871 2627/4159/3873
f 2626/3978/3694 2627/4159/3873 2597/3980/3696
f 2597/3980/3696 2627/4159/3873 2598/4161/3875
f 2597/3980/3696 2598/4161/3875 2567/3982/3698
f 2567/3982/3698 2598/4161/3875 2568/4163/3877
f 2567/3982/3698 2568/4163/3877 2537/3984/3700
f 2537/3984/3700 2568/4163/3877 2538/4165/3879
f 2537/3984/3700 2538/4165/3879 2507/3986/3702
f 2507/3986/3702 2538/4165/3879 2508/4167/3881
f 2507/3986/3702 2508/4167/3881 2477/3988/3704
f 2477/3988/3704 2508/4167/3881 2478/4169/3883
f 2477/3988/3704 2478/4169/3883 2447/3990/3706
f 2447/3990/3706 2478/4169/3883 2448/4171/3885
f 2447/3990/3706 2448/4171/3885 2417/3992/3708
f 2417/3992/3708 2448/4171/3885 2418/4173/3887
f 2417/3992/3708 2418/4173/3887 2387/3994/3710
f 2387/3994/3710 2418/4173/3887 2388/4175/3889
f 2387/3994/3710 2388/4175/3889 2357/3996/3712
f 2357/3996/3712 2388/4175/3889 2358/4177/3891
f 2357/3996/3712 2358/4177/3891 2327/3998/3714
f 2327/3998/3714 2358/4177/3891 2328/4179/3893
f 2327/3998/3714 2328/4179/3893 2267/4000/3716
f 2267/4000/3716 2328/4179/3893 2268/4181/3895
f 2267/4000/3716 2268/4181/3895 2276/4002/3718
f 2276/4002/3718 2268/4181/3895 2275/4183/3897
f 2276/4002/3718 2275/4183/3897 2237/4004/3720
f 2237/4004/3720 2275/4183/3897 2238/4185/3899
f 2237/4004/3720 2238/4185/3899 2208/4006/3722
f 2208/4006/3722 2238/4185/3899 2209/4187/3901
f 2208/4006/3722 2209/4187/3901 2178/4008/3724
f 2178/4008/3724 2209/4187/3901 2179/4189/3903
f 2178/4008/3724 2179/4189/3903 2148/4010/3726
f 2148/4010/3726 2179/4189/3903 2149/4191/3905
f 2148/4010/3726 2149/4191/3905 2118/4012/3728
f 2118/4012/3728 2149/4191/3905 2119/4193/3907
f 2118/4012/3728 2119/4193/3907 2088/4014/3730
f 2088/4014/3730 2119/4193/3907 2089/4195/3909
f 2088/4014/3730 2089/4195/3909 2058/4016/3732
f 2058/4016/3732 2089/4195/3909 2059/4197/3911
f 2058/4016/3732 2059/4197/3911 2028/4018/3734
f 2028/4018/3734 2059/4197/3911 2029/4199/3913
f 2028/4018/3734 2029/4199/3913 1998/4020/3736
f 1998/4020/3736 2029/4199/3913 1999/4201/3915
f 1998/4020/3736 1999/4201/3915 1968/4022/3738
f 1968/4022/3738 1999/4201/3915 1969/4203/3917
f 1968/4022/3738 1969/4203/3917 1938/4024/3740
f 1938/4024/3740 1969/4203/3917 1939/4205/3919
f 1938/4024/3740 1939/4205/3919 1878/4026/3742
f 1878/4026/3742 1939/4205/3919 1879/4207/3921
f 1878/4026/3742 1879/4207/3921 1887/4028/3744
f 1887/4028/3744 1879/4207/3921 1886/4209/3923
f 1887/4028/3744 1886/4209/3923 1848/4030/3746
f 1848/4030/3746 1886/4209/3923 1849/4211/3925
f 1848/4030/3746 1849/4211/3925 1819/4032/3748
f 1819/4032/3748 1849/4211/3925 1820/4213/3927
f 1819/4032/3748 1820/4213/3927 1789/4034/3750
f 1789/4034/3750 1820/4213/3927 1790/4215/3929
f 1789/4034/3750 1790/4215/3929 1759/4036/3752
f 1759/4036/3752 1790/4215/3929 1760/4217/3931
f 1759/4036/3752 1760/4217/3931 1729/4038/3754
f 1729/4038/3754 1760/4217/3931 1730/4219/3933
f 1729/4038/3754 1730/4219/3933 1699/4040/3756
f 1699/4040/3756 1730/4219/3933 1700/4221/3935
f 1699/4040/3756 1700/4221/3935 1669/4042/3758
f 1669/4042/3758 1700/4221/3935 1670/4223/3937
f 1669/4042/3758 1670/4223/3937 1639/4044/3760
f 1639/4044/3760 1670/4223/3937 1640/4225/3939
f 1639/4044/3760 1640/4225/3939 1609/4046/3762
f 1609/4046/3762 1640/4225/3939 1610/4227/3941
f 1609/4046/3762 1610/4227/3941 1579/4048/3764
f 1579/4048/3764 1610/4227/3941 1580/4229/3943
f 1579/4048/3764 1580/4229/3943 1549/4050/3766
f 1549/4050/3766 1580/4229/3943 1550/4231/3945
f 1549/4050/3766 1550/4231/3945 1489/4052/3768
f 1489/4052/3768 1550/4231/3945 1490/4233/3947
f 1489/4052/3768 1490/4233/3947 1498/4054/3770
f 1498/4054/3770 1490/4233/3947 1497/4235/3949
f 1498/4054/3770 1497/4235/3949 1459/4056/3772
f 1459/4056/3772 1497/4235/3949 1460/4237/3951
f 1459/4056/3772 1460/4237/3951 1429/4058/3774
f 1429/4058/3774 1460/4237/3951 1430/4239/3953
f 1429/4058/3774 1430/4239/3953 1399/4060/3776
f 1399/4060/3776 1430/4239/3953 1400/4241/3955
f 1399/4060/3776 1400/4241/3955 1369/4062/3778
f 1369/4062/3778 1400/4241/3955 1370/4243/3957
f 1369/4062/3778 1370/4243/3957 1339/4064/3780
f 1339/4064/3780 1370/4243/3957 1340/4245/3959
f 1339/4064/3780 1340/4245/3959 1279/4066/3782
f 1279/4066/3782 1340/4245/3959 1280/4247/3961
f 1279/4066/3782 1280/4247/3961 1288/4068/3784
f 1288/4068/3784 1280/4247/3961 1287/4249/3963
f 1288/4068/3784 1287/4249/3963 3913/4070/3786
f 3913/4070/3786 1287/4249/3963 3914/4251/3965
f 3913/4070/3786 3914/4251/3965 3883/4072/3788
f 3883/4072/3788 3914/4251/3965 3884/4253/3967
f 3883/4072/3788 3884/4253/3967 3853/4074/3790
f 3853/4074/3790 3884/4253/3967 3854/4255/3969
f 3853/4074/3790 3854/4255/3969 3823/4076/3792
f 3823/4076/3792 3854/4255/3969 3824/4257/3971
f 3823/4076/3792 3824/4257/3971 3763/4078/3794
f 3763/4078/3794 3824/4257/3971 3764/4259/3973
f 3763/4078/3794 3764/4259/3973 3771/4080/3796
f 3771/4080/3796 3764/4259/3973 3770/4261/3975
f 3771/4080/3796 3770/4261/3975 3736/4082/3798
f 3736/4082/3798 3770/4261/3975 3737/4263/3977
f 3736/4082/3798 3737/4263/3977 3706/4084/3800
f 3706/4084/3800 3737/4263/3977 3707/4265/3979
f 3706/4084/3800 3707/4265/3979 3676/4086/3802
f 3676/4086/3802 3707/4265/3979 3677/4267/3981
f 3676/4086/3802 3677/4267/3981 3646/4088/3804
f 3646/4088/3804 3677/4267/3981 3647/4269/3983
f 3646/4088/3804 3647/4269/3983 3616/4090/3806
f 3616/4090/3806 3647/4269/3983 3617/4271/3985
f 3616/4090/3806 3617/4271/3985 3586/4092/3808
f 3586/4092/3808 3617/4271/3985 3587/4273/3987
f 3586/4092/3808 3587/4273/3987 3556/4094/3810
f 3556/4094/3810 3587/4273/3987 3557/4275/3989
f 3556/4094/3810 3557/4275/3989 3526/4096/3812
f 3526/4096/3812 3557/4275/3989 3527/4277/3991
f 3526/4096/3812 3527/4277/3991 3496/4098/3814
f 3496/4098/3814 3527/4277/3991 3497/4279/3993
f 3496/4098/3814 3497/4279/3993 3466/4100/3816
f 3466/4100/3816 3497/4279/3993 3467/4281/3995
f 3466/4100/3816 3467/4281/3995 3407/4102/3818
f 3407/4102/3818 3467/4281/3995 3408/4283/3997
f 3407/4102/3818 3408/4283/3997 3412/4104/3820
f 3412/4104/3820 3408/4283/3997 3411/4285/3999
f 3412/4104/3820 3411/4285/3999 3377/4106/3822
f 3377/4106/3822 3411/4285/3999 3378/4287/4001
f 3377/4106/3822 3378/4287/4001 3347/4108/3824
f 3347/4108/3824 3378/4287/4001 3348/4289/4003
f 3347/4108/3824 3348/4289/4003 3317/4110/3826
f 3317/4110/3826 3348/4289/4003 3318/4291/4005
f 3317/4110/3826 3318/4291/4005 1245/4112/3828
f 1245/4112/3828 3318/4291/4005 1246/4293/4007
f 1245/4114/3828 1246/4295/4007 3287/4116/3830
f 3287/4116/3830 1246/4295/4007 3288/4297/4009
f 3287/4116/3830 3288/4297/4009 3257/4118/3832
f 3257/4118/3832 3288/4297/4009 3258/4299/4011
f 3257/4118/3832 3258/4299/4011 3227/4120/3834
f 3227/4120/3834 3258/4299/4011 3228/4301/4013
f 3227/4120/3834 3228/4301/4013 3197/4122/3836
f 3197/4122/3836 3228/4301/4013 3198/4303/4015
f 3197/4122/3836 3198/4303/4015 3167/4124/3838
f 3167/4124/3838 3198/4303/4015 3168/4305/4017
f 3167/4124/3838 3168/4305/4017 3137/4126/3840
f 3137/4126/3840 3168/4305/4017 3138/4307/4019
f 3137/4126/3840 3138/4307/4019 3107/4128/3842
f 3107/4128/3842 3138/4307/4019 3108/4309/4021
f 3107/4128/3842 3108/4309/4021 3048/4130/3844
f 3048/4130/3844 3108/4309/4021 3049/4311/4023
f 3048/4130/3844 3049/4311/4023 3053/4132/3846
f 3053/4132/3846 3049/4311/4023 3052/4313/4025
f 3053/4132/3846 3052/4313/4025 3018/4134/3848
f 3018/4134/3848 3052/4313/4025 3019/4315/4027
f 3018/4134/3848 3019/4315/4027 2988/4136/3850
f 2988/4136/3850 3019/4315/4027 2989/4317/4029
f 2988/4136/3850 2989/4317/4029 2958/4138/3852
f 2958/4138/3852 2989/4317/4029 2959/4319/4031
f 2958/4138/3852 2959/4319/4031 2928/4140/3854
f 2928/4140/3854 2959/4319/4031 2929/4321/4033
f 2928/4140/3854 2929/4321/4033 2898/4142/3856
f 2898/4142/3856 2929/4321/4033 2899/4323/4035
f 2898/4142/3856 2899/4323/4035 2868/4144/3858
f 2868/4144/3858 2899/4323/4035 2869/4325/4037
f 2868/4144/3858 2869/4325/4037 2838/4146/3860
f 2838/4146/3860 2869/4325/4037 2839/4327/4039
f 2838/4146/3860 2839/4327/4039 2808/4148/3862
f 2808/4148/3862 2839/4327/4039 2809/4329/4041
f 2808/4148/3862 2809/4329/4041 2778/4150/3864
f 2778/4150/3864 2809/4329/4041 2779/4331/4043
f 2778/4150/3864 2779/4331/4043 2748/4152/3866
f 2748/4152/3866 2779/4331/4043 2749/4333/4045
f 2748/4152/3866 2749/4333/4045 2718/4154/3868
f 2718/4154/3868 2749/4333/4045 2719/4335/4047
f 2718/4154/3868 2719/4335/4047 2658/4156/3870
f 2658/4156/3870 2719/4335/4047 2659/4337/4049
f 2658/4156/3870 2659/4337/4049 2663/4158/3872
f 2663/4158/3872 2659/4337/4049 2662/4339/4051
f 2663/4158/3872 2662/4339/4051 2628/4160/3874
f 2628/4160/3874 2662/4339/4051 2629/4341/4053
f 2628/4160/3874 2629/4341/4053 2599/4162/3876
f 2599/4162/3876 2629/4341/4053 2600/4343/4055
f 2599/4162/3876 2600/4343/4055 2569/4164/3878
f 2569/4164/3878 2600/4343/4055 2570/4345/4057
f 2569/4164/3878 2570/4345/4057 2539/4166/3880
f 2539/4166/3880 2570/4345/4057 2540/4347/4059
f 2539/4166/3880 2540/4347/4059 2509/4168/3882
f 2509/4168/3882 2540/4347/4059 2510/4349/4061
f 2509/4168/3882 2510/4349/4061 2479/4170/3884
f 2479/4170/3884 2510/4349/4061 2480/4351/4063
f 2479/4170/3884 2480/4351/4063 2449/4172/3886
f 2449/4172/3886 2480/4351/4063 2450/4353/4065
f 2449/4172/3886 2450/4353/4065 2419/4174/3888
f 2419/4174/3888 2450/4353/4065 2420/4355/4067
f 2419/4174/3888 2420/4355/4067 2389/4176/3890
f 2389/4176/3890 2420/4355/4067 2390/4357/4069
f 2389/4176/3890 2390/4357/4069 2359/4178/3892
f 2359/4178/3892 2390/4357/4069 2360/4359/4071
f 2359/4178/3892 2360/4359/4071 2329/4180/3894
f 2329/4180/3894 2360/4359/4071 2330/4361/4073
f 2329/4180/3894 2330/4361/4073 2269/4182/3896
f 2269/4182/3896 2330/4361/4073 2270/4363/4075
f 2269/4182/3896 2270/4363/4075 2274/4184/3898
f 2274/4184/3898 2270/4363/4075 2273/4365/4077
f 2274/4184/3898 2273/4365/4077 2239/4186/3900
f 2239/4186/3900 2273/4365/4077 2240/4367/4079
f 2239/4186/3900 2240/4367/4079 2210/4188/3902
f 2210/4188/3902 2240/4367/4079 2211/4369/4081
f 2210/4188/3902 2211/4369/4081 2180/4190/3904
f 2180/4190/3904 2211/4369/4081 2181/4371/4083
f 2180/4190/3904 2181/4371/4083 2150/4192/3906
f 2150/4192/3906 2181/4371/4083 2151/4373/4085
f 2150/4192/3906 2151/4373/4085 2120/4194/3908
f 2120/4194/3908 2151/4373/4085 2121/4375/4087
f 2120/4194/3908 2121/4375/4087 2090/4196/3910
f 2090/4196/3910 2121/4375/4087 2091/4377/4089
f 2090/4196/3910 2091/4377/4089 2060/4198/3912
f 2060/4198/3912 2091/4377/4089 2061/4379/4091
f 2060/4198/3912 2061/4379/4091 2030/4200/3914
f 2030/4200/3914 2061/4379/4091 2031/4381/4093
f 2030/4200/3914 2031/4381/4093 2000/4202/3916
f 2000/4202/3916 2031/4381/4093 2001/4383/4095
f 2000/4202/3916 2001/4383/4095 1970/4204/3918
f 1970/4204/3918 2001/4383/4095 1971/4385/4097
f 1970/4204/3918 1971/4385/4097 1940/4206/3920
f 1940/4206/3920 1971/4385/4097 1941/4387/4099
f 1940/4206/3920 1941/4387/4099 1880/4208/3922
f 1880/4208/3922 1941/4387/4099 1881/4389/4101
f 1880/4208/3922 1881/4389/4101 1885/4210/3924
f 1885/4210/3924 1881/4389/4101 1884/4391/4103
f 1885/4210/3924 1884/4391/4103 1850/4212/3926
f 1850/4212/3926 1884/4391/4103 1851/4393/4105
f 1850/4212/3926 1851/4393/4105 1821/4214/3928
f 1821/4214/3928 1851/4393/4105 1822/4395/4107
f 1821/4214/3928 1822/4395/4107 1791/4216/3930
f 1791/4216/3930 1822/4395/4107 1792/4397/4109
f 1791/4216/3930 1792/4397/4109 1761/4218/3932
f 1761/4218/3932 1792/4397/4109 1762/4399/4111
f 1761/4218/3932 1762/4399/4111 1731/4220/3934
f 1731/4220/3934 1762/4399/4111 1732/4401/4113
f 1731/4220/3934 1732/4401/4113 1701/4222/3936
f 1701/4222/3936 1732/4401/4113 1702/4403/4115
f 1701/4222/3936 1702/4403/4115 1671/4224/3938
f 1671/4224/3938 1702/4403/4115 1672/4405/4117
f 1671/4224/3938 1672/4405/4117 1641/4226/3940
f 1641/4226/3940 1672/4405/4117 1642/4407/4119
f 1641/4226/3940 1642/4407/4119 1611/4228/3942
f 1611/4228/3942 1642/4407/4119 1612/4409/4121
f 1611/4228/3942 1612/4409/4121 1581/4230/3944
f 1581/4230/3944 1612/4409/4121 1582/4411/4123
f 1581/4230/3944 1582/4411/4123 1551/4232/3946
f 1551/4232/3946 1582/4411/4123 1552/4413/4125
f 1551/4232/3946 1552/4413/4125 1491/4234/3948
f 1491/4234/3948 1552/4413/4125 1492/4415/4127
f 1491/4234/3948 1492/4415/4127 1496/4236/3950
f 1496/4236/3950 1492/4415/4127 1495/4417/4129
f 1496/4236/3950 1495/4417/4129 1461/4238/3952
f 1461/4238/3952 1495/4417/4129 1462/4419/4131
f 1461/4238/3952 1462/4419/4131 1431/4240/3954
f 1431/4240/3954 1462/4419/4131 1432/4421/4133
f 1431/4240/3954 1432/4421/4133 1401/4242/3956
f 1401/4242/3956 1432/4421/4133 1402/4423/4135
f 1401/4242/3956 1402/4423/4135 1371/4244/3958
f 1371/4244/3958 1402/4423/4135 1372/4425/4137
f 1371/4244/3958 1372/4425/4137 1341/4246/3960
f 1341/4246/3960 1372/4425/4137 1342/4427/4139
f 1341/4246/3960 1342/4427/4139 1281/4248/3962
f 1281/4248/3962 1342/4427/4139 1282/4429/4141
f 1281/4248/3962 1282/4429/4141 1286/4250/3964
f 1286/4250/3964 1282/4429/4141 1285/4431/4143
f 1286/4250/3964 1285/4431/4143 3915/4252/3966
f 3915/4252/3966 1285/4431/4143 3916/4433/4145
f 3915/4252/3966 3916/4433/4145 3885/4254/3968
f 3885/4254/3968 3916/4433/4145 3886/4435/4147
f 3885/4254/3968 3886/4435/4147 3855/4256/3970
f 3855/4256/3970 3886/4435/4147 3856/4437/4149
f 3855/4256/3970 3856/4437/4149 3825/4258/3972
f 3825/4258/3972 3856/4437/4149 3826/4439/4151
f 3825/4258/3972 3826/4439/4151 3765/4260/3974
f 3765/4260/3974 3826/4439/4151 3766/4441/4153
f 3765/4260/3974 3766/4441/4153 3769/4262/3976
f 3769/4262/3976 3766/4441/4153 3768/4443/4155
f 3769/4262/3976 3768/4443/4155 3738/4264/3978
f 1220/1927/1667 1219/1753/1495 3292/1925/1665
f 3292/1925/1665 1219/1753/1495 3291/1751/1493
f 3292/1925/1665 3291/1751/1493 3322/1923/1663
f 3322/1923/1663 3291/1751/1493 3321/1749/1491
f 3322/1923/1663 3321/1749/1491 3352/1921/1661
f 3352/1921/1661 3321/1749/1491 3351/1747/1489
f 3352/1921/1661 3351/1747/1489 3437/1919/1659
f 3437/1919/1659 3351/1747/1489 3438/1745/1487
f 3437/1919/1659 3438/1745/1487 3382/1917/1657
f 3382/1917/1657 3438/1745/1487 3381/1743/1485
f 3382/1917/1657 3381/1743/1485 3441/1915/1655
f 3441/1915/1655 3381/1743/1485 3440/1741/1483
f 3441/1915/1655 3440/1741/1483 3471/1913/1653
f 3471/1913/1653 3440/1741/1483 3470/1739/1481
f 3471/1913/1653 3470/1739/1481 3501/1911/1651
f 3501/1911/1651 3470/1739/1481 3500/1737/1479
f 3501/1911/1651 3500/1737/1479 3531/1909/1649
f 3531/1909/1649 3500/1737/1479 3530/1735/1477
f 3531/1909/1649 3530/1735/1477 3561/1907/1647
f 3561/1907/1647 3530/1735/1477 3560/1733/1475
f 3561/1907/1647 3560/1733/1475 3591/1905/1645
f 3591/1905/1645 3560/1733/1475 3590/1731/1473
f 3591/1905/1645 3590/1731/1473 3621/1903/1643
f 3621/1903/1643 3590/1731/1473 3620/1729/1471
f 3621/1903/1643 3620/1729/1471 3651/1901/1641
f 3651/1901/1641 3620/1729/1471 3650/1727/1469
f 3651/1901/1641 3650/1727/1469 3681/1899/1639
f 3681/1899/1639 3650/1727/1469 3680/1725/1467
f 3681/1899/1639 3680/1725/1467 3711/1897/1637
f 3711/1897/1637 3680/1725/1467 3710/1723/1465
f 3711/1897/1637 3710/1723/1465 3796/1895/1635
f 3796/1895/1635 3710/1723/1465 3797/1721/1463
f 3796/1895/1635 3797/1721/1463 1252/1719/1462
f 2421/4356/4068 1217/4607/4156 2391/4358/4070
f 1493/4416/4128 1217/4608/4156 1494/4418/4130
# 3917 vertices
# 4608 texture params
# 4156 normals
# 7834 facets

# 1 groups
