# Blender 5.0.1
# www.blender.org
mtllib SeaAngler.mtl
g SeaAngler_Mesh
v -0.582084 0.021651 1.138847
v -0.582084 0.054674 1.171870
v -0.615108 0.054674 1.138847
v -0.582084 0.026063 1.155336
v -0.598574 0.026063 1.138847
v -0.597876 0.030348 1.154639
v -0.598574 0.054674 1.167458
v -0.582084 0.038184 1.167458
v -0.597876 0.038882 1.163172
v -0.610696 0.038184 1.138847
v -0.610696 0.054674 1.155336
v -0.606410 0.038882 1.154639
v -0.615108 0.054674 0.789704
v -0.582084 0.054674 0.756681
v -0.582084 0.021651 0.789704
v -0.610696 0.054674 0.773214
v -0.610696 0.038184 0.789704
v -0.606410 0.038882 0.773912
v -0.582084 0.038184 0.761093
v -0.598574 0.054674 0.761093
v -0.597876 0.038882 0.765378
v -0.598574 0.026063 0.789704
v -0.582084 0.026063 0.773214
v -0.597876 0.030348 0.773912
v 0.563335 0.054674 0.756681
v 0.596358 0.054674 0.789704
v 0.563335 0.021651 0.789704
v 0.579825 0.054674 0.761093
v 0.563335 0.038184 0.761093
v 0.579127 0.038882 0.765378
v 0.591946 0.038184 0.789704
v 0.591946 0.054674 0.773214
v 0.587661 0.038882 0.773912
v 0.563335 0.026063 0.773214
v 0.579825 0.026063 0.789704
v 0.579127 0.030348 0.773912
v 0.596358 0.054674 1.138847
v 0.563335 0.054674 1.171870
v 0.563335 0.021651 1.138847
v 0.591946 0.054674 1.155336
v 0.591946 0.038184 1.138847
v 0.587661 0.038882 1.154639
v 0.563335 0.038184 1.167458
v 0.579825 0.054674 1.167458
v 0.579127 0.038882 1.163172
v 0.579825 0.026063 1.138847
v 0.563335 0.026063 1.155336
v 0.579127 0.030348 1.154639
v -0.615108 0.054674 1.138847
v -0.582084 0.054674 1.171870
v -0.582084 0.087697 1.138847
v -0.610696 0.054674 1.155336
v -0.610696 0.071164 1.138847
v -0.606410 0.070466 1.154639
v -0.582084 0.071164 1.167458
v -0.598574 0.054674 1.167458
v -0.597876 0.070466 1.163172
v -0.598574 0.083286 1.138847
v -0.582084 0.083286 1.155336
v -0.597876 0.079000 1.154639
v -0.615108 0.054674 0.789704
v -0.582084 0.087697 0.789704
v -0.582084 0.054674 0.756681
v -0.610696 0.071164 0.789704
v -0.610696 0.054674 0.773214
v -0.606410 0.070466 0.773912
v -0.582084 0.083286 0.773214
v -0.598574 0.083286 0.789704
v -0.597876 0.079000 0.773912
v -0.598574 0.054674 0.761093
v -0.582084 0.071164 0.761093
v -0.597876 0.070466 0.765378
v 0.563335 0.054674 0.756681
v 0.563335 0.087697 0.789704
v 0.596358 0.054674 0.789704
v 0.563335 0.071164 0.761093
v 0.579825 0.054674 0.761093
v 0.579127 0.070466 0.765378
v 0.579825 0.083286 0.789704
v 0.563335 0.083286 0.773214
v 0.579127 0.079000 0.773912
v 0.591947 0.054674 0.773214
v 0.591947 0.071164 0.789704
v 0.587661 0.070466 0.773912
v 0.596358 0.054674 1.138847
v 0.563335 0.087697 1.138847
v 0.563335 0.054674 1.171870
v 0.591946 0.071164 1.138847
v 0.591946 0.054674 1.155336
v 0.587661 0.070466 1.154639
v 0.563335 0.083286 1.155336
v 0.579825 0.083286 1.138847
v 0.579127 0.079000 1.154639
v 0.579825 0.054674 1.167458
v 0.563335 0.071164 1.167458
v 0.579127 0.070466 1.163172
v -0.016929 0.159875 1.713537
v -0.016929 0.378298 1.392733
v -0.003587 0.160554 1.713999
v -0.003587 0.378977 1.393195
v 0.005266 0.168832 1.719635
v 0.005266 0.387255 1.398831
v 0.004445 0.179860 1.727144
v 0.004445 0.398283 1.406340
v -0.005569 0.187178 1.732127
v -0.005569 0.405601 1.411323
v -0.018911 0.186500 1.731665
v -0.018911 0.404923 1.410861
v -0.027764 0.178222 1.726029
v -0.027764 0.396645 1.405225
v -0.026943 0.167194 1.718520
v -0.026943 0.385617 1.397716
v 0.059077 0.356809 1.363676
v 0.047622 0.346099 1.356384
v -0.025388 0.472217 1.442253
v -0.008126 0.473095 1.442851
v -0.025413 0.464433 1.452932
v -0.008049 0.465316 1.453534
v 0.058823 0.349617 1.374759
v 0.047300 0.338844 1.367424
v -0.024367 0.365888 1.385900
v 0.005835 0.367185 1.386782
v 0.019642 0.380094 1.395575
v 0.012611 0.401176 1.409183
v -0.002868 0.418552 1.421760
v -0.023624 0.417497 1.421041
v -0.036354 0.398688 1.407489
v -0.039987 0.377303 1.393675
v -0.024909 0.372989 1.374397
v 0.006545 0.374297 1.375287
v 0.020056 0.386935 1.383914
v 0.011991 0.407966 1.398731
v -0.003337 0.426982 1.411181
v -0.023283 0.425968 1.410491
v -0.035688 0.405560 1.397093
v -0.040213 0.384176 1.382036
v -0.059503 0.335256 1.364981
v -0.072536 0.344780 1.371466
v -0.059775 0.342499 1.353933
v -0.072732 0.351967 1.360380
v -0.019614 0.382940 1.373265
v -0.000011 0.383912 1.373926
v 0.012372 0.395490 1.381813
v 0.010631 0.411292 1.392607
v -0.003387 0.422212 1.400007
v -0.021979 0.421267 1.399363
v -0.034271 0.409011 1.391054
v -0.033624 0.393179 1.380239
v -0.028457 0.523336 1.477686
v -0.012704 0.524137 1.478232
v -0.030698 0.525918 1.494559
v -0.013532 0.526870 1.495212
v 0.105334 0.321879 1.340522
v 0.094881 0.312105 1.333867
v 0.113489 0.307786 1.345952
v 0.102154 0.297388 1.338867
v -0.107804 0.289766 1.333660
v -0.120507 0.298981 1.339937
v -0.100897 0.304702 1.328827
v -0.112721 0.313342 1.334710
v 0.165130 0.399671 1.396712
v 0.161766 0.404288 1.390033
v 0.153647 0.406200 1.387267
v 0.145527 0.404288 1.390033
v 0.142164 0.399671 1.396712
v 0.145527 0.395054 1.403391
v 0.153647 0.393141 1.406158
v 0.161766 0.395054 1.403391
v 0.156539 0.355054 1.365869
v 0.153340 0.360526 1.359781
v 0.145618 0.364502 1.358441
v 0.137896 0.364654 1.362635
v 0.134697 0.360892 1.369905
v 0.137896 0.355420 1.375993
v 0.145618 0.351443 1.377333
v 0.153340 0.351292 1.373139
v 0.131608 0.314804 1.338045
v 0.128887 0.321048 1.332490
v 0.122318 0.326886 1.332438
v 0.115749 0.328899 1.337918
v 0.113028 0.325908 1.345721
v 0.115749 0.319665 1.351276
v 0.122318 0.313827 1.351329
v 0.128887 0.311813 1.345849
v 0.092776 0.282862 1.315964
v 0.090799 0.289718 1.310832
v 0.086027 0.297034 1.311801
v 0.081254 0.300525 1.318303
v 0.079277 0.298146 1.326529
v 0.081254 0.291290 1.331661
v 0.086027 0.283974 1.330692
v 0.090799 0.280483 1.324190
v 0.043846 0.262354 1.301787
v 0.042806 0.269602 1.296927
v 0.040297 0.277867 1.298552
v 0.037788 0.282307 1.305709
v 0.036749 0.280321 1.314207
v 0.037788 0.273072 1.319067
v 0.040297 0.264808 1.317443
v 0.042806 0.260368 1.310285
v -0.010394 0.255287 1.296902
v -0.010394 0.262671 1.292136
v -0.010394 0.271263 1.293986
v -0.010394 0.276029 1.301370
v -0.010394 0.274179 1.309961
v -0.010394 0.266795 1.314728
v -0.010394 0.258204 1.312877
v -0.010394 0.253437 1.305494
v -0.064634 0.262354 1.301787
v -0.063595 0.269602 1.296927
v -0.061086 0.277867 1.298552
v -0.058576 0.282307 1.305709
v -0.057537 0.280321 1.314207
v -0.058576 0.273072 1.319067
v -0.061086 0.264808 1.317443
v -0.063595 0.260368 1.310285
v -0.113564 0.282862 1.315964
v -0.111588 0.289718 1.310832
v -0.106815 0.297034 1.311801
v -0.102042 0.300525 1.318303
v -0.100066 0.298146 1.326529
v -0.102042 0.291290 1.331661
v -0.106815 0.283974 1.330692
v -0.111588 0.280483 1.324190
v -0.152396 0.314804 1.338045
v -0.149675 0.321048 1.332490
v -0.143106 0.326886 1.332438
v -0.136537 0.328899 1.337918
v -0.133816 0.325908 1.345721
v -0.136537 0.319665 1.351276
v -0.143106 0.313827 1.351329
v -0.149675 0.311813 1.345849
v -0.177327 0.355054 1.365869
v -0.174129 0.360526 1.359781
v -0.166406 0.364502 1.358441
v -0.158684 0.364654 1.362635
v -0.155485 0.360892 1.369905
v -0.158684 0.355420 1.375993
v -0.166406 0.351443 1.377333
v -0.174129 0.351292 1.373139
v -0.185918 0.399671 1.396712
v -0.182555 0.404288 1.390033
v -0.174435 0.406200 1.387267
v -0.166315 0.404288 1.390033
v -0.162952 0.399671 1.396712
v -0.166315 0.395054 1.403391
v -0.174435 0.393141 1.406158
v -0.182555 0.395054 1.403391
v -0.177327 0.444288 1.427555
v -0.174129 0.448050 1.420285
v -0.166406 0.447898 1.416092
v -0.158684 0.443922 1.417432
v -0.155485 0.438450 1.423520
v -0.158684 0.434688 1.430790
v -0.166406 0.434839 1.434983
v -0.174129 0.438816 1.433643
v -0.152396 0.484537 1.455379
v -0.149675 0.487528 1.447576
v -0.143106 0.485515 1.442096
v -0.136537 0.479676 1.442148
v -0.133816 0.473433 1.447703
v -0.136537 0.470442 1.455506
v -0.143106 0.472455 1.460987
v -0.149675 0.478294 1.460934
v -0.113564 0.516479 1.477460
v -0.111588 0.518858 1.469234
v -0.106815 0.515367 1.462732
v -0.102042 0.508051 1.461763
v -0.100066 0.501196 1.466895
v -0.102042 0.498817 1.475121
v -0.106815 0.502308 1.481623
v -0.111588 0.509624 1.482592
v -0.064634 0.536987 1.491637
v -0.063595 0.538973 1.483139
v -0.061086 0.534534 1.475982
v -0.058576 0.526269 1.474357
v -0.057537 0.519021 1.479217
v -0.058576 0.517035 1.487715
v -0.061086 0.521474 1.494873
v -0.063595 0.529739 1.496498
v -0.010394 0.544054 1.496522
v -0.010394 0.545905 1.487931
v -0.010394 0.541138 1.480547
v -0.010394 0.532546 1.478697
v -0.010394 0.525163 1.483463
v -0.010394 0.523312 1.492055
v -0.010394 0.528079 1.499438
v -0.010394 0.536670 1.501289
v 0.043846 0.536987 1.491637
v 0.042806 0.538973 1.483139
v 0.040297 0.534534 1.475982
v 0.037788 0.526269 1.474357
v 0.036749 0.519021 1.479217
v 0.037788 0.517035 1.487715
v 0.040297 0.521474 1.494873
v 0.042806 0.529739 1.496498
v 0.092776 0.516479 1.477460
v 0.090799 0.518858 1.469234
v 0.086027 0.515367 1.462732
v 0.081254 0.508051 1.461763
v 0.079277 0.501196 1.466895
v 0.081254 0.498817 1.475121
v 0.086027 0.502308 1.481624
v 0.090799 0.509624 1.482592
v 0.131607 0.484537 1.455379
v 0.128887 0.487528 1.447576
v 0.122318 0.485515 1.442096
v 0.115749 0.479676 1.442148
v 0.113028 0.473433 1.447703
v 0.115749 0.470442 1.455506
v 0.122318 0.472456 1.460987
v 0.128887 0.478294 1.460934
v 0.156539 0.444288 1.427555
v 0.153340 0.448050 1.420285
v 0.145618 0.447898 1.416092
v 0.137896 0.443922 1.417432
v 0.134697 0.438450 1.423520
v 0.137896 0.434688 1.430790
v 0.145618 0.434839 1.434983
v 0.153340 0.438816 1.433643
v 0.037510 0.372364 1.374604
v 0.026091 0.361687 1.367332
v -0.023583 0.438589 1.435393
v -0.006323 0.448114 1.426179
v -0.006035 0.439481 1.436000
v 0.024881 0.355099 1.378548
v 0.036526 0.365987 1.385961
v 0.060330 0.354504 1.370096
v -0.027480 0.468219 1.447521
v -0.006008 0.469311 1.448264
v 0.046081 0.341181 1.361025
v 0.053374 0.352330 1.358705
v 0.053037 0.343354 1.372416
v -0.023495 0.447241 1.425585
v -0.016759 0.473579 1.441259
v -0.016729 0.463952 1.454526
v -0.009504 0.368634 1.387122
v 0.014926 0.371244 1.391323
v 0.015704 0.392270 1.403171
v 0.006041 0.408682 1.414345
v -0.013430 0.419676 1.424299
v -0.030954 0.406800 1.413064
v -0.038070 0.389571 1.401333
v -0.034057 0.369046 1.389827
v -0.009378 0.374976 1.376041
v 0.015381 0.380060 1.377573
v 0.015655 0.398441 1.392157
v 0.005136 0.416377 1.404369
v -0.013478 0.429503 1.411239
v -0.030145 0.414584 1.403148
v -0.037825 0.395811 1.390366
v -0.034375 0.377891 1.376096
v -0.001157 0.422958 1.417112
v 0.012531 0.404307 1.404545
v 0.005114 0.369043 1.380387
v -0.023331 0.367877 1.379593
v -0.041800 0.381376 1.388800
v -0.036263 0.401837 1.402862
v 0.021429 0.384300 1.390791
v -0.025448 0.421723 1.416270
v -0.066000 0.339142 1.369549
v -0.066273 0.348109 1.355831
v -0.058078 0.337737 1.358680
v -0.074195 0.349515 1.366699
v -0.053782 0.362404 1.383521
v -0.054539 0.368764 1.372153
v -0.041622 0.359324 1.365724
v -0.040610 0.352778 1.376967
v -0.009718 0.382157 1.372731
v 0.007408 0.388843 1.377283
v 0.013036 0.403437 1.387243
v 0.004613 0.417722 1.396969
v -0.012782 0.423072 1.400589
v -0.029253 0.415999 1.395796
v -0.035478 0.400985 1.385573
v -0.027709 0.387088 1.376088
v -0.003284 0.423204 1.403726
v 0.011366 0.410145 1.394960
v -0.020968 0.379602 1.374023
v -0.035582 0.390283 1.381312
v 0.014626 0.392737 1.382983
v -0.035037 0.407796 1.393361
v 0.001720 0.380667 1.374748
v -0.022438 0.422230 1.403063
v -0.031573 0.531523 1.490425
v -0.012918 0.532558 1.491128
v -0.020725 0.525977 1.478841
v -0.022251 0.528030 1.496692
v -0.027531 0.493631 1.472749
v -0.010273 0.494508 1.473347
v -0.010280 0.501969 1.462450
v -0.027528 0.501092 1.461853
v 0.115781 0.310598 1.340027
v 0.103462 0.299288 1.332328
v 0.101887 0.315991 1.335869
v 0.109625 0.300970 1.341994
v 0.073731 0.319617 1.354270
v 0.073759 0.327035 1.343344
v 0.085183 0.330325 1.361560
v 0.085204 0.337736 1.350630
v -0.115719 0.292602 1.336276
v -0.108359 0.307873 1.330342
v -0.108809 0.291551 1.327064
v -0.122620 0.301573 1.333887
v -0.082361 0.313979 1.350431
v -0.095315 0.323446 1.356877
v -0.095331 0.330857 1.345947
v -0.082384 0.321396 1.339505
v -0.025594 0.442830 1.430471
v -0.088967 0.317743 1.354818
v 0.038411 0.370406 1.381161
v 0.024154 0.357075 1.372083
v 0.032102 0.367690 1.369561
v -0.014814 0.438221 1.437017
v 0.072586 0.321996 1.347901
v -0.018914 0.493383 1.474404
v -0.014934 0.448883 1.424842
v 0.005851 0.412303 1.409941
v 0.004864 0.417434 1.399880
v -0.009415 0.371148 1.381842
v -0.038230 0.392421 1.396404
v 0.030762 0.359628 1.383506
v -0.004130 0.443921 1.431214
v -0.055727 0.366666 1.378614
v 0.015951 0.395112 1.398237
v -0.030827 0.410439 1.408672
v -0.048336 0.364694 1.367521
v -0.039599 0.354880 1.370588
v -0.047253 0.356666 1.381489
v -0.029512 0.384024 1.376899
v 0.014245 0.401481 1.389019
v -0.036563 0.398946 1.387293
v 0.009558 0.385900 1.378176
v -0.029674 0.415679 1.398685
v -0.009562 0.379186 1.373765
v -0.012969 0.424241 1.404283
v -0.022601 0.537238 1.494321
v -0.018916 0.502541 1.461016
v -0.008319 0.498501 1.468077
v -0.029510 0.497423 1.467343
v 0.114420 0.301493 1.333833
v 0.079606 0.324014 1.359087
v 0.086649 0.335144 1.356853
v 0.079630 0.333125 1.345667
v -0.119873 0.292697 1.327848
v -0.096930 0.328111 1.352065
v -0.081024 0.316487 1.344151
v -0.088986 0.326854 1.341398
v -0.030275 0.531374 1.482762
v -0.013375 0.532300 1.483389
v 0.112023 0.316256 1.336360
v 0.100848 0.305964 1.329357
v -0.106564 0.298366 1.324197
v -0.119107 0.307482 1.330402
v -0.031143 0.529639 1.489407
v -0.012774 0.530640 1.490090
v -0.021962 0.534111 1.483940
v 0.114305 0.311814 1.341077
v 0.102157 0.300623 1.333457
v 0.108234 0.310126 1.331511
v -0.114396 0.301786 1.325848
v -0.107572 0.292930 1.328215
v -0.121211 0.302843 1.334964
v -0.022320 0.535338 1.493282
v 0.113019 0.302768 1.334913
v -0.118545 0.294024 1.328956
v -0.842557 0.176511 -2.164448
v -1.016679 0.340069 0.016336
v -1.016748 0.371034 0.573713
v -0.962252 0.401657 1.323385
v -0.750663 0.453609 2.070371
v -0.791437 -0.206799 -2.046010
v -0.935809 0.257493 -1.057982
v -1.022737 0.351681 0.225352
v -1.006522 0.386517 0.924653
v -0.897673 0.421670 1.672538
v -0.479705 0.458769 2.534850
v -0.597853 -0.397658 -1.998657
v -0.906300 0.235143 -1.365778
v -1.010759 0.378776 0.749183
v -0.922752 0.410687 1.553094
v -0.639480 0.456189 2.302610
v -0.832547 -0.015940 -2.100052
v -0.537133 -0.281468 0.784266
v -0.981720 0.298781 -0.520823
v -0.429518 -0.233902 1.280663
v -1.022736 0.363293 0.434369
v -0.324799 -0.177801 1.731109
v -0.991838 0.394258 1.100124
v -0.836454 0.440165 1.871677
v -0.274242 0.461350 2.767090
v -0.506866 -0.358943 -0.576192
v -0.815160 -0.185123 -1.306869
v -0.486303 -0.261344 1.009424
v -0.374305 -0.206740 1.533123
v -0.448822 -0.245014 1.192581
v -0.350442 -0.196967 1.636995
v -0.876843 0.008341 -1.335546
v -0.431864 -0.385788 -1.270136
v -0.501875 -0.316309 0.137959
v -0.406400 -0.222538 1.402900
v -0.291488 -0.156494 1.860686
v 0.001042 0.182570 -2.196280
v -0.298906 0.464788 2.494173
v -0.299628 0.465647 1.989015
v -0.473845 0.440703 1.558105
v -0.306853 0.503505 2.494279
v -0.307575 0.504363 1.989121
v -0.457829 0.247181 -1.371108
v -0.831196 0.237897 -1.370529
v -0.799367 0.418615 1.554478
v 0.002892 -0.158010 1.865727
v -0.000682 -0.006190 -2.137695
v -0.034430 -0.351096 -2.009591
v -0.039271 -0.200109 -2.069331
v -0.048249 -0.356350 -2.015057
v -0.473845 0.292660 1.461860
v -0.799367 0.270572 1.458233
v 0.820255 0.176511 -2.164451
v 0.994387 0.340069 0.016332
v 0.994458 0.371034 0.573708
v 0.939966 0.401657 1.323381
v 0.728381 0.453609 2.070368
v 0.769136 -0.206799 -2.046014
v 0.913513 0.257493 -1.057986
v 1.000446 0.351681 0.225348
v 0.984234 0.386517 0.924649
v 0.875388 0.421670 1.672534
v 0.457425 0.458769 2.534848
v 0.575552 -0.397658 -1.998660
v 0.884002 0.235143 -1.365782
v 0.988470 0.378776 0.749179
v 0.900467 0.410687 1.553090
v 0.617199 0.456189 2.302608
v 0.810246 -0.015940 -2.100056
v 0.514845 -0.281468 0.784264
v 0.959426 0.298781 -0.520827
v 0.407232 -0.233902 1.280661
v 1.000446 0.363293 0.434364
v 0.302514 -0.177801 1.731107
v 0.969552 0.394258 1.100119
v 0.814170 0.440165 1.871673
v 0.251963 0.461350 2.767089
v 0.484572 -0.358943 -0.576194
v 0.792862 -0.185123 -1.306873
v 0.464015 -0.261344 1.009421
v 0.352020 -0.206740 1.533121
v 0.426536 -0.245014 1.192579
v 0.328157 -0.196967 1.636994
v 0.854546 0.008341 -1.335550
v 0.409566 -0.385788 -1.270137
v 0.479584 -0.316309 0.137957
v 0.384114 -0.222538 1.402898
v 0.269205 -0.156494 1.860685
v -0.023343 0.182570 -2.196280
v 0.276625 0.464788 2.494171
v 0.277345 0.465647 1.989014
v 0.451560 0.440703 1.558103
v 0.284572 0.503505 2.494277
v 0.285292 0.504363 1.989120
v 0.435531 0.247181 -1.371110
v 0.808898 0.237897 -1.370533
v 0.777082 0.418615 1.554474
v -0.025175 -0.158010 1.865727
v -0.021619 -0.006190 -2.137694
v 0.012129 -0.351096 -2.009591
v 0.016970 -0.200109 -2.069331
v 0.025949 -0.356350 -2.015057
v 0.451560 0.292660 1.461857
v 0.777081 0.270572 1.458229
v 0.820255 0.176511 -2.164451
v 0.994387 0.340069 0.016332
v 0.994458 0.371034 0.573708
v 0.939966 0.401657 1.323381
v 0.728381 0.453609 2.070368
v 0.769136 -0.206799 -2.046014
v 0.913513 0.257493 -1.057986
v 1.000446 0.351681 0.225348
v 0.984234 0.386517 0.924649
v 0.875388 0.421670 1.672534
v 0.457425 0.458769 2.534848
v 0.575552 -0.397658 -1.998660
v 0.884002 0.235143 -1.365782
v 0.988470 0.378776 0.749179
v 0.900467 0.410687 1.553090
v 0.617199 0.456189 2.302608
v 0.810246 -0.015940 -2.100056
v 0.514845 -0.281468 0.784264
v 0.959426 0.298781 -0.520827
v 0.407232 -0.233902 1.280661
v 1.000446 0.363293 0.434364
v 0.302514 -0.177801 1.731107
v 0.969552 0.394258 1.100119
v 0.814170 0.440165 1.871673
v 0.251963 0.461350 2.767089
v 0.484572 -0.358943 -0.576194
v 0.792862 -0.185123 -1.306873
v 0.464015 -0.261344 1.009421
v 0.352020 -0.206740 1.533121
v 0.426536 -0.245014 1.192579
v 0.328157 -0.196967 1.636994
v 0.854546 0.008341 -1.335550
v 0.409566 -0.385788 -1.270137
v 0.479584 -0.316309 0.137957
v 0.384114 -0.222538 1.402898
v 0.269205 -0.156494 1.860685
v -0.023343 0.182570 -2.196280
v 0.276625 0.464788 2.494171
v 0.277345 0.465647 1.989014
v 0.451560 0.440703 1.558103
v 0.284572 0.503505 2.494277
v 0.285292 0.504363 1.989120
v 0.435531 0.247181 -1.371110
v 0.808898 0.237897 -1.370533
v 0.777082 0.418615 1.554474
v -0.025175 -0.158010 1.865727
v -0.021619 -0.006190 -2.137694
v 0.012129 -0.351096 -2.009591
v 0.016970 -0.200109 -2.069331
v 0.025949 -0.356350 -2.015057
v 0.451560 0.292660 1.461857
v 0.777081 0.270572 1.458229
v -0.011150 -0.572469 -1.961938
v -0.842557 0.176511 -2.164448
v -1.016679 0.340069 0.016336
v -1.016748 0.371034 0.573713
v -0.962252 0.401657 1.323385
v -0.750663 0.453609 2.070371
v -0.791437 -0.206799 -2.046010
v -0.935809 0.257493 -1.057982
v -1.022737 0.351681 0.225352
v -1.006522 0.386517 0.924653
v -0.897673 0.421670 1.672538
v -0.479705 0.458769 2.534850
v -0.597853 -0.397658 -1.998657
v -0.906300 0.235143 -1.365778
v -1.010759 0.378776 0.749183
v -0.922752 0.410687 1.553094
v -0.639480 0.456189 2.302610
v -0.832547 -0.015940 -2.100052
v -0.011149 -0.576422 -1.242454
v -0.537133 -0.281468 0.784266
v -0.981720 0.298781 -0.520823
v -0.429518 -0.233902 1.280663
v -1.022736 0.363293 0.434369
v -0.324799 -0.177801 1.731109
v -0.991838 0.394258 1.100124
v -0.836454 0.440165 1.871677
v -0.274242 0.461350 2.767090
v -0.506866 -0.358943 -0.576192
v -0.815160 -0.185123 -1.306869
v -0.486303 -0.261344 1.009424
v -0.374305 -0.206740 1.533123
v -0.448822 -0.245014 1.192581
v -0.350442 -0.196967 1.636995
v -0.876843 0.008341 -1.335546
v -0.431864 -0.385788 -1.270136
v -0.501875 -0.316309 0.137959
v -0.406400 -0.222538 1.402900
v -0.291488 -0.156494 1.860686
v -0.011139 0.463930 2.999329
v 0.001042 0.182570 -2.196280
v -0.011142 0.466505 1.563021
v -0.011149 0.259219 -1.376438
v -0.298906 0.464788 2.494173
v -0.299628 0.465647 1.989015
v -0.473845 0.440703 1.558105
v -0.011140 0.480992 2.498683
v -0.011142 0.481650 1.983876
v -0.306853 0.503505 2.494279
v -0.307575 0.504363 1.989121
v -0.011140 0.519619 2.499423
v -0.011142 0.520438 1.984079
v -0.457829 0.247181 -1.371108
v -0.831196 0.237897 -1.370529
v -0.799367 0.418615 1.554478
v 0.002892 -0.158010 1.865727
v -0.011149 -0.385788 -1.270137
v -0.011148 -0.381040 -1.009704
v -0.011151 -0.197724 -2.079109
v -0.011150 -0.361604 -2.020523
v -0.000682 -0.006190 -2.137695
v -0.034430 -0.351096 -2.009591
v -0.039271 -0.200109 -2.069331
v -0.048249 -0.356350 -2.015057
v -0.011143 0.318462 1.466775
v -0.473845 0.292660 1.461860
v -0.799367 0.270572 1.458233
v -0.356819 0.406356 2.547529
v -0.352667 0.400894 2.555871
v -0.340779 0.398491 2.559722
v -0.331686 0.400732 2.556538
v -0.327467 0.404228 2.551335
v -0.327862 0.403734 2.552144
v -0.326243 0.408710 2.544631
v -0.331512 0.413696 2.536914
v -0.342358 0.415679 2.533705
v -0.354460 0.411859 2.539249
v -0.349512 0.465665 2.603308
v -0.340631 0.463995 2.603951
v -0.330137 0.530827 2.623961
v -0.336064 0.507449 2.599570
v -0.348765 0.509690 2.600735
v -0.353235 0.509120 2.631458
v -0.341112 0.530875 2.652924
v -0.331312 0.499519 2.622617
v -0.342792 0.591306 2.660030
v -0.353574 0.547182 2.632206
v -0.357550 0.626200 2.700089
v -0.355196 0.600261 2.698170
v -0.346181 0.607574 2.711022
v -0.336453 0.602123 2.705322
v -0.329104 0.605934 2.698396
v -0.328180 0.566949 2.661427
v -0.328082 0.656868 2.726288
v -0.331726 0.651842 2.714640
v -0.336326 0.654042 2.712018
v -0.351816 0.612197 2.679851
v -0.357244 0.644775 2.724017
v -0.352834 0.729312 2.800606
v -0.344198 0.671478 2.762365
v -0.333710 0.669275 2.758495
v -0.339048 0.743004 2.783535
v -0.350346 0.690070 2.742110
v -0.344687 0.773793 2.847692
v -0.335844 0.741779 2.822479
v -0.323928 0.782418 2.828426
v -0.318922 0.824467 2.869770
v -0.347913 0.758045 2.800692
v -0.353501 0.753744 2.806626
v -0.328880 0.809000 2.882751
v -0.323661 0.810928 2.879553
v -0.322305 0.821124 2.867084
v -0.332188 0.822012 2.861472
v -0.334348 0.816050 2.861765
v -0.340352 0.814714 2.867524
v -0.310260 0.822070 2.881775
v 0.339655 0.406356 2.547529
v 0.335503 0.400894 2.555871
v 0.323615 0.398491 2.559722
v 0.314521 0.400732 2.556538
v 0.310303 0.404228 2.551335
v 0.310698 0.403734 2.552144
v 0.309078 0.408710 2.544631
v 0.314347 0.413696 2.536914
v 0.325194 0.415679 2.533705
v 0.337295 0.411859 2.539249
v 0.332347 0.465665 2.603308
v 0.323467 0.463995 2.603951
v 0.312972 0.530827 2.623961
v 0.318899 0.507449 2.599570
v 0.331600 0.509690 2.600735
v 0.336071 0.509120 2.631458
v 0.323948 0.530875 2.652924
v 0.314148 0.499519 2.622617
v 0.325628 0.591306 2.660030
v 0.336409 0.547182 2.632206
v 0.340385 0.626200 2.700089
v 0.338032 0.600261 2.698170
v 0.329016 0.607574 2.711022
v 0.319288 0.602123 2.705322
v 0.311939 0.605934 2.698396
v 0.311015 0.566949 2.661427
v 0.310917 0.656868 2.726288
v 0.314562 0.651842 2.714640
v 0.319161 0.654042 2.712018
v 0.334652 0.612197 2.679851
v 0.340080 0.644775 2.724017
v 0.335670 0.729312 2.800606
v 0.327034 0.671478 2.762365
v 0.316546 0.669275 2.758495
v 0.321884 0.743004 2.783535
v 0.333182 0.690070 2.742110
v 0.327522 0.773793 2.847692
v 0.318679 0.741779 2.822479
v 0.306764 0.782418 2.828426
v 0.301758 0.824467 2.869770
v 0.330749 0.758045 2.800692
v 0.336337 0.753744 2.806626
v 0.311716 0.809000 2.882751
v 0.306497 0.810928 2.879553
v 0.305141 0.821124 2.867084
v 0.315024 0.822012 2.861472
v 0.317184 0.816050 2.861765
v 0.323187 0.814714 2.867524
v 0.293095 0.822070 2.881775
v -0.681691 0.439682 2.011288
v -0.675666 0.431511 2.014977
v -0.663324 0.428580 2.013975
v -0.655382 0.432625 2.009684
v -0.652610 0.438303 2.005541
v -0.652789 0.437484 2.006134
v -0.653076 0.445289 2.001355
v -0.660021 0.452682 1.998309
v -0.671208 0.455039 1.999396
v -0.681455 0.448343 2.005872
v -0.655808 0.469969 2.082668
v -0.647209 0.468843 2.080052
v -0.627907 0.521375 2.123004
v -0.641703 0.510235 2.093642
v -0.653426 0.510826 2.099113
v -0.649115 0.496906 2.126535
v -0.630291 0.508282 2.150973
v -0.631111 0.493624 2.108757
v -0.626626 0.559638 2.183446
v -0.647163 0.530891 2.143581
v -0.627626 0.572972 2.236937
v -0.627318 0.550568 2.223521
v -0.614673 0.552356 2.235219
v -0.607248 0.550582 2.225292
v -0.601943 0.557508 2.218937
v -0.613553 0.538151 2.170172
v -0.590369 0.591649 2.264475
v -0.597404 0.591806 2.253307
v -0.602428 0.594567 2.253266
v -0.628574 0.569379 2.211943
v -0.619608 0.579563 2.265397
v -0.589291 0.623533 2.366290
v -0.594891 0.588284 2.306223
v -0.586047 0.588717 2.299052
v -0.568134 0.621627 2.340683
v -0.580130 0.644163 2.353662
v -0.605460 0.613221 2.298465
v -0.565850 0.644209 2.423604
v -0.566192 0.626718 2.385753
v -0.558995 0.632096 2.378492
v -0.550899 0.661716 2.404991
v -0.522945 0.712455 2.508318
v -0.582992 0.649773 2.377316
v -0.586914 0.642957 2.382122
v -0.536438 0.695253 2.528020
v -0.542645 0.661919 2.465549
v -0.534742 0.665687 2.461117
v -0.531690 0.672891 2.456388
v -0.509194 0.715784 2.527018
v -0.546912 0.690654 2.456422
v -0.556805 0.686610 2.457991
v -0.562170 0.675184 2.460783
v -0.531949 0.712558 2.542726
v -0.509054 0.711201 2.581820
v -0.498764 0.712096 2.587074
v -0.508297 0.696811 2.539537
v -0.501943 0.706924 2.537347
v -0.520882 0.722556 2.533480
v -0.527372 0.720263 2.536395
v -0.500259 0.738224 2.620242
v -0.477983 0.725729 2.615897
v -0.473871 0.730196 2.610417
v -0.471877 0.739215 2.609343
v -0.459436 0.760252 2.643983
v -0.487200 0.752516 2.609367
v -0.494171 0.751000 2.612857
v -0.498822 0.746326 2.617778
v -0.465865 0.761732 2.692115
v -0.483087 0.741503 2.652636
v -0.439790 0.761667 2.724894
v -0.445240 0.749772 2.688962
v -0.439201 0.756026 2.682399
v -0.438506 0.764080 2.678594
v -0.413637 0.797387 2.743255
v -0.453054 0.778543 2.682651
v -0.462949 0.773713 2.690002
v -0.428157 0.780268 2.758689
v -0.410436 0.769570 2.755107
v -0.404414 0.772840 2.750154
v -0.401704 0.778824 2.745228
v -0.400804 0.790862 2.746835
v -0.420847 0.797822 2.753304
v -0.425099 0.792346 2.759250
v -0.384340 0.800835 2.821981
v -0.382877 0.792101 2.820994
v -0.376655 0.786370 2.819096
v -0.369007 0.784607 2.813733
v -0.361476 0.791094 2.805546
v -0.361443 0.804968 2.803240
v -0.363443 0.814862 2.814189
v -0.376358 0.814142 2.812444
v -0.382031 0.809729 2.818994
v -0.334077 0.802931 2.878047
v -0.324804 0.796162 2.877813
v -0.322449 0.794104 2.862699
v -0.315497 0.800647 2.858690
v -0.315888 0.806449 2.854987
v -0.318160 0.814640 2.853959
v -0.332648 0.820530 2.873319
v -0.337725 0.813124 2.874763
v -0.259540 0.817256 2.952371
v -0.234951 0.811902 2.972909
v -0.273736 0.800863 2.925533
v -0.270003 0.799686 2.916994
v -0.234787 0.819068 2.934239
v -0.222275 0.828362 2.950880
v -0.229550 0.833190 2.955926
v -0.328681 0.824079 2.865899
v -0.269889 0.829955 2.926559
v -0.283894 0.821620 2.926561
v -0.231346 0.805811 2.944712
v -0.245404 0.829811 2.956664
v -0.218346 0.808106 2.982673
v -0.215613 0.804052 2.966666
v -0.238625 0.811264 2.931793
v -0.229433 0.823920 2.978001
v -0.188979 0.818631 3.011563
v -0.189651 0.805856 2.983254
v -0.190057 0.810805 2.976004
v -0.188013 0.817257 2.974242
v -0.185754 0.823919 2.976666
v -0.187858 0.834279 2.998898
v -0.195311 0.829769 3.002391
v -0.180240 0.809676 3.013797
v -0.198427 0.804299 2.987737
v -0.189593 0.824486 3.009784
v -0.154460 0.804333 3.013950
v -0.149805 0.807208 3.008528
v -0.143962 0.812087 3.007548
v -0.142739 0.824363 3.007157
v -0.125513 0.810675 3.048995
v -0.083245 0.802327 3.059344
v -0.145602 0.817043 3.004605
v -0.138243 0.828623 3.039472
v -0.146559 0.822707 3.038421
v -0.110535 0.805080 3.051209
v -0.156978 0.832206 3.023997
v -0.138540 0.815913 3.043694
v -0.000152 0.806103 3.085744
v 0.002228 0.809493 3.081375
v -0.121603 0.828073 3.022577
v -0.004520 0.804312 3.093804
v 0.001999 0.829389 3.081321
v -0.145045 0.832129 3.014102
v -0.137217 0.833607 3.023863
v -0.010609 0.819742 3.104704
v -0.001168 0.833969 3.087091
v -0.009828 0.825680 3.103389
v -0.010560 0.818164 3.104648
v -0.010374 0.816237 3.104348
v 0.003469 0.815610 3.078954
v 0.003732 0.819591 3.078391
v 0.003480 0.823547 3.078763
v 0.003549 0.824108 3.078621
v 0.002419 0.827750 3.080189
v -0.004453 0.834751 3.093067
v -0.007794 0.831991 3.099274
v -0.007339 0.832517 3.098410
v 0.657802 0.433363 2.014202
v 0.649678 0.428893 2.015120
v 0.639904 0.429885 2.012299
v 0.634233 0.435192 2.007664
v 0.633128 0.438562 2.005368
v 0.635470 0.448791 1.999559
v 0.634732 0.446721 2.000970
v 0.637236 0.449552 1.999491
v 0.648057 0.454892 1.998637
v 0.659292 0.451221 2.003448
v 0.662876 0.440578 2.010855
v 0.632488 0.499049 2.125709
v 0.629909 0.490547 2.116346
v 0.620728 0.492708 2.123128
v 0.625832 0.468012 2.076663
v 0.609903 0.497166 2.109759
v 0.601670 0.524603 2.141477
v 0.624775 0.520178 2.111399
v 0.632571 0.516985 2.111973
v 0.646208 0.487322 2.073186
v 0.605134 0.575550 2.251291
v 0.605268 0.511786 2.148357
v 0.618193 0.512773 2.099479
v 0.620642 0.547737 2.186922
v 0.596660 0.560323 2.248179
v 0.584241 0.572159 2.273080
v 0.577656 0.571692 2.266515
v 0.571457 0.578787 2.267241
v 0.582460 0.562276 2.217493
v 0.588580 0.600365 2.263730
v 0.608277 0.570460 2.213069
v 0.559182 0.644459 2.407394
v 0.571454 0.616990 2.356735
v 0.549814 0.622186 2.337599
v 0.577105 0.603861 2.271617
v 0.588278 0.610971 2.301903
v 0.543227 0.644801 2.426543
v 0.535708 0.646266 2.429238
v 0.542692 0.628359 2.381896
v 0.538703 0.634034 2.378682
v 0.553731 0.624180 2.328488
v 0.541150 0.670829 2.411237
v 0.562468 0.650989 2.376714
v 0.567298 0.642872 2.381739
v 0.512995 0.693383 2.531534
v 0.514946 0.666012 2.459873
v 0.511948 0.674576 2.456781
v 0.501891 0.697382 2.490700
v 0.508124 0.703042 2.488859
v 0.537680 0.685986 2.454248
v 0.540515 0.679086 2.466304
v 0.513411 0.709007 2.541905
v 0.498008 0.693659 2.541989
v 0.485922 0.699183 2.541391
v 0.484593 0.706444 2.531929
v 0.500388 0.721971 2.530892
v 0.508888 0.719803 2.537514
v 0.480827 0.737192 2.620054
v 0.478171 0.729894 2.620471
v 0.446584 0.748795 2.681000
v 0.448534 0.737990 2.657029
v 0.457005 0.726454 2.613780
v 0.452909 0.734273 2.609804
v 0.454251 0.743314 2.607298
v 0.431141 0.767650 2.662485
v 0.443745 0.768203 2.653214
v 0.471711 0.752522 2.612965
v 0.479747 0.746564 2.616124
v 0.445180 0.760279 2.693488
v 0.410766 0.766806 2.741777
v 0.423943 0.750757 2.686799
v 0.418919 0.759952 2.679085
v 0.438378 0.777726 2.683717
v 0.445413 0.769980 2.691185
v 0.405295 0.777966 2.761225
v 0.390475 0.769698 2.755262
v 0.384210 0.773949 2.748237
v 0.381227 0.784904 2.744691
v 0.386828 0.793934 2.743925
v 0.392372 0.799545 2.750305
v 0.402402 0.797242 2.754193
v 0.406900 0.788652 2.761013
v 0.364617 0.804442 2.821053
v 0.363485 0.793368 2.822325
v 0.356544 0.785540 2.817636
v 0.348694 0.784754 2.811719
v 0.341480 0.791831 2.806223
v 0.340969 0.799804 2.803581
v 0.343600 0.808246 2.804242
v 0.353217 0.814792 2.809939
v 0.361965 0.811168 2.816543
v 0.316172 0.801298 2.875143
v 0.306125 0.793544 2.867477
v 0.294099 0.797868 2.865527
v 0.297337 0.802555 2.855655
v 0.296768 0.809562 2.854374
v 0.296037 0.819076 2.860213
v 0.306254 0.823680 2.862804
v 0.313922 0.821322 2.871542
v 0.319597 0.811121 2.874172
v 0.266225 0.813977 2.927196
v 0.245925 0.801715 2.933849
v 0.248648 0.799888 2.919613
v 0.241745 0.815768 2.908800
v 0.200726 0.825324 2.949605
v 0.256627 0.829641 2.913663
v 0.255286 0.826355 2.932123
v 0.216442 0.813486 2.973023
v 0.254965 0.805608 2.933557
v 0.219496 0.806187 2.936150
v 0.191056 0.817316 2.955829
v 0.198382 0.803450 2.967489
v 0.190819 0.811343 2.958368
v 0.181168 0.829696 2.969635
v 0.202149 0.833778 2.966752
v 0.195706 0.830630 2.984894
v 0.205585 0.822697 2.982579
v 0.160951 0.806747 3.009698
v 0.170782 0.805912 2.982734
v 0.165728 0.825408 3.012762
v 0.164414 0.816015 3.014891
v 0.149379 0.804368 3.007229
v 0.150486 0.810084 2.991930
v 0.141205 0.816486 2.995057
v 0.142876 0.824735 2.994028
v 0.155371 0.834093 3.008475
v 0.132677 0.805614 3.010543
v 0.114791 0.833221 3.023041
v 0.133516 0.830059 3.029939
v 0.125860 0.819804 3.039647
v 0.114323 0.809941 3.043622
v 0.078527 0.803222 3.052841
v 0.110412 0.809144 3.017304
v 0.108302 0.822881 3.015567
v -0.018909 0.805239 3.086481
v 0.061152 0.829375 3.047318
v -0.009707 0.812157 3.103195
v 0.094092 0.816739 3.022663
v 0.049630 0.831685 3.060917
v 0.040763 0.828176 3.079450
v -0.009029 0.824076 3.104216
v -0.008879 0.819235 3.104611
v -0.022501 0.826007 3.079471
v -0.020439 0.831407 3.083101
v -0.018386 0.833675 3.086822
v -0.013267 0.833618 3.096258
v -0.013923 0.805455 3.095660
v -0.015646 0.804786 3.092476
v -0.023433 0.817375 3.077905
v -0.008875 0.822185 3.104558
v -0.008873 0.818164 3.104648
v -0.009059 0.816237 3.104348
v -0.009716 0.814393 3.103835
v -0.011566 0.808254 3.099918
v -0.012246 0.806841 3.098708
v -0.018292 0.805568 3.087758
v -0.020746 0.808420 3.083157
v -0.022901 0.815610 3.078954
v -0.023099 0.821620 3.078463
v -0.022913 0.823547 3.078763
v -0.015906 0.835069 3.091404
v -0.009715 0.827364 3.102754
v -0.773972 0.380501 -0.322377
v -0.773968 0.493096 1.610099
v -0.767945 0.493096 1.751117
v -0.776679 0.202479 -2.137549
v 0.000473 0.202479 -2.137549
v 0.758409 0.380501 -0.322381
v 0.758414 0.493096 1.610095
v 0.752392 0.493096 1.751114
v 0.761108 0.202479 -2.137552
v -0.007777 0.489856 1.751117
v -0.016044 0.202479 -2.137549
v -0.059555 -0.902921 -2.405231
v -0.051861 -0.706333 -2.406648
v -0.062074 -0.243293 -2.453496
v -0.045572 -0.257503 -2.183760
v -0.061570 -0.390773 -2.419092
v -0.061067 -0.564551 -2.613147
v -0.060563 -0.583086 -2.613147
v -0.060059 -0.817854 -2.405231
v -0.059555 -0.926390 -2.360937
v -0.059555 -0.888870 -2.316643
v -0.059555 -0.851351 -2.272348
v -0.059554 -0.786109 -2.211421
v -0.060563 -0.585260 -2.406648
v -0.060562 -0.585421 -2.175443
v -0.061066 -0.520471 -2.158810
v -0.045068 -0.391759 -2.183760
v -0.030681 -0.261045 -2.228055
v -0.062074 -0.259042 -2.272348
v -0.062074 -0.251494 -2.316643
v -0.062074 -0.224761 -2.436246
v -0.057963 -0.794634 -2.360937
v -0.058447 -0.587434 -2.360937
v -0.061066 -0.513597 -2.385887
v -0.061570 -0.392633 -2.383114
v -0.056973 -0.795771 -2.316643
v -0.056842 -0.586238 -2.316643
v -0.058046 -0.515316 -2.316643
v -0.058650 -0.394494 -2.316643
v -0.057343 -0.788888 -2.272349
v -0.057542 -0.587814 -2.272349
v -0.059002 -0.517034 -2.272348
v -0.059509 -0.396355 -2.272348
v -0.060058 -0.701610 -2.197560
v -0.060562 -0.586618 -2.203104
v -0.061066 -0.521525 -2.228054
v -0.030177 -0.392671 -2.228055
v -0.050455 -0.706333 -2.432678
v -0.050455 -0.795650 -2.432678
v -0.051861 -0.795650 -2.405684
v -0.058984 -0.550516 -2.373412
v -0.057468 -0.550777 -2.316643
v -0.058367 -0.552424 -2.272349
v -0.059161 -0.554071 -2.215579
v -0.060814 -0.552946 -2.167127
v -0.061067 -0.564551 -2.613147
v -0.060563 -0.583086 -2.613147
v -0.060563 -0.585260 -2.406648
v -0.060562 -0.585421 -2.175443
v -0.058447 -0.587434 -2.360937
v -0.056842 -0.586238 -2.316643
v -0.057542 -0.587814 -2.272349
v -0.060562 -0.586618 -2.203104
v -0.058984 -0.550516 -2.373412
v -0.057468 -0.550777 -2.316643
v -0.058367 -0.552424 -2.272349
v -0.059161 -0.554071 -2.215579
v -0.060814 -0.552946 -2.167127
v -0.140944 -0.564551 -2.592323
v -0.140441 -0.583086 -2.592323
v -0.155105 -0.585260 -2.406648
v -0.136401 -0.585421 -2.183925
v -0.152990 -0.587434 -2.360937
v -0.151385 -0.586238 -2.316643
v -0.152084 -0.587814 -2.272348
v -0.155104 -0.586618 -2.203104
v -0.153526 -0.550516 -2.373412
v -0.152011 -0.550777 -2.316643
v -0.152910 -0.552424 -2.272348
v -0.153703 -0.554071 -2.215579
v -0.136652 -0.552946 -2.175608
v -0.083570 -0.243293 -2.453496
v -0.071626 -0.257503 -2.192677
v -0.083066 -0.390773 -2.419092
v -0.071122 -0.391759 -2.192677
v -0.083570 -0.261045 -2.228054
v -0.083570 -0.259042 -2.272348
v -0.083570 -0.251494 -2.316643
v -0.083570 -0.224761 -2.436246
v -0.083066 -0.392633 -2.383114
v -0.080146 -0.394494 -2.316643
v -0.081005 -0.396355 -2.272348
v -0.083066 -0.392671 -2.228054
v -0.060815 -0.573819 -2.613147
v -0.060563 -0.584173 -2.509897
v -0.060026 -0.559651 -2.575045
v -0.140692 -0.573819 -2.592323
v -0.153258 -0.568975 -2.367174
v -0.155105 -0.584173 -2.509897
v -0.154047 -0.586347 -2.383792
v -0.154568 -0.559651 -2.575045
v -0.108338 -0.564551 -2.613147
v -0.106255 -0.550516 -2.373412
v -0.107834 -0.585260 -2.406648
v -0.107834 -0.583086 -2.613147
v -0.107297 -0.559651 -2.575045
v -0.107834 -0.584173 -2.509897
v -0.108086 -0.573819 -2.613147
v -0.070734 -0.750992 -2.432678
v -0.032949 -0.795650 -2.432678
v -0.032949 -0.706333 -2.432678
v -0.032949 -0.750992 -2.432678
v -0.065414 -0.773321 -2.432678
v -0.039490 -0.795650 -2.432678
v -0.039490 -0.706333 -2.432678
v -0.065414 -0.728662 -2.432678
v -0.019142 -0.795650 -2.432678
v -0.019142 -0.706333 -2.432678
v -0.019142 -0.750992 -2.432678
v -0.046756 -0.750992 -2.432678
v -0.032949 -0.728662 -2.432678
v -0.032949 -0.773321 -2.432678
v -0.019142 -0.773321 -2.432678
v -0.019142 -0.728662 -2.432678
v -0.046756 -0.728662 -2.432678
v -0.046756 -0.773321 -2.432678
v -0.058205 -0.706528 -2.360937
v -0.058084 -0.748849 -2.323180
v -0.061109 -0.725804 -2.342035
v -0.060988 -0.775751 -2.342035
v -0.004916 -0.552946 -2.167127
v -0.004916 -0.554071 -2.215580
v -0.004916 -0.552424 -2.272349
v -0.004917 -0.550777 -2.316643
v -0.004917 -0.550516 -2.373412
v -0.004916 -0.586618 -2.203104
v -0.004916 -0.587814 -2.272349
v -0.004917 -0.586238 -2.316643
v -0.004917 -0.587434 -2.360937
v -0.004916 -0.585421 -2.175444
v -0.004917 -0.585260 -2.406648
v -0.004917 -0.583086 -2.613147
v -0.004917 -0.564551 -2.613147
v -0.004916 -0.552946 -2.167127
v -0.004916 -0.554071 -2.215580
v -0.004916 -0.552424 -2.272349
v -0.004917 -0.550777 -2.316643
v -0.004917 -0.550516 -2.373412
v -0.004917 -0.795650 -2.405684
v -0.004917 -0.795650 -2.432678
v -0.004917 -0.706333 -2.432678
v -0.004916 -0.392671 -2.228055
v -0.004916 -0.521525 -2.228055
v -0.004916 -0.586618 -2.203104
v -0.004916 -0.701610 -2.197560
v -0.004916 -0.396355 -2.272349
v -0.004916 -0.517034 -2.272349
v -0.004916 -0.587814 -2.272349
v -0.004916 -0.788888 -2.272349
v -0.004917 -0.394494 -2.316643
v -0.004917 -0.515316 -2.316643
v -0.004917 -0.586238 -2.316643
v -0.004917 -0.795771 -2.316643
v -0.004917 -0.392633 -2.383115
v -0.004917 -0.513597 -2.385887
v -0.004917 -0.587434 -2.360937
v -0.004917 -0.802654 -2.360937
v -0.004917 -0.224761 -2.436247
v -0.004917 -0.251494 -2.316643
v -0.004916 -0.259042 -2.272349
v -0.004916 -0.261045 -2.228055
v -0.004916 -0.520471 -2.158810
v -0.004916 -0.585421 -2.175444
v -0.004917 -0.585260 -2.406648
v -0.004916 -0.786109 -2.211421
v -0.004916 -0.851351 -2.272349
v -0.004917 -0.888870 -2.316643
v -0.004917 -0.926390 -2.360937
v -0.004917 -0.817854 -2.405231
v -0.004917 -0.583086 -2.613147
v -0.004917 -0.564551 -2.613147
v -0.004917 -0.390773 -2.419092
v -0.004917 -0.243293 -2.453496
v -0.004917 -0.706333 -2.406648
v -0.004917 -0.902921 -2.405231
v 0.049721 -0.902921 -2.405231
v 0.042028 -0.706333 -2.406648
v 0.052240 -0.243293 -2.453496
v 0.035740 -0.257503 -2.183760
v 0.051737 -0.390773 -2.419092
v 0.051232 -0.564551 -2.613148
v 0.050729 -0.583086 -2.613148
v 0.050225 -0.817854 -2.405231
v 0.049721 -0.926390 -2.360937
v 0.049722 -0.888870 -2.316643
v 0.049722 -0.851351 -2.272349
v 0.049722 -0.786109 -2.211421
v 0.050729 -0.585260 -2.406648
v 0.050730 -0.585421 -2.175444
v 0.051233 -0.520471 -2.158811
v 0.035236 -0.391759 -2.183760
v 0.020848 -0.261045 -2.228055
v 0.052241 -0.259042 -2.272349
v 0.052241 -0.251494 -2.316643
v 0.052240 -0.224761 -2.436247
v 0.048130 -0.794634 -2.360937
v 0.048614 -0.587434 -2.360937
v 0.051233 -0.513597 -2.385887
v 0.051737 -0.392633 -2.383115
v 0.047140 -0.795771 -2.316643
v 0.047009 -0.586238 -2.316643
v 0.048212 -0.515316 -2.316643
v 0.048817 -0.394494 -2.316643
v 0.047510 -0.788888 -2.272349
v 0.047709 -0.587814 -2.272349
v 0.049169 -0.517034 -2.272349
v 0.049676 -0.396355 -2.272349
v 0.050226 -0.701610 -2.197560
v 0.050730 -0.586618 -2.203105
v 0.051233 -0.521525 -2.228055
v 0.020344 -0.392671 -2.228055
v 0.040621 -0.706333 -2.432678
v 0.040621 -0.795650 -2.432678
v 0.042028 -0.795650 -2.405684
v 0.049151 -0.550516 -2.373412
v 0.047635 -0.550777 -2.316643
v 0.048535 -0.552424 -2.272349
v 0.049328 -0.554071 -2.215580
v 0.050981 -0.552946 -2.167127
v 0.051232 -0.564551 -2.613148
v 0.050729 -0.583086 -2.613148
v 0.050729 -0.585260 -2.406648
v 0.050730 -0.585421 -2.175444
v 0.048614 -0.587434 -2.360937
v 0.047009 -0.586238 -2.316643
v 0.047709 -0.587814 -2.272349
v 0.050730 -0.586618 -2.203105
v 0.049151 -0.550516 -2.373412
v 0.047635 -0.550777 -2.316643
v 0.048535 -0.552424 -2.272349
v 0.049328 -0.554071 -2.215580
v 0.050981 -0.552946 -2.167127
v 0.131110 -0.564551 -2.592323
v 0.130606 -0.583086 -2.592323
v 0.145271 -0.585260 -2.406648
v 0.126568 -0.585421 -2.183926
v 0.143157 -0.587434 -2.360937
v 0.141552 -0.586238 -2.316643
v 0.142252 -0.587814 -2.272349
v 0.145272 -0.586618 -2.203105
v 0.143693 -0.550516 -2.373412
v 0.142178 -0.550777 -2.316643
v 0.143077 -0.552424 -2.272349
v 0.143871 -0.554071 -2.215580
v 0.126820 -0.552946 -2.175609
v 0.073736 -0.243293 -2.453496
v 0.061794 -0.257503 -2.192678
v 0.073233 -0.390773 -2.419092
v 0.061290 -0.391759 -2.192678
v 0.073737 -0.261045 -2.228055
v 0.073737 -0.259042 -2.272349
v 0.073737 -0.251494 -2.316643
v 0.073736 -0.224761 -2.436247
v 0.073233 -0.392633 -2.383115
v 0.070313 -0.394494 -2.316643
v 0.071172 -0.396355 -2.272349
v 0.073233 -0.392671 -2.228055
v 0.050981 -0.573819 -2.613148
v 0.050729 -0.584173 -2.509898
v 0.050191 -0.559651 -2.575046
v 0.130858 -0.573819 -2.592323
v 0.143425 -0.568975 -2.367175
v 0.145271 -0.584173 -2.509898
v 0.144214 -0.586347 -2.383793
v 0.144734 -0.559651 -2.575046
v 0.098504 -0.564551 -2.613148
v 0.096422 -0.550516 -2.373412
v 0.098000 -0.585260 -2.406648
v 0.098000 -0.583086 -2.613148
v 0.097462 -0.559651 -2.575046
v 0.098000 -0.584173 -2.509898
v 0.098252 -0.573819 -2.613148
v -0.004917 -0.750992 -2.432678
v 0.060901 -0.750992 -2.432678
v 0.023116 -0.795650 -2.432678
v 0.023116 -0.706333 -2.432678
v 0.023116 -0.750992 -2.432678
v -0.004917 -0.773321 -2.432678
v 0.055580 -0.773321 -2.432678
v 0.029657 -0.795650 -2.432678
v 0.029657 -0.706333 -2.432678
v -0.004917 -0.728662 -2.432678
v 0.055580 -0.728662 -2.432678
v 0.009309 -0.795650 -2.432678
v 0.009309 -0.706333 -2.432678
v 0.009309 -0.750992 -2.432678
v 0.036922 -0.750992 -2.432678
v 0.023116 -0.728662 -2.432678
v 0.023116 -0.773321 -2.432678
v 0.009309 -0.773321 -2.432678
v 0.009309 -0.728662 -2.432678
v 0.036922 -0.728662 -2.432678
v 0.036922 -0.773321 -2.432678
v 0.048372 -0.706528 -2.360937
v 0.048251 -0.748849 -2.323180
v 0.051276 -0.725804 -2.342036
v 0.051154 -0.775751 -2.342036
v -0.773972 0.394024 -0.322377
v -0.773972 0.403958 -0.203115
v -0.670762 0.723639 -0.000108
v -0.670762 0.748457 0.192831
v -0.773970 0.477790 0.867432
v -0.670760 0.779717 1.137041
v -0.773970 0.486189 0.982721
v -0.670759 0.779717 1.252330
v -0.768194 0.501151 1.574919
v -0.670759 0.779717 1.310407
v -0.767946 0.501151 1.610099
v -0.670759 0.779717 1.340951
v -0.008393 0.501151 1.610097
v -0.007262 0.779717 1.340950
v -0.006541 0.723639 -0.000109
v -0.670136 0.777654 -0.020935
v -0.670135 0.802472 0.190902
v -0.670133 0.833732 1.135112
v -0.670133 0.833732 1.250401
v -0.670133 0.833732 1.308478
v -0.670133 0.833732 1.339022
v -0.005621 0.861580 1.339021
v -0.008966 0.861145 -0.246947
v -0.796741 0.444226 1.655921
v -0.005722 0.444226 1.655919
v -0.670759 0.779717 1.406306
v -0.670133 0.833732 1.404377
v -0.767946 0.501151 1.610099
v -0.008393 0.501151 1.610097
v -0.796741 0.444226 1.655921
v -0.005722 0.444226 1.655919
v -0.008393 0.501151 1.636411
v -0.773968 0.501151 1.636413
v -0.796741 0.444226 1.682235
v -0.005722 0.444226 1.682233
v -0.773972 0.241885 -0.322377
v -0.817585 0.501151 1.574919
v -0.823364 0.403958 -0.203115
v -0.823361 0.477790 0.867432
v -0.823361 0.486189 0.982721
v -0.773968 0.349013 1.610099
v -0.823364 0.394024 -0.322377
v -0.823364 0.241885 -0.322377
v -0.817337 0.349013 1.610099
v -0.817337 0.501151 1.610099
v -0.817337 0.501151 1.610099
v -0.767946 0.501151 1.635281
v -0.817337 0.501151 1.635281
v -0.817337 0.349013 1.751117
v -0.767945 0.349013 1.751117
v -0.715254 0.724154 -0.000121
v -0.715253 0.748972 0.192817
v -0.715251 0.780233 1.137027
v -0.715251 0.780233 1.252316
v -0.715251 0.780233 1.310393
v -0.715251 0.780233 1.340937
v -0.714627 0.778169 -0.020948
v -0.714627 0.802987 0.190888
v -0.714625 0.834248 1.135098
v -0.714624 0.834248 1.250387
v -0.714624 0.834248 1.308464
v -0.714624 0.834248 1.339008
v -0.715250 0.780233 1.406292
v -0.714624 0.834248 1.404363
v -0.773970 0.477790 0.867432
v -0.670760 0.779717 1.137041
v -0.773970 0.486189 0.982721
v -0.670759 0.779717 1.252330
v -0.812215 0.477790 0.867432
v -0.709005 0.779717 1.137041
v -0.812215 0.486189 0.982721
v -0.709005 0.779717 1.252330
v -0.823570 0.394024 -0.322377
v -0.823570 0.403958 -0.203115
v -0.720360 0.723639 -0.000107
v -0.720359 0.748457 0.192831
v -0.818472 0.501151 1.574919
v -0.715263 0.779717 1.310407
v -0.818472 0.501151 1.610099
v -0.715263 0.779717 1.340951
v -0.773968 0.501151 1.610099
v -0.670759 0.779717 1.340951
v -0.715263 0.779717 1.340951
v -0.818472 0.501151 1.610099
v -0.770982 0.501151 1.635005
v -0.670759 0.779717 1.370646
v -0.715263 0.779717 1.370646
v -0.815485 0.501151 1.635005
v -0.773976 0.223132 -1.902616
v -0.773976 0.089017 -1.978369
v -0.823367 0.223132 -1.902616
v -0.823368 0.089017 -1.978369
v 0.758409 0.394024 -0.322381
v 0.758410 0.403958 -0.203119
v 0.655200 0.723639 -0.000111
v 0.655201 0.748457 0.192828
v 0.758412 0.477790 0.867428
v 0.655203 0.779717 1.137038
v 0.758412 0.486189 0.982718
v 0.655203 0.779717 1.252327
v 0.752639 0.501151 1.574916
v 0.655203 0.779717 1.310404
v 0.752391 0.501151 1.610095
v 0.655203 0.779717 1.340948
v -0.007162 0.501151 1.610097
v -0.008294 0.779717 1.340950
v -0.009021 0.723639 -0.000109
v 0.654574 0.777654 -0.020938
v 0.654575 0.802472 0.190899
v 0.654577 0.833732 1.135109
v 0.654577 0.833732 1.250398
v 0.654577 0.833732 1.308475
v 0.654577 0.833732 1.339019
v -0.009935 0.861580 1.339021
v -0.006596 0.861145 -0.246947
v 0.781186 0.444226 1.655917
v -0.009832 0.444226 1.655919
v 0.655204 0.779717 1.406303
v -0.007778 0.756866 1.432262
v 0.654577 0.833732 1.404374
v -0.007778 0.838729 1.430333
v 0.752391 0.501151 1.610095
v -0.007162 0.501151 1.610097
v 0.781186 0.444226 1.655917
v -0.009832 0.444226 1.655919
v -0.007162 0.501151 1.636411
v 0.758414 0.501151 1.636410
v 0.781186 0.444226 1.682231
v -0.009832 0.444226 1.682233
v 0.758409 0.241885 -0.322381
v 0.802030 0.501151 1.574916
v 0.807801 0.403958 -0.203119
v 0.807803 0.477790 0.867428
v 0.807804 0.486189 0.982717
v 0.758414 0.349013 1.610095
v 0.807801 0.394024 -0.322381
v 0.807801 0.241885 -0.322381
v 0.801783 0.349013 1.610095
v 0.801783 0.501151 1.610095
v 0.801783 0.501151 1.610095
v 0.752391 0.501151 1.635278
v 0.801783 0.501151 1.635278
v 0.801783 0.349013 1.751114
v 0.752392 0.349013 1.751114
v 0.699692 0.724154 -0.000125
v 0.699692 0.748972 0.192814
v 0.699694 0.780233 1.137024
v 0.699695 0.780233 1.252313
v 0.699695 0.780233 1.310390
v 0.699695 0.780233 1.340934
v 0.699065 0.778169 -0.020952
v 0.699066 0.802987 0.190885
v 0.699068 0.834248 1.135095
v 0.699068 0.834248 1.250384
v 0.699068 0.834248 1.308461
v 0.699068 0.834248 1.339005
v 0.699695 0.780233 1.406289
v 0.699069 0.834248 1.404360
v 0.758412 0.477790 0.867428
v 0.655203 0.779717 1.137038
v 0.758412 0.486189 0.982718
v 0.655203 0.779717 1.252327
v 0.796657 0.477790 0.867428
v 0.693448 0.779717 1.137038
v 0.796658 0.486189 0.982718
v 0.693449 0.779717 1.252327
v 0.808007 0.394024 -0.322381
v 0.808007 0.403958 -0.203119
v 0.704798 0.723639 -0.000111
v 0.704798 0.748457 0.192828
v 0.802917 0.501151 1.574916
v 0.699707 0.779717 1.310404
v 0.802917 0.501151 1.610095
v 0.699707 0.779717 1.340948
v 0.758414 0.501151 1.610095
v 0.655203 0.779717 1.340948
v 0.699707 0.779717 1.340948
v 0.802917 0.501151 1.610095
v 0.755428 0.501151 1.635002
v 0.655204 0.779717 1.370643
v 0.699707 0.779717 1.370643
v 0.799931 0.501151 1.635002
v 0.758406 0.223132 -1.902619
v 0.758406 0.089017 -1.978372
v 0.807797 0.223132 -1.902619
v 0.807797 0.089017 -1.978372
v -0.842557 0.176511 -2.164448
v -1.016679 0.340069 0.016336
v -1.016748 0.371034 0.573713
v -0.006070 -0.453260 2.070369
v -0.962252 0.401657 1.323385
v -0.750663 0.453609 2.070371
v -0.004000 -0.054723 2.564708
v -0.791437 -0.206799 -2.046010
v -0.855370 -0.093091 0.405888
v -0.935809 0.257493 -1.057982
v -0.766412 -0.049067 1.068633
v -1.022737 0.351681 0.225352
v -0.632037 0.009471 1.585530
v -1.006522 0.386517 0.924653
v -0.424173 0.119960 2.162158
v -0.897673 0.421670 1.672538
v -0.004070 -0.406812 2.158104
v -0.479705 0.458769 2.534850
v -0.850678 -0.162574 -0.796173
v -0.827882 -0.073494 0.711154
v -0.703297 -0.020750 1.325574
v -0.544765 0.057864 1.860411
v -0.256826 0.187677 2.487436
v -0.597853 -0.397658 -1.998657
v -0.004178 -0.582324 0.592380
v -0.962960 0.093950 0.183679
v -0.907959 0.235143 -1.365778
v -0.929815 0.137257 0.859181
v -0.819812 0.188962 1.451281
v -1.010759 0.378776 0.749183
v -0.590437 0.277349 2.118033
v -0.922752 0.410687 1.553094
v -0.639480 0.456189 2.302610
v -0.832547 -0.015940 -2.100052
v -0.567286 -0.293694 0.769528
v -0.981720 0.298781 -0.520823
v -0.477580 -0.248879 1.316652
v -1.022736 0.363293 0.434369
v -0.380360 -0.188508 1.758602
v -0.991838 0.394258 1.100124
v -0.231481 -0.098041 2.194042
v -0.836454 0.440165 1.871677
v -0.005550 -0.432042 2.114237
v -0.274242 0.461350 2.767090
v -0.916099 0.033539 -0.927243
v -0.592536 -0.359745 -0.566179
v -0.817694 -0.186023 -1.339459
v -0.864839 -0.128401 -0.166424
v -0.789720 -0.060415 0.938686
v -0.957592 0.114103 0.483663
v -0.531080 -0.275059 1.033970
v -0.667266 -0.007823 1.461199
v -0.736154 -0.035022 1.195918
v -0.886625 0.162503 1.134372
v -0.428908 -0.221786 1.550485
v -0.492161 0.088205 2.007130
v -0.586851 0.034062 1.732064
v -0.727019 0.225747 1.771339
v -0.317199 -0.142971 1.974031
v -0.139509 0.220109 2.657048
v -0.353040 0.154868 2.312619
v -0.367246 0.329473 2.508584
v -0.119721 -0.031627 2.451998
v -0.949801 0.063726 -0.353038
v -0.496996 -0.260460 1.210669
v -0.404771 -0.207896 1.658673
v -0.277669 -0.121448 2.079012
v -0.062468 0.005452 2.565002
v -0.878248 0.011812 -1.384442
v -0.583360 -0.382662 -1.275589
v -0.587378 -0.327220 0.146580
v -0.941744 0.126831 0.715712
v -0.853863 0.175103 1.287111
v -0.909372 0.150267 1.001904
v -0.455083 -0.236307 1.430695
v -0.668014 0.250240 1.942105
v -0.772824 0.208279 1.628598
v -0.349790 -0.166082 1.872996
v -0.202293 0.355234 2.718210
v -0.496935 0.303169 2.302712
v -0.180268 -0.063871 2.319425
v -0.034430 -0.351096 -2.009591
v -0.039271 -0.200109 -2.069331
v -0.030381 -0.483569 -2.223071
v -0.039271 -0.200109 -2.224914
v -0.048249 -0.356350 -2.015057
v -0.036100 -0.488823 -2.228537
v -0.030381 -0.483569 -2.116331
v -0.036100 -0.488823 -2.121797
v -0.047371 -0.178524 -2.069331
v -0.047372 -0.178524 -2.224914
v -0.047372 -0.200109 -2.249312
v -0.047372 -0.178524 -2.249312
v -0.062302 -0.200109 -2.069331
v -0.062302 -0.200109 -2.224914
v -0.062302 -0.178524 -2.069331
v -0.062302 -0.178524 -2.224914
v -0.062302 -0.200109 -2.249312
v -0.062302 -0.178524 -2.249312
v 0.820255 0.176511 -2.164451
v 0.994387 0.340069 0.016332
v 0.994458 0.371034 0.573708
v -0.016212 -0.453260 2.070369
v 0.939966 0.401657 1.323381
v 0.728381 0.453609 2.070368
v -0.018280 -0.054723 2.564708
v 0.769136 -0.206799 -2.046014
v 0.833080 -0.093091 0.405884
v 0.913513 0.257493 -1.057986
v 0.744125 -0.049067 1.068630
v 1.000446 0.351681 0.225348
v 0.609752 0.009471 1.585527
v 0.984234 0.386517 0.924649
v 0.401891 0.119960 2.162156
v 0.875388 0.421670 1.672534
v -0.018212 -0.406812 2.158104
v 0.457425 0.458769 2.534848
v 0.828382 -0.162574 -0.796176
v 0.805593 -0.073494 0.711151
v 0.681012 -0.020750 1.325571
v 0.522481 0.057864 1.860408
v 0.234545 0.187677 2.487435
v 0.575552 -0.397658 -1.998660
v -0.018111 -0.582324 0.592380
v 0.940669 0.093950 0.183674
v 0.885661 0.235143 -1.365782
v 0.907527 0.137257 0.859177
v 0.797526 0.188962 1.451278
v 0.988470 0.378776 0.749179
v 0.568154 0.277349 2.118031
v 0.900467 0.410687 1.553090
v 0.617199 0.456189 2.302608
v 0.810246 -0.015940 -2.100056
v 0.544997 -0.293694 0.769526
v 0.959426 0.298781 -0.520827
v 0.455294 -0.248879 1.316650
v 1.000446 0.363293 0.434364
v 0.358075 -0.188508 1.758601
v 0.969552 0.394258 1.100119
v 0.209199 -0.098041 2.194041
v 0.814170 0.440165 1.871673
v -0.016733 -0.432042 2.114237
v 0.251963 0.461350 2.767089
v 0.893803 0.033539 -0.927247
v 0.570242 -0.359745 -0.566181
v 0.795397 -0.186023 -1.339463
v 0.842546 -0.128401 -0.166428
v 0.767432 -0.060415 0.938682
v 0.935303 0.114103 0.483659
v 0.508792 -0.275059 1.033967
v 0.644981 -0.007823 1.461196
v 0.713867 -0.035022 1.195915
v 0.864338 0.162503 1.134368
v 0.406623 -0.221786 1.550483
v 0.469878 0.088205 2.007128
v 0.564567 0.034062 1.732061
v 0.704735 0.225747 1.771336
v 0.294916 -0.142971 1.974030
v 0.117229 0.220109 2.657047
v 0.330758 0.154868 2.312617
v 0.344965 0.329473 2.508582
v 0.097440 -0.031627 2.451997
v 0.927507 0.063726 -0.353042
v 0.474709 -0.260460 1.210667
v 0.382486 -0.207896 1.658671
v 0.255387 -0.121448 2.079011
v 0.040188 0.005452 2.565002
v 0.855950 0.011812 -1.384446
v 0.561063 -0.382662 -1.275592
v 0.565087 -0.327220 0.146578
v 0.919456 0.126831 0.715708
v 0.831577 0.175103 1.287107
v 0.887085 0.150267 1.001900
v 0.432797 -0.236307 1.430693
v 0.645730 0.250240 1.942102
v 0.750539 0.208279 1.628595
v 0.327507 -0.166082 1.872994
v 0.180013 0.355234 2.718210
v 0.474653 0.303169 2.302709
v 0.157986 -0.063871 2.319425
v 0.012129 -0.351096 -2.009591
v 0.016970 -0.200109 -2.069331
v 0.008080 -0.483569 -2.223071
v 0.016969 -0.200109 -2.224914
v 0.025949 -0.356350 -2.015057
v 0.013798 -0.488823 -2.228538
v 0.008080 -0.483569 -2.116331
v 0.013799 -0.488823 -2.121797
v 0.025070 -0.178524 -2.069331
v 0.025070 -0.178524 -2.224914
v 0.025070 -0.200109 -2.249313
v 0.025070 -0.178524 -2.249313
v 0.040001 -0.200109 -2.069331
v 0.040000 -0.200109 -2.224914
v 0.040001 -0.178524 -2.069331
v 0.040000 -0.178524 -2.224914
v 0.040000 -0.200109 -2.249313
v 0.040000 -0.178524 -2.249313
v 0.820255 0.176511 -2.164451
v 0.994387 0.340069 0.016332
v 0.994458 0.371034 0.573708
v -0.016212 -0.453260 2.070369
v 0.939966 0.401657 1.323381
v 0.728381 0.453609 2.070368
v -0.018280 -0.054723 2.564708
v 0.769136 -0.206799 -2.046014
v 0.833080 -0.093091 0.405884
v 0.913513 0.257493 -1.057986
v 0.744125 -0.049067 1.068630
v 1.000446 0.351681 0.225348
v 0.609752 0.009471 1.585527
v 0.984234 0.386517 0.924649
v 0.401891 0.119960 2.162156
v 0.875388 0.421670 1.672534
v -0.018212 -0.406812 2.158104
v 0.457425 0.458769 2.534848
v 0.828382 -0.162574 -0.796176
v 0.805593 -0.073494 0.711151
v 0.681012 -0.020750 1.325571
v 0.522481 0.057864 1.860408
v 0.234545 0.187677 2.487435
v 0.575552 -0.397658 -1.998660
v -0.018111 -0.582324 0.592380
v 0.940669 0.093950 0.183674
v 0.885661 0.235143 -1.365782
v 0.907527 0.137257 0.859177
v 0.797526 0.188962 1.451278
v 0.988470 0.378776 0.749179
v 0.568154 0.277349 2.118031
v 0.900467 0.410687 1.553090
v 0.617199 0.456189 2.302608
v 0.810246 -0.015940 -2.100056
v 0.544997 -0.293694 0.769526
v 0.959426 0.298781 -0.520827
v 0.455294 -0.248879 1.316650
v 1.000446 0.363293 0.434364
v 0.358075 -0.188508 1.758601
v 0.969552 0.394258 1.100119
v 0.209199 -0.098041 2.194041
v 0.814170 0.440165 1.871673
v -0.016733 -0.432042 2.114237
v 0.251963 0.461350 2.767089
v 0.893803 0.033539 -0.927247
v 0.570242 -0.359745 -0.566181
v 0.795397 -0.186023 -1.339463
v 0.842546 -0.128401 -0.166428
v 0.767432 -0.060415 0.938682
v 0.935303 0.114103 0.483659
v 0.508792 -0.275059 1.033967
v 0.644981 -0.007823 1.461196
v 0.713867 -0.035022 1.195915
v 0.864338 0.162503 1.134368
v 0.406623 -0.221786 1.550483
v 0.469878 0.088205 2.007128
v 0.564567 0.034062 1.732061
v 0.704735 0.225747 1.771336
v 0.294916 -0.142971 1.974030
v 0.117229 0.220109 2.657047
v 0.330758 0.154868 2.312617
v 0.344965 0.329473 2.508582
v 0.097440 -0.031627 2.451997
v 0.927507 0.063726 -0.353042
v 0.474709 -0.260460 1.210667
v 0.382486 -0.207896 1.658671
v 0.255387 -0.121448 2.079011
v 0.040188 0.005452 2.565002
v 0.855950 0.011812 -1.384446
v 0.561063 -0.382662 -1.275592
v 0.565087 -0.327220 0.146578
v 0.919456 0.126831 0.715708
v 0.831577 0.175103 1.287107
v 0.887085 0.150267 1.001900
v 0.432797 -0.236307 1.430693
v 0.645730 0.250240 1.942102
v 0.750539 0.208279 1.628595
v 0.327507 -0.166082 1.872994
v 0.180013 0.355234 2.718210
v 0.474653 0.303169 2.302709
v 0.157986 -0.063871 2.319425
v 0.012129 -0.351096 -2.009591
v 0.016970 -0.200109 -2.069331
v 0.008080 -0.483569 -2.223071
v 0.016969 -0.200109 -2.224914
v 0.025949 -0.356350 -2.015057
v 0.013798 -0.488823 -2.228538
v 0.008080 -0.483569 -2.116331
v 0.013799 -0.488823 -2.121797
v 0.025070 -0.178524 -2.069331
v 0.025070 -0.178524 -2.224914
v 0.025070 -0.200109 -2.249313
v 0.025070 -0.178524 -2.249313
v 0.040001 -0.200109 -2.069331
v 0.040000 -0.200109 -2.224914
v 0.040001 -0.178524 -2.069331
v 0.040000 -0.178524 -2.224914
v 0.040000 -0.200109 -2.249313
v 0.040000 -0.178524 -2.249313
v -0.011150 -0.572469 -1.961938
v -0.011143 -0.560038 1.440740
v -0.842557 0.176511 -2.164448
v -1.016679 0.340069 0.016336
v -0.011142 -0.539171 1.750394
v -1.016748 0.371034 0.573713
v -0.006070 -0.453260 2.070369
v -0.962252 0.401657 1.323385
v -0.011141 -0.358358 2.245840
v -0.750663 0.453609 2.070371
v -0.004000 -0.054723 2.564708
v -0.791437 -0.206799 -2.046010
v -0.011146 -0.576649 -0.255980
v -0.855370 -0.093091 0.405888
v -0.935809 0.257493 -1.057982
v -0.766412 -0.049067 1.068633
v -1.022737 0.351681 0.225352
v -0.011142 -0.556174 1.556860
v -0.632037 0.009471 1.585530
v -1.006522 0.386517 0.924653
v -0.011142 -0.509264 1.910381
v -0.424173 0.119960 2.162158
v -0.897673 0.421670 1.672538
v -0.004070 -0.406812 2.158104
v -0.011140 0.263784 2.832921
v -0.479705 0.458769 2.534850
v -0.011141 -0.213562 2.415475
v -0.850678 -0.162574 -0.796173
v -0.827882 -0.073494 0.711154
v -0.703297 -0.020750 1.325574
v -0.544765 0.057864 1.860411
v -0.256826 0.187677 2.487436
v -0.597853 -0.397658 -1.998657
v -0.004178 -0.582324 0.592380
v -0.962960 0.093950 0.183679
v -0.907959 0.235143 -1.365778
v -0.929815 0.137257 0.859181
v -0.011142 -0.549481 1.672980
v -0.819812 0.188962 1.451281
v -1.010759 0.378776 0.749183
v -0.011141 -0.484254 1.990375
v -0.590437 0.277349 2.118033
v -0.922752 0.410687 1.553094
v -0.011141 -0.387600 2.201972
v -0.011139 0.380243 2.929883
v -0.639480 0.456189 2.302610
v -0.011140 -0.126118 2.499958
v -0.832547 -0.015940 -2.100052
v -0.011149 -0.576422 -1.242454
v -0.567286 -0.293694 0.769528
v -0.981720 0.298781 -0.520823
v -0.477580 -0.248879 1.316652
v -1.022736 0.363293 0.434369
v -0.380360 -0.188508 1.758602
v -0.991838 0.394258 1.100124
v -0.011142 -0.526226 1.830388
v -0.231481 -0.098041 2.194042
v -0.836454 0.440165 1.871677
v -0.005550 -0.432042 2.114237
v -0.011140 0.030304 2.635819
v -0.274242 0.461350 2.767090
v -0.011141 -0.290975 2.330836
v -0.916099 0.033539 -0.927243
v -0.592536 -0.359745 -0.566179
v -0.817694 -0.186023 -1.339459
v -0.864839 -0.128401 -0.166424
v -0.789720 -0.060415 0.938686
v -0.957592 0.114103 0.483663
v -0.531080 -0.275059 1.033970
v -0.667266 -0.007823 1.461199
v -0.736154 -0.035022 1.195918
v -0.886625 0.162503 1.134372
v -0.428908 -0.221786 1.550485
v -0.492161 0.088205 2.007130
v -0.586851 0.034062 1.732064
v -0.727019 0.225747 1.771339
v -0.317199 -0.142971 1.974031
v -0.139509 0.220109 2.657048
v -0.353040 0.154868 2.312619
v -0.367246 0.329473 2.508584
v -0.119721 -0.031627 2.451998
v -0.949801 0.063726 -0.353038
v -0.496996 -0.260460 1.210669
v -0.404771 -0.207896 1.658673
v -0.277669 -0.121448 2.079012
v -0.062468 0.005452 2.565002
v -0.878248 0.011812 -1.384442
v -0.583360 -0.382662 -1.275589
v -0.587378 -0.327220 0.146580
v -0.941744 0.126831 0.715712
v -0.853863 0.175103 1.287111
v -0.909372 0.150267 1.001904
v -0.455083 -0.236307 1.430695
v -0.668014 0.250240 1.942105
v -0.772824 0.208279 1.628598
v -0.349790 -0.166082 1.872996
v -0.202293 0.355234 2.718210
v -0.496935 0.303169 2.302712
v -0.180268 -0.063871 2.319425
v -0.011139 0.463930 2.999329
v -0.011140 0.480992 2.498683
v -0.011142 0.481650 1.983876
v -0.011140 0.519619 2.499423
v -0.011142 0.520438 1.984079
v -0.011151 -0.197724 -2.079109
v -0.011150 -0.361604 -2.020523
v -0.034430 -0.351096 -2.009591
v -0.039271 -0.200109 -2.069331
v -0.011151 -0.197724 -2.234691
v -0.011151 -0.494077 -2.234004
v -0.030381 -0.483569 -2.223071
v -0.039271 -0.200109 -2.224914
v -0.048249 -0.356350 -2.015057
v -0.036100 -0.488823 -2.228537
v -0.011151 -0.494077 -2.127264
v -0.030381 -0.483569 -2.116331
v -0.036100 -0.488823 -2.121797
v -0.011151 -0.176138 -2.079109
v -0.047371 -0.178524 -2.069331
v -0.011151 -0.176138 -2.234691
v -0.047372 -0.178524 -2.224914
v -0.011151 -0.197724 -2.259090
v -0.047372 -0.200109 -2.249312
v -0.011151 -0.176138 -2.259090
v -0.047372 -0.178524 -2.249312
v -0.062302 -0.200109 -2.069331
v -0.062302 -0.200109 -2.224914
v -0.062302 -0.178524 -2.069331
v -0.062302 -0.178524 -2.224914
v -0.062302 -0.200109 -2.249312
v -0.062302 -0.178524 -2.249312
vn -0.0000 -1.0000 -0.0000
vn -0.0000 -0.0000 -0.0000
vn -0.0000 1.0000 -0.0000
vn -0.0000 -0.0000 1.0000
vn -0.0000 -0.0000 -1.0000
vn -0.2567 -0.9318 0.2567
vn -0.2502 -0.9353 0.2503
vn -0.2178 -0.6901 0.6901
vn -0.2177 -0.6902 0.6901
vn -0.2567 -0.2567 0.9318
vn -0.2502 -0.2502 0.9353
vn -0.6901 -0.2178 0.6902
vn -0.9318 -0.2567 0.2567
vn -0.9353 -0.2502 0.2503
vn -0.6901 -0.6902 0.2178
vn -0.5773 -0.5773 0.5774
vn -0.9318 -0.2567 -0.2567
vn -0.9353 -0.2502 -0.2502
vn -0.6901 -0.2178 -0.6902
vn -0.6901 -0.2178 -0.6901
vn -0.2567 -0.2567 -0.9318
vn -0.2502 -0.2502 -0.9353
vn -0.2178 -0.6901 -0.6901
vn -0.2567 -0.9318 -0.2567
vn -0.2502 -0.9353 -0.2502
vn -0.6901 -0.6902 -0.2178
vn -0.6901 -0.6901 -0.2178
vn -0.5773 -0.5774 -0.5773
vn 0.2567 -0.2567 -0.9318
vn 0.2502 -0.2502 -0.9353
vn 0.6901 -0.2178 -0.6901
vn 0.9318 -0.2567 -0.2567
vn 0.9353 -0.2502 -0.2502
vn 0.6901 -0.6901 -0.2178
vn 0.2567 -0.9318 -0.2567
vn 0.2502 -0.9353 -0.2502
vn 0.2178 -0.6901 -0.6901
vn 0.5774 -0.5774 -0.5773
vn 0.9318 -0.2567 0.2567
vn 0.9353 -0.2502 0.2503
vn 0.6901 -0.2178 0.6901
vn 0.6902 -0.2177 0.6901
vn 0.2567 -0.2567 0.9318
vn 0.2502 -0.2502 0.9353
vn 0.2178 -0.6901 0.6901
vn 0.2178 -0.6901 0.6902
vn 0.2567 -0.9318 0.2567
vn 0.2502 -0.9353 0.2503
vn 0.6901 -0.6901 0.2178
vn 0.5773 -0.5773 0.5774
vn -0.9318 0.2567 0.2567
vn -0.9353 0.2502 0.2503
vn -0.6901 0.2178 0.6902
vn -0.6901 0.2178 0.6901
vn -0.2567 0.2567 0.9318
vn -0.2502 0.2502 0.9353
vn -0.2178 0.6901 0.6902
vn -0.2567 0.9318 0.2567
vn -0.2502 0.9353 0.2502
vn -0.6901 0.6901 0.2178
vn -0.5773 0.5773 0.5774
vn -0.9318 0.2567 -0.2567
vn -0.9353 0.2502 -0.2502
vn -0.6901 0.6901 -0.2178
vn -0.2567 0.9318 -0.2567
vn -0.2502 0.9353 -0.2502
vn -0.2178 0.6901 -0.6902
vn -0.2178 0.6901 -0.6901
vn -0.2567 0.2567 -0.9318
vn -0.2502 0.2502 -0.9353
vn -0.6901 0.2178 -0.6902
vn -0.6901 0.2178 -0.6901
vn -0.5774 0.5774 -0.5773
vn 0.2567 0.2567 -0.9318
vn 0.2502 0.2502 -0.9353
vn 0.2178 0.6901 -0.6902
vn 0.2178 0.6901 -0.6901
vn 0.2567 0.9318 -0.2567
vn 0.2502 0.9353 -0.2502
vn 0.6901 0.6901 -0.2178
vn 0.9318 0.2567 -0.2567
vn 0.9353 0.2502 -0.2502
vn 0.6901 0.2178 -0.6902
vn 0.6901 0.2178 -0.6901
vn 0.5774 0.5773 -0.5773
vn 0.9318 0.2567 0.2567
vn 0.9353 0.2502 0.2503
vn 0.6902 0.6901 0.2178
vn 0.6901 0.6901 0.2178
vn 0.2567 0.9318 0.2567
vn 0.2502 0.9353 0.2502
vn 0.2178 0.6901 0.6902
vn 0.2178 0.6901 0.6901
vn 0.2567 0.2567 0.9318
vn 0.2502 0.2502 0.9353
vn 0.6901 0.2178 0.6901
vn 0.6901 0.2178 0.6902
vn 0.5773 0.5773 0.5774
vn -0.9832 -0.0000 -0.1827
vn 0.0544 0.9968 -0.0584
vn -0.9378 -0.0000 -0.3471
vn -0.0000 0.9994 -0.0336
vn -0.8909 -0.0000 -0.4543
vn 0.0566 0.9984 -0.0074
vn -0.2584 0.9660 -0.0000
vn -0.7071 0.7071 -0.0000
vn -0.9660 0.2585 -0.0000
vn -0.9477 -0.0000 0.3192
vn 0.0721 0.9773 0.1991
vn -0.9947 -0.0000 0.1028
vn -0.0000 0.9711 -0.2386
vn -0.8326 -0.0000 0.5539
vn 0.0784 0.9969 0.0109
vn -0.2585 -0.9660 -0.0000
vn -0.7071 -0.7071 -0.0000
vn -0.9660 -0.2585 -0.0000
vn -0.0000 0.9660 -0.2584
vn -0.0000 0.7071 -0.7071
vn -0.0000 0.2585 -0.9660
vn -0.0000 -0.0003 1.0000
vn -0.1202 -0.9925 0.0201
vn -0.1203 -0.9925 0.0198
vn -0.0000 -0.9991 -0.0429
vn -0.0279 -0.0279 0.9992
vn -0.9994 -0.0000 0.0356
vn -0.0523 -0.9881 0.1446
vn -0.0000 -0.9660 -0.2585
vn -0.0000 -0.7071 -0.7071
vn -0.0000 -0.2585 -0.9660
vn 0.2584 0.9660 -0.0000
vn 0.7071 0.7071 -0.0000
vn 0.9660 0.2585 -0.0000
vn 0.9660 0.2584 -0.0000
vn 0.2574 -0.0000 -0.9663
vn -0.3391 0.0961 -0.9358
vn 0.9960 -0.0000 -0.0898
vn -0.0000 -0.9826 0.1858
vn 0.8853 -0.0000 -0.4650
vn -0.1203 -0.9926 -0.0167
vn 0.2585 -0.9660 -0.0000
vn 0.7071 -0.7071 -0.0000
vn 0.9660 -0.2585 -0.0000
vn -0.0000 0.9660 0.2584
vn -0.0000 0.7071 0.7071
vn -0.0000 0.2585 0.9660
vn -0.0000 -0.9660 0.2585
vn -0.0000 -0.7071 0.7071
vn -0.0000 -0.2585 0.9660
vn 0.6977 -0.0732 0.7127
vn -0.3406 0.2220 0.9136
vn -0.6977 -0.6362 0.3293
vn 0.8389 0.4531 0.3017
vn 0.8918 0.4319 0.1348
vn 0.7862 0.6047 0.1273
vn 0.8738 0.4843 0.0438
vn 0.4154 0.7943 -0.4432
vn 0.6731 0.7369 0.0625
vn 0.4620 -0.7583 -0.4599
vn 0.0502 -0.6004 -0.7981
vn 0.0513 -0.8704 -0.4896
vn -0.9816 0.1642 0.0978
vn -0.9388 0.3371 0.0706
vn -0.9644 0.2401 -0.1110
vn 0.8418 0.4324 0.3232
vn 0.9376 0.3450 -0.0443
vn 0.9482 0.2674 0.1716
vn -0.9786 0.1548 0.1359
vn -0.8505 0.5213 0.0706
vn -0.8994 0.3646 0.2413
vn -0.6600 0.2733 -0.6998
vn -0.2571 0.2811 -0.9246
vn -0.3563 0.1462 -0.9229
vn 0.9268 0.3058 -0.2179
vn 0.4304 0.4318 -0.7927
vn 0.5824 0.5176 -0.6268
vn -0.9201 0.3913 -0.0175
vn -0.5919 0.4542 -0.6659
vn -0.9395 0.2022 -0.2764
vn 0.1932 -0.0647 -0.9790
vn 0.2816 0.3180 -0.9053
vn 0.3889 0.2008 -0.8991
vn -0.7471 0.6645 0.0132
vn -0.2380 0.8035 -0.5457
vn -0.4622 0.7495 -0.4739
vn 0.0488 -0.3908 -0.9192
vn -0.1135 0.1720 -0.9785
vn 0.0282 0.0942 -0.9952
vn 0.3450 0.8835 -0.3168
vn -0.0222 0.8229 -0.5678
vn -0.0305 0.8987 -0.4375
vn 0.8350 0.4374 -0.3339
vn 0.1465 0.4364 -0.8877
vn 0.0030 -0.2659 -0.9640
vn 0.0019 0.5623 -0.8270
vn 0.6023 0.7218 -0.3411
vn 0.6570 0.4844 -0.5777
vn -0.7140 0.6836 -0.1513
vn -0.0159 0.7150 -0.6989
vn 0.4283 0.8710 -0.2405
vn 0.9511 -0.2542 -0.1757
vn 0.7252 0.3915 -0.5664
vn 1.0000 -0.0000 -0.0000
vn 0.6897 0.2072 -0.6938
vn 0.0382 0.5682 -0.8220
vn -0.6533 0.5878 -0.4771
vn -0.6869 0.4132 -0.5978
vn -0.9511 0.2542 0.1757
vn -1.0000 -0.0000 -0.0000
vn -0.6533 -0.2386 0.7185
vn -0.6870 -0.4132 0.5978
vn 0.0382 -0.5682 0.8220
vn 0.6897 -0.5759 0.4389
vn 0.7252 -0.3915 0.5664
vn 0.5867 0.0409 -0.8088
vn 0.0363 0.5585 -0.8287
vn -0.5558 0.7454 -0.3682
vn -0.5558 -0.0811 0.8274
vn 0.0364 -0.5779 0.8153
vn 0.0309 -0.5867 0.8092
vn 0.5867 -0.7422 0.3240
vn 0.8090 -0.4835 -0.3342
vn 0.4263 -0.0911 -0.9000
vn 0.0225 0.5428 -0.8396
vn 0.0309 0.5498 -0.8347
vn -0.4038 0.8704 -0.2818
vn -0.8090 0.4835 0.3342
vn -0.4038 0.0439 0.9138
vn 0.0225 -0.5937 0.8044
vn 0.4263 -0.8741 0.2327
vn 0.3090 -0.7823 -0.5408
vn 0.5878 -0.6655 -0.4601
vn 0.0118 0.5383 -0.8427
vn -0.3090 0.7823 0.5408
vn -0.5878 0.6655 0.4601
vn 0.0118 -0.5981 0.8013
vn -0.0000 -0.8226 -0.5686
vn 0.2241 -0.1758 -0.9586
vn -0.0000 0.5368 -0.8437
vn -0.0000 0.9783 -0.2071
vn -0.2123 0.9506 -0.2263
vn -0.0000 0.8226 0.5686
vn -0.2123 0.1242 0.9693
vn -0.0000 -0.5997 0.8003
vn 0.2241 -0.9589 0.1742
vn -0.3090 -0.7823 -0.5408
vn -0.0000 -0.2050 -0.9788
vn -0.2241 -0.1758 -0.9586
vn 0.2123 0.9506 -0.2263
vn 0.2123 0.1242 0.9693
vn -0.0000 0.1518 0.9884
vn -0.2241 -0.9589 0.1741
vn -0.0000 -0.9881 0.1540
vn -0.5878 -0.6655 -0.4601
vn -0.4263 -0.0911 -0.9000
vn -0.0118 0.5383 -0.8427
vn 0.4038 0.8704 -0.2817
vn 0.3090 0.7823 0.5408
vn 0.4038 0.0439 0.9138
vn -0.0118 -0.5981 0.8013
vn -0.0225 -0.5937 0.8044
vn -0.8090 -0.4835 -0.3342
vn -0.0309 0.5498 -0.8347
vn -0.0225 0.5428 -0.8396
vn 0.5558 0.7454 -0.3682
vn 0.5878 0.6655 0.4600
vn 0.5558 -0.0811 0.8274
vn -0.0309 -0.5867 0.8092
vn -0.4263 -0.8741 0.2327
vn -0.9511 -0.2542 -0.1757
vn -0.5867 0.0409 -0.8088
vn -0.0363 0.5585 -0.8287
vn 0.9511 0.2542 0.1757
vn 0.8090 0.4835 0.3342
vn 0.6533 -0.2386 0.7185
vn -0.0363 -0.5779 0.8153
vn -0.5867 -0.7422 0.3240
vn -0.6897 0.2072 -0.6938
vn -0.0382 0.5682 -0.8220
vn 0.6533 0.5878 -0.4771
vn 0.6869 0.4132 -0.5978
vn -0.0382 -0.5682 0.8220
vn -0.6898 -0.5758 0.4389
vn -0.6897 0.5759 -0.4389
vn -0.7252 0.3915 -0.5664
vn -0.0363 0.5779 -0.8153
vn 0.6533 0.2386 -0.7185
vn 0.6870 -0.4132 0.5978
vn -0.0364 -0.5585 0.8287
vn -0.7252 -0.3915 0.5663
vn -0.6898 -0.2071 0.6938
vn -0.5867 0.7422 -0.3240
vn 0.5558 0.0811 -0.8274
vn 0.5558 -0.7454 0.3681
vn 0.6533 -0.5879 0.4771
vn -0.0309 -0.5497 0.8348
vn -0.4263 0.8741 -0.2327
vn -0.0309 0.5867 -0.8092
vn 0.4038 -0.0439 -0.9138
vn 0.5878 -0.6655 -0.4600
vn -0.0225 -0.5428 0.8396
vn -0.5867 -0.0409 0.8088
vn -0.4263 0.0911 0.9000
vn -0.5878 0.6655 0.4600
vn -0.2241 0.9589 -0.1741
vn -0.0225 0.5937 -0.8044
vn -0.0118 0.5982 -0.8013
vn 0.4038 -0.8704 0.2817
vn -0.0118 -0.5384 0.8426
vn -0.2241 0.1759 0.9586
vn -0.0000 0.9881 -0.1539
vn -0.0000 0.5996 -0.8003
vn 0.2123 -0.1242 -0.9693
vn -0.0000 -0.8226 -0.5687
vn 0.2123 -0.9507 0.2262
vn -0.0000 -0.5368 0.8437
vn -0.0000 0.2050 0.9788
vn 0.2241 0.9589 -0.1742
vn 0.0118 0.5981 -0.8013
vn -0.0000 -0.1519 -0.9884
vn -0.2123 -0.1242 -0.9693
vn -0.2123 -0.9507 0.2262
vn -0.0000 -0.9783 0.2072
vn 0.0118 -0.5384 0.8426
vn 0.2241 0.1759 0.9586
vn 0.4263 0.8741 -0.2327
vn 0.0225 0.5937 -0.8044
vn -0.4038 -0.0439 -0.9138
vn -0.4038 -0.8704 0.2817
vn 0.4263 0.0912 0.9000
vn 0.0309 0.5867 -0.8092
vn -0.5878 -0.6655 -0.4600
vn 0.0309 -0.5497 0.8348
vn 0.0225 -0.5428 0.8396
vn 0.5867 0.7422 -0.3239
vn 0.0363 0.5779 -0.8153
vn -0.5557 0.0811 -0.8274
vn -0.5558 -0.7454 0.3682
vn 0.0364 -0.5585 0.8287
vn 0.6897 -0.2072 0.6938
vn 0.5867 -0.0408 0.8087
vn 0.6897 0.5759 -0.4390
vn -0.6533 0.2386 -0.7185
vn -0.6533 -0.5879 0.4771
vn 0.9461 0.2527 0.2026
vn 0.6073 0.6863 -0.4002
vn 0.7900 -0.0942 0.6058
vn 0.8151 0.4676 0.3419
vn 0.8987 0.3858 0.2086
vn 0.1925 0.8253 -0.5308
vn -0.3624 -0.7957 -0.4854
vn -0.1339 -0.1621 -0.9776
vn 0.0518 -0.9210 -0.3862
vn -0.3082 -0.9477 0.0833
vn -0.9054 0.3378 0.2573
vn -0.6858 0.5375 -0.4907
vn -0.7508 -0.0104 0.6604
vn -0.9887 0.1166 0.0940
vn -0.9459 0.2911 0.1429
vn 0.0054 -0.5665 0.8240
vn 0.4483 -0.0311 0.8933
vn 0.6971 0.0663 0.7139
vn -0.4144 -0.8427 0.3436
vn -0.0007 -0.5623 0.8269
vn 0.6523 -0.3765 0.6578
vn 0.9606 0.2206 0.1691
vn 0.8994 0.3694 0.2339
vn -0.8800 0.3814 0.2830
vn -0.9467 0.2747 0.1684
vn -0.8163 -0.1759 0.5502
vn -0.1281 -0.0967 -0.9870
vn 0.2051 -0.1539 -0.9666
vn -0.1162 0.4500 -0.8854
vn 0.5742 0.6639 -0.4791
vn 0.6623 0.3557 -0.6594
vn -0.4241 0.3815 -0.8213
vn 0.6519 0.6154 -0.4432
vn 0.1235 0.4687 -0.8747
vn -0.6052 0.6032 -0.5195
vn -0.4101 0.8452 -0.3429
vn 0.1562 0.1935 -0.9686
vn -0.6446 0.6226 -0.4436
vn -0.0093 0.6809 -0.7323
vn -0.6892 0.6049 -0.3990
vn -0.0341 0.8995 -0.4357
vn -0.0359 -0.0457 0.9983
vn -0.6576 -0.0906 0.7479
vn 0.6451 0.7552 -0.1164
vn -0.0560 0.9722 0.2274
vn 0.0048 0.5635 -0.8261
vn -0.2342 -0.2113 -0.9489
vn -0.3866 0.1104 -0.9156
vn 0.3873 -0.7696 0.5077
vn 0.7100 -0.2249 0.6674
vn -0.0597 -0.4406 -0.8957
vn 0.7041 -0.3157 -0.6360
vn 0.4344 0.8338 -0.3408
vn 0.6799 0.6055 0.4136
vn 0.4528 0.8230 -0.3430
vn 0.6630 0.6215 0.4174
vn 0.4566 -0.0158 0.8896
vn 0.1660 -0.4192 -0.8926
vn -0.1362 0.4193 -0.8976
vn -0.7154 0.3017 -0.6302
vn -0.3456 -0.8052 0.4818
vn 0.2170 -0.9638 0.1548
vn -0.8546 0.3454 -0.3878
vn -0.6213 -0.3824 -0.6839
vn -0.5600 0.7827 -0.2718
vn 0.7260 0.3406 -0.5975
vn 0.3693 0.2113 -0.9049
vn 0.0503 -0.2476 -0.9675
vn -0.3302 0.1755 -0.9275
vn 0.6919 0.5517 -0.4658
vn 0.2784 -0.1884 -0.9418
vn 0.4509 0.1044 -0.8865
vn -0.7153 0.5039 -0.4841
vn 0.5039 0.8024 -0.3199
vn -0.5977 0.4218 -0.6818
vn -0.0037 0.5612 -0.8277
vn -0.5182 0.7612 -0.3900
vn -0.3252 -0.7817 -0.5322
vn 0.3406 -0.9314 0.1283
vn -0.2525 -0.9616 0.1078
vn 0.4387 -0.7428 -0.5057
vn 0.7342 -0.5634 0.3789
vn 0.8986 0.3626 0.2469
vn 0.3253 0.7817 0.5322
vn 0.2525 0.2521 0.9342
vn -0.9456 0.2688 0.1830
vn -0.7342 -0.1460 0.6631
vn -0.9995 -0.0224 -0.0240
vn -0.6616 -0.4536 0.5971
vn -0.9982 -0.0475 -0.0379
vn -0.0052 -0.5666 0.8240
vn -0.7299 -0.2876 0.6201
vn 0.6854 0.6060 0.4038
vn 0.4403 -0.0121 0.8978
vn -0.4135 0.0117 -0.9104
vn -0.6614 -0.6174 -0.4260
vn -0.6332 -0.6379 -0.4384
vn 0.0020 0.5619 -0.8272
vn -0.0047 0.5662 -0.8242
vn -0.0000 -0.5635 0.8261
vn 0.6613 -0.3864 0.6429
vn -0.0001 -0.5618 0.8272
vn -0.6623 -0.6126 -0.4314
vn 0.0008 -0.5583 0.8296
vn 0.5934 -0.0166 0.8047
vn -0.0001 0.5643 -0.8256
vn -0.6589 0.3859 -0.6457
vn 0.0004 0.5578 -0.8300
vn -0.4374 -0.8330 0.3390
vn 0.0009 -0.5634 0.8262
vn 0.6498 0.4738 -0.5944
vn 0.9980 0.0541 0.0311
vn 0.9959 0.0791 0.0451
vn -0.5010 0.7714 -0.3924
vn -0.7497 0.5497 0.3684
vn -0.7706 0.5309 0.3526
vn -0.0020 0.5616 -0.8274
vn 0.4972 0.0636 -0.8653
vn 0.0043 0.5669 -0.8238
vn 0.7215 -0.5705 -0.3924
vn 0.4950 -0.7856 0.3712
vn 0.7483 -0.5457 -0.3772
vn 0.0006 -0.5622 0.8270
vn -0.4977 -0.0598 0.8653
vn -0.0008 -0.5635 0.8261
vn -0.0010 0.5758 -0.8176
vn 0.9969 0.0661 0.0418
vn -0.9984 -0.0415 -0.0394
vn 0.0065 -0.5650 0.8251
vn -0.1443 -0.9794 0.1413
vn 0.0118 0.5541 -0.8324
vn -0.7603 0.5384 0.3633
vn 0.7442 -0.5477 -0.3824
vn -0.0106 0.5528 -0.8332
vn -0.6519 0.4076 -0.6395
vn -0.6546 -0.4430 0.6126
vn 0.4961 -0.7848 0.3715
vn -0.5063 -0.0625 0.8601
vn 0.4454 0.8203 -0.3588
vn -0.4400 0.0159 -0.8978
vn -0.0004 -0.5572 0.8304
vn -0.4431 -0.8275 0.3448
vn -0.6609 -0.4576 0.5948
vn 0.6640 -0.3773 0.6456
vn 0.6594 0.4530 -0.6000
vn -0.5038 -0.0806 0.8600
vn -0.4919 0.7868 -0.3728
vn 0.4704 0.0561 -0.8807
vn 0.4716 -0.7984 0.3744
vn -0.0050 -0.5672 0.8236
vn 0.3910 -0.9143 0.1059
vn 0.6627 0.4677 -0.5849
vn -0.6648 0.4002 -0.6308
vn -0.4281 -0.0006 -0.9037
vn 0.4871 0.0457 -0.8721
vn -0.5093 0.7739 -0.3764
vn -0.0558 0.9978 -0.0359
vn -0.0628 0.9975 -0.0323
vn -0.0673 0.9973 -0.0305
vn -0.0171 -0.0003 -0.9999
vn -0.0180 0.0047 -0.9998
vn -0.0181 0.0052 -0.9998
vn -0.0567 0.9978 0.0340
vn -0.0560 0.9978 -0.0359
vn -0.0533 0.9979 -0.0369
vn 0.1215 0.9911 -0.0543
vn -0.0314 0.9967 -0.0750
vn 0.1443 0.9881 -0.0534
vn 0.0003 0.1467 0.9892
vn -0.0362 -0.3013 -0.9528
vn -0.0703 -0.4219 -0.9039
vn -0.1445 -0.7332 -0.6645
vn -0.0333 0.9974 -0.0644
vn -0.0336 0.9975 -0.0629
vn -0.0317 0.9969 -0.0714
vn -0.0294 0.9995 0.0072
vn -0.0279 0.9995 0.0145
vn -0.0313 0.9995 0.0050
vn -0.0264 0.9997 0.0015
vn -0.0263 0.9997 0.0017
vn -0.0598 0.9953 -0.0756
vn -0.0613 0.9952 -0.0768
vn -0.0631 0.9949 -0.0782
vn -0.0242 0.9996 0.0148
vn -0.0227 0.9996 0.0146
vn -0.0124 0.1570 0.9875
vn 0.0066 0.1621 0.9868
vn 0.0009 0.1581 0.9874
vn -0.0000 0.1575 0.9875
vn 0.0082 0.1332 0.9911
vn 0.0074 0.1626 0.9867
vn 0.0338 -0.4353 -0.8996
vn 0.0355 -0.4430 -0.8958
vn 0.0178 -0.4476 -0.8941
vn 0.0400 -0.4419 -0.8962
vn 0.0628 0.9975 -0.0323
vn 0.0558 0.9978 -0.0359
vn 0.0673 0.9973 -0.0305
vn 0.0180 0.0047 -0.9998
vn 0.0171 -0.0003 -0.9999
vn 0.0181 0.0052 -0.9998
vn 0.0567 0.9978 0.0340
vn 0.0534 0.9979 -0.0369
vn 0.0560 0.9978 -0.0359
vn -0.2129 0.9755 -0.0559
vn 0.0317 0.9976 -0.0613
vn 0.0126 0.9983 -0.0570
vn -0.0003 0.1467 0.9892
vn 0.1436 -0.2994 -0.9433
vn 0.0484 -0.3097 -0.9496
vn 0.0355 -0.3014 -0.9528
vn 0.0333 0.9974 -0.0644
vn 0.0336 0.9975 -0.0629
vn 0.0360 0.9980 -0.0520
vn 0.0294 0.9995 0.0072
vn 0.0313 0.9995 0.0050
vn 0.0279 0.9995 0.0145
vn 0.0264 0.9997 0.0015
vn 0.0263 0.9997 0.0017
vn 0.0598 0.9953 -0.0756
vn 0.0613 0.9952 -0.0768
vn 0.0585 0.9955 -0.0745
vn 0.0242 0.9996 0.0148
vn 0.0124 0.1570 0.9875
vn 0.0007 0.1575 0.9875
vn 0.0112 0.1571 0.9875
vn -0.0082 0.1332 0.9911
vn -0.0074 0.1626 0.9867
vn -0.0385 -0.4353 -0.8995
vn -0.0244 -0.4386 -0.8984
vn -0.0338 -0.4353 -0.8996
vn -0.0178 -0.4476 -0.8941
vn -0.0279 0.9952 -0.0935
vn -0.0544 0.9985 0.0016
vn -0.9796 -0.2011 0.0011
vn -0.0169 -0.0072 0.9998
vn -0.0148 -0.0180 0.9997
vn -0.0171 -0.0062 0.9998
vn -0.0332 0.9965 -0.0766
vn -0.0278 0.9967 -0.0767
vn -0.0414 0.9962 -0.0764
vn -0.0541 0.9985 0.0018
vn -0.0103 0.9964 -0.0838
vn 0.0279 0.9952 -0.0935
vn 0.0543 0.9985 0.0016
vn 0.0542 0.9985 0.0017
vn 0.0544 0.9985 0.0016
vn 0.9796 -0.2011 0.0011
vn 0.0169 -0.0072 0.9998
vn 0.0148 -0.0180 0.9997
vn 0.0146 -0.0192 0.9997
vn 0.0278 0.9967 -0.0767
vn 0.0332 0.9965 -0.0766
vn 0.0414 0.9962 -0.0764
vn 0.0541 0.9985 0.0018
vn 0.0103 0.9964 -0.0838
vn 0.0276 -0.5448 0.8381
vn 0.0216 -0.5449 0.8382
vn 0.0275 -0.5449 0.8381
vn 0.0215 -0.5449 0.8382
vn -0.0216 -0.5449 0.8382
vn -0.0276 -0.5448 0.8381
vn -0.0275 -0.5448 0.8381
vn -0.0215 -0.5449 0.8382
vn -0.0527 0.9940 -0.0960
vn 0.0007 0.9986 -0.0522
vn -0.2246 0.9726 -0.0592
vn 0.7790 0.6224 -0.0759
vn 0.8333 0.5506 -0.0484
vn 0.8445 0.5339 -0.0422
vn -0.0383 -0.3155 -0.9482
vn -0.0372 -0.2950 -0.9548
vn 0.0576 0.9955 -0.0751
vn 0.2440 0.9656 -0.0899
vn 0.3022 0.9520 -0.0485
vn -0.8333 0.5506 -0.0484
vn -0.7790 0.6224 -0.0759
vn -0.8445 0.5339 -0.0422
vn 0.0383 -0.3155 -0.9482
vn -0.0238 -0.2095 -0.9775
vn -0.0715 0.6524 -0.7545
vn -0.0259 -0.1754 -0.9842
vn -0.0227 -0.2793 -0.9599
vn 0.0037 -0.3462 -0.9382
vn 0.0123 -0.3675 -0.9299
vn 0.0259 -0.1754 -0.9842
vn 0.0715 0.6524 -0.7545
vn 0.0238 -0.2095 -0.9775
vn 0.0227 -0.2793 -0.9599
vn -0.0037 -0.3462 -0.9382
vn 0.0275 -0.2669 -0.9633
vn -0.9971 -0.0466 0.0595
vn -0.7014 -0.4129 0.5810
vn -0.5987 -0.4714 0.6476
vn -0.3212 -0.5451 0.7744
vn 0.8452 0.3256 -0.4237
vn 0.9998 -0.0157 0.0101
vn 0.9841 0.1070 -0.1420
vn 0.0493 0.6071 -0.7931
vn -0.0848 0.5603 -0.8240
vn -0.3294 0.5463 -0.7701
vn 0.6366 0.4419 -0.6320
vn -0.7980 0.3356 -0.5006
vn -0.7889 -0.3699 0.4907
vn 0.0843 -0.6084 0.7891
vn 0.3752 0.5437 -0.7507
vn -0.9446 0.2095 -0.2525
vn -0.9890 -0.0761 0.1266
vn -0.7474 0.3942 -0.5348
vn -0.2248 -0.5987 0.7688
vn 0.6550 -0.4770 0.5860
vn -0.0912 -0.6414 0.7618
vn 0.4514 -0.5470 0.7051
vn 0.9057 -0.2596 0.3352
vn 0.7079 -0.4063 0.5777
vn 0.3856 0.5781 -0.7191
vn 0.7390 0.4169 -0.5292
vn -0.5494 0.5195 -0.6544
vn -0.5428 0.5432 -0.6405
vn 0.1442 0.6501 -0.7460
vn 0.3747 0.5085 0.7753
vn -0.6978 0.3949 0.5976
vn 0.5173 -0.1620 0.8403
vn 0.4583 -0.5874 0.6670
vn -0.9324 -0.0811 0.3523
vn -0.9218 -0.2136 0.3235
vn -0.9724 0.2217 -0.0733
vn 0.7454 0.4278 -0.5113
vn 0.1259 -0.7091 0.6938
vn -0.4916 0.6459 -0.5842
vn -0.3808 0.0592 0.9228
vn -0.0516 0.7036 -0.7087
vn -0.7929 0.4803 -0.3749
vn -0.4142 -0.4122 0.8115
vn 0.9166 -0.3012 0.2631
vn 0.1387 -0.5620 0.8155
vn 0.6251 -0.4370 0.6467
vn 0.0242 -0.5688 0.8221
vn 0.9213 -0.2166 0.3229
vn 0.9919 0.0815 -0.0974
vn 0.9971 -0.0466 0.0595
vn 0.5987 -0.4714 0.6476
vn 0.7013 -0.4129 0.5810
vn 0.3212 -0.5451 0.7744
vn -0.9998 -0.0158 0.0101
vn -0.8452 0.3256 -0.4238
vn -0.9841 0.1069 -0.1420
vn -0.0492 0.6071 -0.7931
vn 0.3294 0.5463 -0.7701
vn 0.0848 0.5603 -0.8240
vn -0.6366 0.4419 -0.6320
vn 0.7980 0.3356 -0.5006
vn 0.7889 -0.3699 0.4907
vn -0.0843 -0.6084 0.7891
vn -0.3752 0.5437 -0.7507
vn 0.9446 0.2095 -0.2525
vn 0.9890 -0.0761 0.1266
vn 0.7474 0.3942 -0.5348
vn 0.2247 -0.5987 0.7688
vn -0.6550 -0.4770 0.5860
vn -0.4514 -0.5470 0.7051
vn -0.9057 -0.2596 0.3352
vn -0.7079 -0.4063 0.5778
vn -0.7390 0.4169 -0.5292
vn -0.3856 0.5781 -0.7191
vn 0.5495 0.5195 -0.6544
vn 0.0912 -0.6414 0.7618
vn 0.5428 0.5432 -0.6405
vn -0.1442 0.6501 -0.7460
vn -0.3747 0.5085 0.7753
vn -0.5173 -0.1620 0.8403
vn 0.6978 0.3949 0.5976
vn -0.4583 -0.5874 0.6670
vn 0.9324 -0.0811 0.3523
vn 0.9218 -0.2136 0.3235
vn 0.9724 0.2217 -0.0733
vn -0.1259 -0.7091 0.6938
vn -0.7454 0.4278 -0.5113
vn 0.4916 0.6459 -0.5842
vn 0.3808 0.0592 0.9228
vn 0.0516 0.7036 -0.7087
vn 0.7929 0.4803 -0.3749
vn 0.4142 -0.4123 0.8115
vn -0.9166 -0.3012 0.2631
vn -0.1386 -0.5620 0.8155
vn -0.6251 -0.4370 0.6467
vn -0.0241 -0.5688 0.8221
vn -0.9213 -0.2166 0.3229
vn -0.9919 0.0815 -0.0974
vn -0.9413 -0.1407 0.3067
vn -0.5313 -0.6714 0.5167
vn -0.4175 -0.7449 0.5205
vn -0.1200 -0.8448 0.5214
vn 0.7086 0.5362 -0.4586
vn 0.9601 0.0551 -0.2743
vn 0.9089 0.2293 -0.3482
vn -0.1425 0.8887 -0.4357
vn -0.2822 0.8498 -0.4453
vn -0.5022 0.7963 -0.3373
vn 0.4566 0.7144 -0.5302
vn -0.8870 0.4570 -0.0663
vn -0.6383 -0.6006 0.4816
vn 0.2693 -0.8784 0.3948
vn 0.1784 0.8375 -0.5165
vn -0.9647 0.2269 0.1335
vn -0.9163 -0.1953 0.3496
vn -0.8450 0.5281 -0.0846
vn -0.0320 -0.8838 0.4669
vn 0.6418 -0.7425 0.1918
vn 0.0916 -0.9094 0.4057
vn 0.6008 -0.7602 0.2474
vn 0.9474 -0.3111 -0.0750
vn 0.8185 -0.5603 0.1273
vn 0.1972 0.8552 -0.4793
vn 0.5828 0.6537 -0.4827
vn -0.6820 0.7066 -0.1885
vn 0.8648 0.3096 -0.3952
vn 0.9656 -0.1251 -0.2278
vn -0.6705 0.7226 -0.1682
vn -0.0960 0.9122 -0.3983
vn 0.2538 -0.9173 0.3067
vn -0.3794 -0.7978 0.4687
vn -0.3629 -0.8025 0.4736
vn 0.3801 -0.8769 0.2943
vn -0.8069 -0.4037 0.4313
vn -0.9609 0.1826 0.2083
vn 0.8203 -0.5719 0.0082
vn 0.7576 0.4709 -0.4520
vn 0.2313 0.8641 -0.4470
vn -0.6806 0.7226 -0.1210
vn -0.7928 -0.3985 0.4612
vn -0.9544 0.0685 0.2905
vn 0.7342 -0.6776 0.0434
vn 0.9473 -0.2089 -0.2427
vn -0.1097 0.9231 -0.3686
vn -0.6937 0.7162 -0.0759
vn -0.9321 0.2476 0.2643
vn -0.6447 0.7618 -0.0629
vn -0.2067 0.9328 -0.2954
vn 0.6776 -0.7340 0.0462
vn 0.0824 -0.9433 0.3217
vn 0.9355 -0.1836 -0.3020
vn 0.7112 0.5146 -0.4789
vn -0.5156 0.8523 -0.0881
vn -0.0252 0.9412 -0.3369
vn -0.7045 -0.4937 0.5098
vn -0.9117 -0.0195 0.4104
vn 0.5854 -0.8105 0.0220
vn 0.8492 -0.4948 -0.1843
vn 0.8055 0.3220 -0.4974
vn 0.9130 0.0142 -0.4077
vn 0.8119 -0.5251 -0.2551
vn 0.8838 -0.0389 -0.4663
vn 0.1674 0.9169 -0.3624
vn -0.8368 0.5141 0.1884
vn -0.3697 -0.8086 0.4578
vn 0.3928 -0.9131 0.1090
vn -0.8743 -0.0588 0.4819
vn -0.8050 -0.2168 0.5522
vn -0.7469 0.6384 0.1863
vn -0.1435 0.9582 -0.2476
vn 0.2300 -0.9648 0.1273
vn 0.3313 -0.8437 0.4224
vn 0.7568 -0.6234 0.1964
vn 0.8503 -0.3021 -0.4310
vn 0.6192 -0.7675 -0.1662
vn 0.7259 0.3907 -0.5660
vn -0.7931 0.4860 0.3671
vn -0.4396 0.8978 0.0249
vn -0.2893 -0.8643 0.4115
vn -0.6500 -0.4625 0.6030
vn -0.7948 0.0980 0.5990
vn 0.7182 -0.5269 -0.4546
vn 0.2283 -0.9733 0.0239
vn 0.7034 0.3381 -0.6253
vn -0.6445 -0.3762 0.6657
vn -0.2660 0.9639 -0.0090
vn 0.2332 0.8992 -0.3702
vn -0.6542 0.6581 0.3727
vn -0.2698 -0.8862 0.3767
vn 0.1664 -0.9825 -0.0837
vn -0.1439 -0.9588 0.2449
vn -0.7252 0.2696 0.6335
vn 0.2933 -0.9489 -0.1165
vn 0.6318 -0.5815 -0.5125
vn 0.7352 -0.1170 -0.6677
vn 0.6492 0.3581 -0.6711
vn -0.5279 0.7505 0.3975
vn -0.1272 0.9916 -0.0246
vn 0.6630 -0.5695 0.4860
vn 0.3359 -0.7781 0.5307
vn 0.1250 -0.8412 0.5260
vn -0.6018 -0.3600 0.7129
vn 0.6626 0.1484 -0.7341
vn 0.4382 0.7038 -0.5592
vn 0.0528 0.9908 -0.1243
vn -0.2346 0.9609 0.1471
vn 0.6604 -0.3375 -0.6708
vn 0.4521 -0.7679 -0.4538
vn -0.4152 0.8152 0.4037
vn -0.4031 -0.7476 0.5279
vn 0.1635 -0.9749 -0.1509
vn -0.6317 0.4904 0.6004
vn -0.6221 0.3228 0.7133
vn -0.5856 -0.0845 0.8062
vn -0.6843 0.0377 0.7282
vn -0.0840 -0.9864 0.1411
vn 0.5211 -0.5697 -0.6355
vn 0.2616 -0.9026 -0.3419
vn 0.6164 -0.1543 -0.7722
vn 0.5846 0.2905 -0.7575
vn 0.0767 0.9866 -0.1437
vn -0.1483 0.9703 0.1911
vn -0.4675 0.6574 0.5910
vn -0.4298 -0.6538 0.6228
vn 0.2932 0.8318 -0.4713
vn -0.5412 0.3406 0.7688
vn -0.2680 -0.8173 0.5101
vn 0.4632 0.4212 -0.7798
vn 0.5349 -0.1138 -0.8372
vn 0.3111 -0.8094 -0.4981
vn 0.2594 -0.8651 -0.4294
vn 0.4342 -0.4717 -0.7674
vn -0.4143 -0.4656 0.7820
vn -0.4826 -0.1251 0.8668
vn -0.4949 0.2793 0.8228
vn -0.2473 0.8415 0.4804
vn -0.0893 -0.9663 0.2416
vn -0.2661 0.8539 0.4472
vn 0.1815 -0.9198 -0.3478
vn 0.2776 0.6779 -0.6807
vn -0.0132 0.5727 0.8197
vn -0.0628 -0.9793 0.1924
vn 0.3441 -0.6373 -0.6896
vn 0.3933 0.2871 -0.8734
vn -0.3382 0.6641 0.6667
vn -0.4531 0.0685 0.8888
vn -0.4257 -0.2532 0.8687
vn 0.1509 0.9316 -0.3306
vn 0.3097 0.7046 -0.6384
vn -0.0603 0.9932 0.0993
vn -0.0397 0.3943 0.9181
vn 0.0280 -0.5481 0.8359
vn -0.1939 -0.3013 0.9336
vn 0.4238 -0.2808 -0.8611
vn 0.4339 -0.0431 -0.8999
vn -0.5414 -0.7741 0.3281
vn -0.5161 -0.7817 0.3502
vn 0.9721 -0.0315 0.2324
vn 0.6829 -0.5582 0.4712
vn -0.8708 -0.4824 0.0954
vn -0.9375 -0.3465 -0.0322
vn -0.1108 -0.8767 0.4681
vn 0.6632 0.7086 -0.2409
vn 0.0220 0.8587 -0.5121
vn 0.1467 0.8829 -0.4460
vn 0.2302 -0.6028 -0.7639
vn -0.9386 -0.1680 -0.3014
vn -0.7859 -0.6183 -0.0102
vn -0.7083 -0.7059 0.0007
vn -0.7637 0.4578 -0.4551
vn -0.4468 0.7322 -0.5141
vn 0.9253 0.3793 -0.0055
vn 0.7500 0.6274 -0.2095
vn -0.9133 0.2152 -0.3458
vn 0.9524 0.2958 0.0734
vn -0.8760 -0.4823 -0.0016
vn -0.9761 -0.1085 -0.1882
vn 0.9622 -0.0294 0.2708
vn 0.2384 -0.8357 0.4947
vn -0.1422 -0.9061 0.3985
vn -0.5418 -0.7979 0.2643
vn -0.6395 -0.7348 0.2261
vn 0.2230 -0.8611 0.4568
vn 0.6457 0.7316 -0.2188
vn 0.2992 0.8817 -0.3648
vn 0.8579 -0.3077 0.4115
vn 0.6285 -0.6152 0.4760
vn -0.8019 0.4145 -0.4302
vn -0.9547 0.0218 -0.2968
vn -0.8978 -0.4325 -0.0835
vn 0.8402 0.5416 -0.0269
vn 0.9524 0.2502 0.1739
vn 0.2093 -0.8638 0.4582
vn -0.2479 -0.9114 0.3284
vn 0.0272 0.9138 -0.4053
vn -0.3410 0.8034 -0.4882
vn -0.7058 -0.6983 0.1194
vn 0.6216 0.7658 -0.1648
vn 0.6235 -0.6108 0.4880
vn -0.4147 0.7744 -0.4779
vn 0.6261 0.7702 -0.1219
vn -0.9565 -0.1426 -0.2545
vn -0.7869 0.4105 -0.4607
vn 0.9511 0.1696 0.2582
vn 0.6918 0.7216 -0.0251
vn 0.9397 0.0641 0.3360
vn -0.0579 -0.9320 0.3578
vn 0.7093 -0.4994 0.4975
vn 0.0932 0.9352 -0.3417
vn 0.8156 0.5569 0.1569
vn 0.9110 -0.0188 0.4120
vn -0.6655 -0.7463 -0.0092
vn -0.0386 -0.9472 0.3184
vn -0.6344 0.5842 -0.5061
vn -0.0344 0.9574 -0.2867
vn -0.1235 0.9152 -0.3837
vn 0.5092 -0.7057 0.4926
vn -0.9133 -0.2646 -0.3095
vn -0.8753 0.1697 -0.4528
vn 0.3484 0.9189 -0.1851
vn 0.8480 0.4369 0.3001
vn 0.8348 -0.2101 0.5088
vn -0.6043 -0.7933 -0.0741
vn -0.2314 -0.9662 0.1139
vn 0.3565 -0.8129 0.4605
vn -0.8869 -0.2241 -0.4040
vn 0.3933 0.9145 -0.0951
vn 0.8446 0.2755 0.4591
vn 0.7192 -0.4001 0.5681
vn -0.7133 -0.6525 -0.2560
vn -0.5549 0.6119 -0.5637
vn -0.5431 0.6556 -0.5246
vn -0.8412 0.0281 -0.5400
vn 0.2373 -0.8955 0.3764
vn 0.6030 -0.4821 0.6356
vn 0.5255 -0.6083 0.5948
vn 0.5370 0.8378 0.0987
vn 0.6867 -0.3865 0.6157
vn 0.7828 0.2976 0.5465
vn -0.3145 -0.9485 -0.0388
vn -0.7150 -0.5380 -0.4465
vn -0.7877 0.0270 -0.6154
vn -0.7097 -0.3859 -0.5894
vn -0.7239 0.0941 -0.6834
vn 0.0224 0.9813 -0.1909
vn 0.5570 0.7887 0.2604
vn 0.7334 0.1822 0.6550
vn -0.4556 -0.8190 -0.3489
vn 0.6945 0.0010 0.7194
vn -0.5028 -0.7020 -0.5044
vn -0.0316 0.9844 -0.1732
vn 0.4828 0.8066 0.3410
vn -0.4938 0.6628 -0.5629
vn -0.1055 -0.9921 0.0678
vn 0.2203 -0.9250 0.3096
vn -0.1683 -0.9835 -0.0665
vn -0.6976 -0.0142 -0.7163
vn -0.4473 0.6744 -0.5874
vn -0.0015 0.9950 -0.0996
vn 0.5169 0.7081 0.4811
vn 0.0724 0.9972 0.0178
vn 0.4219 0.7636 0.4888
vn -0.0825 -0.9953 -0.0506
vn -0.6325 0.3088 -0.7103
vn -0.6386 -0.0709 -0.7663
vn 0.9134 -0.0306 -0.4059
vn 0.5266 -0.0728 0.8470
vn 0.8806 -0.0112 -0.4737
vn 0.3427 -0.8085 0.4784
vn -0.3086 -0.8733 -0.3769
vn -0.5915 -0.4511 -0.6683
vn 0.6126 -0.3340 0.7164
vn 0.6318 0.2488 0.7341
vn 0.5606 -0.2379 0.7932
vn 0.0264 -0.9992 0.0310
vn -0.5488 -0.1775 -0.8169
vn -0.5536 0.3347 -0.7626
vn -0.1670 0.9497 -0.2648
vn 0.1770 0.9509 0.2538
vn -0.2016 -0.9119 -0.3574
vn -0.4741 -0.6077 -0.6371
vn 0.3518 0.7001 0.6214
vn 0.5268 0.4221 0.7377
vn 0.4813 0.1084 0.8698
vn 0.3973 -0.5396 0.7423
vn 0.1349 -0.9471 0.2914
vn -0.1937 0.8888 -0.4153
vn -0.4378 -0.1457 -0.8872
vn -0.5056 0.1932 -0.8408
vn -0.1900 0.9022 -0.3871
vn -0.1747 -0.9237 -0.3409
vn 0.2237 -0.8310 0.5093
vn -0.3825 -0.5986 -0.7039
vn -0.3725 0.4636 -0.8040
vn -0.2585 0.7642 -0.5909
vn 0.0967 -0.9610 0.2589
vn 0.0062 -0.9985 0.0540
vn -0.4184 0.1650 -0.8931
vn -0.4070 0.2486 -0.8790
vn 0.4690 -0.0201 0.8830
vn 0.4431 0.3535 0.8239
vn 0.8900 -0.0096 -0.4559
vn -0.3325 -0.6643 -0.6695
vn 0.2005 0.8992 0.3888
vn 0.9617 -0.2650 -0.0696
vn -0.9116 -0.3647 0.1896
vn -0.9809 -0.1312 -0.1438
vn -0.1214 0.9285 -0.3508
vn 0.0360 0.9988 -0.0334
vn -0.4246 -0.2074 -0.8813
vn -0.8779 -0.0104 -0.4787
vn 0.0043 1.0000 -0.0002
vn 0.0149 0.9982 -0.0582
vn -0.0000 0.9952 -0.0976
vn 0.0567 0.9957 -0.0735
vn -0.0043 1.0000 -0.0002
vn -0.0149 0.9982 -0.0582
vn -0.0567 0.9957 -0.0735
vn -0.0651 0.3821 -0.9218
vn -0.0000 -0.6910 -0.7229
vn -0.3075 -0.8564 -0.4147
vn 0.5543 -0.6502 -0.5196
vn 0.7474 -0.6549 -0.1122
vn 0.6536 0.7382 -0.1669
vn 0.6937 0.7201 0.0160
vn 0.6836 0.7298 0.0065
vn -0.3630 -0.6010 -0.7120
vn 0.5558 0.6125 -0.5621
vn -0.0000 -0.9943 -0.1068
vn 0.7271 -0.6831 -0.0686
vn 0.2974 0.8980 0.3242
vn 0.7109 0.7032 0.0155
vn 0.6116 0.4073 0.6783
vn 0.9987 -0.0005 0.0501
vn 0.6035 0.7927 -0.0859
vn 0.4806 -0.2018 0.8534
vn 0.8907 -0.2839 0.3550
vn 0.9060 0.0390 0.4216
vn 0.7142 0.5318 -0.4551
vn 0.9884 0.0009 -0.1518
vn 0.9968 -0.0363 -0.0712
vn 0.7908 0.1094 -0.6023
vn 0.9999 0.0128 -0.0081
vn 0.8597 -0.4310 0.2742
vn 0.9997 0.0022 -0.0237
vn 0.7079 0.5096 -0.4890
vn 0.9996 -0.0171 0.0241
vn 0.9993 0.0107 0.0346
vn 0.6139 -0.6206 0.4879
vn 0.6585 0.3355 -0.6736
vn 0.8487 0.4027 0.3427
vn 0.6968 0.0435 -0.7160
vn 0.9171 -0.2875 -0.2761
vn 0.5009 -0.8186 0.2812
vn 0.8310 0.3463 0.4353
vn 0.7356 -0.0822 0.6724
vn 0.5734 -0.5070 -0.6436
vn -0.2059 -0.1267 -0.9703
vn -0.0052 0.6665 -0.7455
vn -0.2120 -0.1384 -0.9674
vn -0.4042 -0.9100 -0.0918
vn 0.8501 0.4018 0.3403
vn -0.3236 0.2202 -0.9202
vn 0.4817 -0.8285 0.2857
vn 0.7989 0.5953 0.0855
vn 0.7829 0.1113 -0.6121
vn 0.4305 0.8930 -0.1310
vn 0.6189 -0.6172 0.4858
vn 0.0135 -0.9951 0.0976
vn 0.7074 -0.7068 0.0047
vn 0.8801 -0.3965 0.2610
vn -0.3873 0.8958 -0.2180
vn 0.7021 0.7120 -0.0017
vn -0.3849 0.8696 -0.3092
vn -0.2956 -0.9472 0.1242
vn 0.4208 -0.5633 -0.7111
vn 0.7195 -0.6874 -0.0989
vn -0.4793 0.8719 0.1007
vn 0.6925 0.7211 0.0204
vn 0.7166 -0.6974 -0.0117
vn -0.5153 -0.8530 0.0832
vn -0.7847 -0.6164 0.0659
vn 0.0142 0.1508 0.9885
vn -0.4614 0.1827 0.8682
vn 0.6961 0.6237 -0.3556
vn -0.9738 0.1677 -0.1536
vn 0.8975 -0.4354 0.0700
vn -0.0000 0.9706 0.2405
vn -0.1185 0.5786 -0.8070
vn 0.4731 0.8667 0.1584
vn 0.8645 -0.4239 0.2700
vn 0.0454 -0.0467 0.9979
vn 0.8078 0.3415 -0.4804
vn -0.0000 -0.0468 0.9989
vn -0.7308 0.6826 0.0073
vn -0.0001 0.8864 0.4630
vn 0.7045 -0.0000 0.7097
vn -0.4704 0.2888 0.8338
vn -0.0000 -0.6192 -0.7853
vn -0.0000 0.2481 -0.9687
vn -0.3620 0.5703 -0.7374
vn -0.0000 0.7670 0.6416
vn -0.0000 0.6803 0.7330
vn -0.0000 -0.7125 -0.7017
vn -0.0000 -0.9551 0.2962
vn -0.0000 -0.9812 -0.1931
vn -0.0000 -0.2573 0.9663
vn -0.0000 0.7240 -0.6898
vn -0.0000 0.0102 0.9999
vn -0.0000 0.7143 0.6999
vn -0.0000 0.0572 -0.9984
vn -0.0000 0.4412 -0.8974
vn -0.0000 0.5157 0.8568
vn 0.7770 -0.5363 0.3295
vn -0.0000 0.7034 0.7108
vn -0.1984 0.6005 0.7747
vn 0.6929 0.6243 -0.3608
vn -0.0000 0.7765 -0.6301
vn -0.0000 0.6741 -0.7387
vn -0.0000 0.9942 -0.1076
vn -0.0000 -0.6250 0.7806
vn -0.0000 -0.6339 0.7734
vn -0.1214 0.5731 -0.8105
vn -0.0000 0.7630 -0.6463
vn 0.7468 0.6106 -0.2635
vn 0.3148 0.7019 -0.6390
vn 0.9997 0.0002 -0.0234
vn 0.7038 -0.7102 -0.0185
vn 0.7913 0.0917 0.6045
vn 0.7941 0.6049 0.0586
vn 0.1787 0.9804 0.0825
vn -0.0339 0.5345 -0.8445
vn 0.0004 0.9999 0.0110
vn 0.6420 0.6306 0.4360
vn 0.9578 0.2871 0.0158
vn -0.6717 -0.7000 -0.2427
vn -0.2550 -0.9572 0.1371
vn -0.0000 -0.9998 0.0203
vn 0.7075 0.7067 0.0009
vn -0.0000 0.9996 0.0290
vn 0.2241 -0.6031 0.7656
vn 0.2803 0.0076 0.9599
vn 0.7373 0.6609 -0.1403
vn 0.6162 -0.2020 0.7612
vn 0.7056 0.7084 0.0168
vn 0.5924 0.6183 0.5165
vn 0.7179 -0.6821 -0.1392
vn 0.6113 -0.7559 0.2344
vn 0.5041 -0.5683 0.6503
vn 0.6970 0.7168 -0.0200
vn 0.2098 0.6484 0.7318
vn 0.3579 -0.6945 0.6242
vn 0.6920 -0.2847 0.6634
vn 0.6926 0.2987 0.6566
vn 0.7703 0.0005 0.6377
vn 0.3775 0.6945 0.6125
vn 0.7984 0.3485 -0.4910
vn 0.9930 -0.0205 0.1167
vn 0.9942 0.0802 -0.0719
vn -0.0000 -1.0000 0.0001
vn 0.0890 -0.9960 -0.0000
vn -0.0000 -0.7926 0.6097
vn 0.9493 -0.3142 -0.0001
vn -0.0005 0.8702 -0.4928
vn 0.6407 0.7678 -0.0000
vn -0.0000 0.7917 0.6110
vn -0.0209 0.9998 0.0003
vn -0.0000 0.7858 0.6185
vn 0.9998 -0.0180 -0.0000
vn -0.0000 -0.8724 -0.4887
vn 0.8875 -0.4608 0.0001
vn 0.9986 -0.0522 -0.0000
vn 0.9461 -0.3239 -0.0000
vn 0.9975 -0.0709 -0.0000
vn 0.6217 0.7833 -0.0001
vn 0.6453 -0.7639 -0.0002
vn 0.9991 0.0430 -0.0000
vn 0.9980 -0.0625 -0.0000
vn 0.9998 0.0220 -0.0000
vn 0.9999 -0.0137 -0.0000
vn -1.0000 -0.0031 -0.0000
vn 0.9994 0.0348 -0.0000
vn -0.0000 0.8692 -0.4944
vn 0.9991 0.0433 -0.0000
vn -0.0000 0.7880 0.6157
vn 0.6080 -0.7939 -0.0002
vn -0.0000 -0.8686 -0.4955
vn 0.9997 0.0226 -0.0001
vn 0.0005 -0.7901 0.6130
vn 0.9982 -0.0604 -0.0000
vn -0.0000 0.9925 0.1221
vn -1.0000 -0.0045 -0.0000
vn 0.9997 0.0227 -0.0000
vn 0.6406 0.7679 -0.0001
vn 0.6845 0.7290 -0.0002
vn 0.9493 -0.3142 -0.0000
vn 0.0651 0.3821 -0.9218
vn 0.3075 -0.8564 -0.4147
vn -0.5543 -0.6502 -0.5195
vn 0.3630 -0.6010 -0.7121
vn -0.6536 0.7382 -0.1669
vn -0.6937 0.7201 0.0160
vn -0.7109 0.7032 0.0155
vn -0.5558 0.6125 -0.5621
vn 0.3620 0.5703 -0.7374
vn -0.7474 -0.6549 -0.1122
vn -0.2974 0.8980 0.3242
vn -0.6116 0.4073 0.6783
vn -0.9991 0.0165 0.0381
vn -0.7356 -0.0822 0.6724
vn 0.2069 -0.5949 0.7767
vn -0.6953 0.6875 0.2095
vn -0.8907 -0.2839 0.3550
vn -0.7142 0.5318 -0.4551
vn -0.6035 0.7927 -0.0859
vn -0.9997 0.0022 -0.0237
vn -0.7937 -0.2512 -0.5540
vn -0.9884 0.0009 -0.1518
vn -0.9999 0.0128 -0.0081
vn -0.7079 0.5096 -0.4890
vn -0.9996 -0.0171 0.0241
vn -0.9772 0.1624 -0.1369
vn -0.9993 0.0107 0.0346
vn -0.6585 0.3355 -0.6736
vn -0.6968 0.0435 -0.7160
vn -0.8494 -0.5274 0.0217
vn -0.8982 -0.4395 -0.0105
vn -0.9171 -0.2875 -0.2761
vn -0.4385 0.7893 0.4297
vn -0.9821 0.1827 -0.0450
vn -0.5734 -0.5070 -0.6436
vn -0.0526 0.8540 -0.5176
vn -0.0061 -0.7834 -0.6215
vn -0.7871 -0.2503 -0.5638
vn -0.3512 0.7906 -0.5016
vn -0.7367 0.3899 -0.5525
vn 0.6988 0.4756 0.5344
vn -0.9487 -0.2533 -0.1895
vn 0.4466 -0.3328 -0.8305
vn -0.9847 0.1704 -0.0365
vn 0.3561 -0.7396 0.5711
vn -0.0135 -0.9951 0.0976
vn -0.7079 -0.7063 0.0032
vn -0.7025 0.7116 -0.0010
vn -0.5979 0.7170 -0.3583
vn 0.4622 0.8172 -0.3444
vn -0.6776 -0.7307 -0.0829
vn -0.4208 -0.5633 -0.7111
vn -0.8444 0.0809 -0.5296
vn 0.6583 0.7527 -0.0080
vn -0.7166 -0.6974 -0.0117
vn -0.0974 -0.9941 -0.0469
vn 0.7847 -0.6163 0.0659
vn 0.0037 -0.8881 0.4596
vn -0.8486 -0.5286 0.0190
vn -0.8032 -0.3180 -0.5037
vn -0.9755 0.1690 -0.1409
vn -0.8324 -0.1433 0.5353
vn 0.3114 0.4535 -0.8351
vn -0.0000 -0.3045 -0.9525
vn -0.9001 -0.4356 -0.0121
vn 0.4080 -0.7467 0.5253
vn -0.5370 0.6218 0.5700
vn 0.5074 0.2016 -0.8378
vn -0.4013 0.4450 0.8006
vn 0.6511 0.7589 0.0075
vn -0.0000 -0.1497 0.9887
vn -0.2400 -0.1483 0.9594
vn 0.6959 -0.0001 0.7181
vn -0.3241 0.2007 0.9245
vn -0.7427 0.3708 -0.5576
vn -0.0000 -0.6191 -0.7853
vn -0.7179 -0.5903 0.3690
vn -0.0551 0.8572 -0.5120
vn 0.3106 0.4548 -0.8347
vn -0.7468 0.6106 -0.2636
vn -0.7195 -0.6874 -0.0989
vn -0.6925 0.7211 0.0204
vn -0.7043 -0.7097 -0.0173
vn -0.9995 -0.0029 -0.0310
vn -0.7419 0.6704 0.0124
vn -0.8532 -0.4276 0.2986
vn -0.3147 0.7019 -0.6390
vn 0.6529 0.7574 -0.0091
vn -0.1156 0.8432 -0.5249
vn -0.0004 0.9999 0.0110
vn -0.6420 0.6306 0.4360
vn -0.2098 0.6484 0.7318
vn 0.4450 -0.8908 -0.0916
vn -0.4720 0.8812 0.0269
vn -0.7855 0.0933 0.6118
vn -0.2241 -0.6031 0.7656
vn -0.2804 0.0076 0.9599
vn -0.7373 0.6609 -0.1403
vn -0.7056 0.7084 0.0168
vn -0.6162 -0.2020 0.7612
vn -0.5924 0.6183 0.5165
vn -0.7179 -0.6821 -0.1392
vn -0.6113 -0.7559 0.2344
vn -0.7271 -0.6831 -0.0686
vn -0.6836 0.7298 0.0065
vn -0.5041 -0.5683 0.6503
vn -0.4659 0.7831 0.4119
vn -0.6970 0.7168 -0.0200
vn -0.3579 -0.6945 0.6242
vn -0.6878 -0.2768 0.6711
vn -0.7703 0.0006 0.6376
vn -0.6926 0.2987 0.6566
vn -0.3765 0.6935 0.6143
vn -0.9958 -0.0308 -0.0860
vn -0.9487 -0.2422 -0.2034
vn -0.9918 -0.1131 0.0588
vn -0.9941 0.0794 -0.0735
vn -0.0000 0.9918 -0.1276
vn -0.9429 0.3330 -0.0027
vn -0.9394 0.3420 -0.0223
vn -0.9434 0.3317 -0.0000
vn 0.9999 0.0130 -0.0020
vn 0.9998 -0.0178 0.0012
vn 0.9998 -0.0200 0.0014
vn -0.0358 0.9992 -0.0197
vn -0.0419 0.9991 -0.0000
vn -0.0544 0.9983 -0.0210
vn -0.0534 -0.8547 -0.5164
vn -0.0126 -0.4903 -0.8715
vn -0.0558 -0.8725 -0.4855
vn 0.0116 0.9999 -0.0000
vn -0.0039 -0.3597 -0.9331
vn 0.0001 0.0357 0.9994
vn -0.0116 -0.9999 -0.0000
vn -0.9963 0.0005 0.0865
vn 0.0430 -0.9168 0.3970
vn -0.0393 0.0351 0.9986
vn -0.0384 0.0242 0.9990
vn -0.0394 0.0361 0.9986
vn 0.9999 -0.0107 0.0128
vn 0.9999 -0.0088 0.0116
vn 1.0000 0.0001 0.0057
vn -0.0184 0.9736 0.2274
vn -0.0398 0.9990 0.0213
vn -0.0168 0.9700 0.2424
vn -0.0225 -0.9734 -0.2280
vn -0.0021 -0.9998 -0.0213
vn -0.0000 0.9975 -0.0707
vn -0.0000 0.9974 -0.0727
vn -0.5816 -0.7946 -0.1742
vn 0.4037 0.7981 -0.4474
vn -0.0000 0.6270 0.7790
vn -0.9317 0.3619 -0.0314
vn -0.9329 0.3107 -0.1824
vn -0.9302 0.2992 -0.2129
vn 0.9989 0.0469 -0.0000
vn -0.0000 0.9976 -0.0688
vn -0.0000 0.9997 -0.0253
vn -1.0000 -0.0004 0.0077
vn -1.0000 0.0048 0.0018
vn -0.7046 -0.0000 0.7096
vn -0.0000 0.9965 -0.0830
vn -0.0000 -0.9958 0.0919
vn -0.0000 -0.9985 0.0554
vn -0.9999 0.0116 -0.0000
vn -0.0000 0.6058 0.7956
vn -0.7071 -0.0000 0.7071
vn 0.9992 -0.0370 -0.0157
vn 0.9987 -0.0332 -0.0382
vn 0.9992 -0.0396 -0.0000
vn -0.9999 0.0116 -0.0002
vn -0.9999 0.0116 -0.0009
vn -0.9999 0.0115 -0.0009
vn -0.9999 0.0112 -0.0013
vn -0.9999 0.0111 -0.0013
vn 0.0116 0.9994 -0.0331
vn 0.0115 0.9931 -0.1164
vn -0.0116 -0.9994 0.0331
vn -0.0115 -0.9918 0.1276
vn 0.9429 -0.3329 0.0026
vn 0.9394 -0.3420 0.0223
vn 0.9389 -0.3433 0.0250
vn -0.0000 -0.9974 0.0727
vn -0.0000 -0.6765 0.7365
vn -0.0000 0.6661 -0.7459
vn -0.9458 0.3236 -0.0287
vn -0.9429 0.3306 -0.0413
vn -0.9462 0.3225 -0.0269
vn -0.0000 -0.7544 0.6564
vn -0.0000 -0.9965 0.0830
vn -0.0000 0.6991 -0.7150
vn -0.9377 0.3474 -0.0000
vn -0.0000 0.6884 0.7254
vn -0.0000 -0.6886 -0.7252
vn -0.0000 0.4032 0.9151
vn -0.0000 0.6948 0.7192
vn 0.3474 0.9377 -0.0104
vn -0.8279 -0.5072 0.2395
vn -0.0000 -0.4168 -0.9090
vn -0.8997 0.4236 0.1050
vn -0.9370 0.3492 0.0024
vn 0.8997 -0.4236 -0.1050
vn 0.9370 -0.3492 -0.0024
vn 0.8985 -0.4255 -0.1077
vn -0.0000 0.4918 -0.8707
vn -0.0000 0.9942 -0.1075
vn 1.0000 -0.0064 -0.0015
vn -1.0000 -0.0062 0.0034
vn 0.9429 -0.3306 0.0413
vn 0.9458 -0.3236 0.0287
vn 0.9462 -0.3225 0.0269
vn -0.0092 -0.9995 0.0317
vn -0.0096 -0.9999 0.0144
vn 0.9996 -0.0299 0.0008
vn 0.9769 0.2130 -0.0150
vn 0.9974 0.0722 -0.0071
vn 0.9429 0.3330 -0.0027
vn 0.9394 0.3421 -0.0223
vn 0.9389 0.3433 -0.0250
vn -0.9998 -0.0178 0.0012
vn -0.9999 0.0131 -0.0020
vn -0.9998 -0.0200 0.0014
vn 0.0966 0.9946 -0.0381
vn 0.0414 0.9991 -0.0000
vn 0.0512 0.9987 -0.0047
vn 0.0534 -0.8547 -0.5164
vn 0.0126 -0.4903 -0.8715
vn -0.0000 -0.3598 -0.9330
vn -0.0116 0.9999 -0.0000
vn 0.0039 -0.3597 -0.9331
vn -0.0001 0.0357 0.9994
vn 0.0116 -0.9999 -0.0000
vn 0.0414 0.8824 -0.4687
vn 0.9842 -0.0127 -0.1769
vn 0.0393 0.0351 0.9986
vn 0.0384 0.0242 0.9990
vn 0.0383 0.0235 0.9990
vn -0.9999 -0.0107 0.0128
vn -0.9999 -0.0088 0.0116
vn -0.9996 -0.0196 0.0187
vn 0.0184 0.9736 0.2274
vn 0.0398 0.9990 0.0213
vn 0.0419 0.9991 -0.0000
vn 0.0021 -0.9998 -0.0213
vn 0.0225 -0.9734 -0.2280
vn 0.4257 -0.8415 0.3328
vn -0.8482 0.5278 0.0444
vn 0.9317 0.3619 -0.0314
vn 0.9328 0.3107 -0.1824
vn 0.9285 0.3714 -0.0000
vn -0.9989 0.0469 -0.0000
vn 1.0000 -0.0027 0.0050
vn 0.7046 -0.0000 0.7096
vn 1.0000 -0.0007 0.0036
vn 0.9999 0.0116 -0.0000
vn -0.9987 -0.0332 -0.0382
vn -0.9992 -0.0370 -0.0157
vn -0.9992 -0.0396 -0.0000
vn 0.9999 0.0116 -0.0002
vn 0.9999 0.0116 -0.0009
vn 0.9999 0.0112 -0.0013
vn 0.9999 0.0115 -0.0009
vn -0.0116 0.9994 -0.0331
vn -0.0115 0.9931 -0.1164
vn 0.0116 -0.9994 0.0331
vn 0.0115 -0.9918 0.1276
vn -0.9429 -0.3329 0.0027
vn -0.9394 -0.3420 0.0223
vn -0.9434 -0.3317 -0.0000
vn 0.9429 0.3306 -0.0413
vn 0.9458 0.3236 -0.0287
vn 0.9462 0.3225 -0.0269
vn 0.9377 0.3474 -0.0000
vn -0.0000 0.0064 1.0000
vn 0.4840 -0.8584 -0.1699
vn 0.8250 -0.5427 0.1576
vn -0.0000 -0.4168 0.9090
vn -0.4168 -0.0000 0.9090
vn 0.9370 0.3492 0.0024
vn 0.8997 0.4236 0.1050
vn -0.8997 -0.4236 -0.1050
vn -0.9370 -0.3492 -0.0024
vn -0.9377 -0.3474 -0.0000
vn -1.0000 -0.0064 -0.0015
vn 1.0000 -0.0062 0.0034
vn 1.0000 0.0052 -0.0002
vn -0.9429 -0.3306 0.0413
vn -0.9458 -0.3236 0.0287
vn -0.9425 -0.3314 0.0426
vn 0.0140 -0.9997 0.0194
vn 0.0019 -0.9992 0.0406
vn -0.9996 -0.0299 0.0008
vn -0.9994 -0.0357 -0.0013
vn -0.9790 0.2036 -0.0143
vn -0.9494 0.3135 -0.0195
vn -0.9447 0.3276 -0.0131
vn -0.9431 0.3322 -0.0110
vn -0.9437 0.3307 0.0006
vn -0.9437 0.3309 0.0007
vn -0.9439 0.3302 -0.0000
vn 0.9494 0.3135 -0.0195
vn 0.9447 0.3276 -0.0131
vn 0.9507 0.3093 -0.0213
vn 0.9437 0.3307 0.0006
vn 0.9437 0.3309 0.0007
vn 0.9436 0.3310 0.0008
vn -0.7594 -0.6272 0.1729
vn -0.9063 -0.4010 0.1337
vn -0.9198 -0.3788 0.1022
vn -0.7378 -0.6202 0.2664
vn -0.8112 -0.5361 0.2336
vn -0.8386 -0.5022 0.2111
vn -0.7524 -0.6110 0.2461
vn -0.8636 -0.4626 0.2005
vn -0.8873 -0.4275 0.1728
vn -0.6995 -0.5936 0.3980
vn -0.7003 -0.5878 0.4051
vn -0.7298 -0.5751 0.3696
vn -0.7220 -0.6071 0.3320
vn -0.7543 -0.5713 0.3236
vn -0.7776 -0.5582 0.2893
vn -0.5867 -0.5843 0.5606
vn -0.6164 -0.5131 0.5972
vn -0.5727 -0.5370 0.6194
vn -0.6758 -0.5706 0.4666
vn -0.6192 -0.6013 0.5051
vn -0.6546 -0.6077 0.4496
vn -0.8102 -0.5861 -0.0087
vn -0.9571 -0.2886 -0.0238
vn -0.9697 -0.2375 -0.0575
vn -0.7872 -0.6161 0.0261
vn -0.9403 -0.3397 0.0217
vn -0.8841 -0.4663 -0.0306
vn -0.9756 -0.2121 -0.0569
vn -0.9874 -0.1443 -0.0649
vn -0.8312 -0.5556 -0.0181
vn -0.7727 -0.6210 0.1314
vn -0.9317 -0.3568 0.0672
vn -0.7744 -0.6285 0.0723
vn -0.7470 -0.6149 0.2528
vn -0.7559 -0.6188 0.2139
vn -0.7136 -0.6019 0.3584
vn -0.7302 -0.6125 0.3027
vn -0.6347 -0.5194 0.5722
vn -0.6872 -0.5823 0.4343
vn -0.8288 -0.2511 0.5001
vn -0.7193 0.4746 -0.5073
vn -0.7630 -0.1198 -0.6352
vn -0.1523 -0.7948 -0.5874
vn -0.4569 -0.5796 -0.6747
vn -0.3960 -0.4175 0.8179
vn -0.6600 0.5693 -0.4901
vn -0.1156 -0.9252 0.3615
vn 0.0273 -0.6259 0.7795
vn 0.2434 0.6151 -0.7499
vn 0.1374 0.7881 0.6001
vn -0.0329 0.9995 -0.0000
vn 0.0551 0.6861 0.7254
vn -0.0622 -0.7433 -0.6661
vn -0.5774 -0.5773 -0.5773
vn -0.1638 -0.6287 -0.7602
vn -0.1171 0.7287 -0.6747
vn -0.2379 0.6484 -0.7232
vn -0.0657 0.9978 -0.0000
vn -0.5773 0.5774 0.5773
vn -0.5773 0.5773 -0.5774
vn -0.3864 -0.8696 -0.3075
vn 0.9063 -0.4010 0.1337
vn 0.7594 -0.6272 0.1729
vn 0.9198 -0.3788 0.1022
vn 0.8112 -0.5361 0.2336
vn 0.7378 -0.6202 0.2664
vn 0.8386 -0.5022 0.2111
vn 0.8636 -0.4626 0.2005
vn 0.7524 -0.6110 0.2461
vn 0.8873 -0.4275 0.1728
vn 0.7003 -0.5878 0.4051
vn 0.6995 -0.5936 0.3980
vn 0.7298 -0.5751 0.3696
vn 0.7543 -0.5713 0.3236
vn 0.7220 -0.6071 0.3320
vn 0.7776 -0.5582 0.2893
vn 0.5867 -0.5843 0.5606
vn 0.6164 -0.5131 0.5972
vn 0.6347 -0.5194 0.5722
vn 0.6192 -0.6013 0.5051
vn 0.6758 -0.5706 0.4665
vn 0.6546 -0.6077 0.4496
vn 0.8102 -0.5861 -0.0087
vn 0.9571 -0.2886 -0.0238
vn 0.7872 -0.6161 0.0261
vn 0.9403 -0.3397 0.0217
vn 0.7744 -0.6285 0.0723
vn 0.8841 -0.4663 -0.0306
vn 0.9756 -0.2121 -0.0570
vn 0.8312 -0.5556 -0.0181
vn 0.9697 -0.2375 -0.0575
vn 0.7727 -0.6210 0.1314
vn 0.9317 -0.3568 0.0672
vn 0.7470 -0.6149 0.2528
vn 0.7559 -0.6188 0.2139
vn 0.7136 -0.6019 0.3584
vn 0.7302 -0.6125 0.3027
vn 0.6663 -0.5446 0.5094
vn 0.6872 -0.5823 0.4343
vn 0.8288 -0.2511 0.5001
vn 0.7256 0.4682 -0.5042
vn 0.6600 0.5693 -0.4901
vn 0.4500 -0.5870 -0.6731
vn 0.3904 -0.8678 -0.3074
vn 0.3960 -0.4175 0.8179
vn 0.1156 -0.9252 0.3615
vn 0.7629 -0.1198 -0.6353
vn -0.0273 -0.6259 0.7795
vn -0.2434 0.6151 -0.7499
vn 0.8860 0.2742 -0.3739
vn 0.0329 0.9995 -0.0000
vn -0.1374 0.7881 0.6001
vn -0.0551 0.6861 0.7254
vn -0.3284 -0.0000 0.9445
vn 0.0622 -0.7433 -0.6661
vn 0.1638 -0.6287 -0.7602
vn 0.1171 0.7287 -0.6747
vn 0.0657 0.9978 -0.0000
vn 0.1484 -0.7915 -0.5929
vn 0.5774 -0.5773 -0.5773
vn 0.5773 0.5773 -0.5774
vn -0.9770 -0.2124 -0.0202
vn -0.9852 -0.1630 -0.0537
vn -0.9886 -0.1298 -0.0761
vn -0.9900 -0.1217 -0.0720
vn -0.9941 -0.0771 -0.0758
vn -0.9613 -0.2692 0.0582
vn -0.9673 -0.2509 0.0380
vn -0.9725 -0.2328 0.0069
vn -0.8748 -0.4570 0.1610
vn -0.9034 -0.4097 0.1264
vn -0.9252 -0.3721 0.0740
vn -0.9486 -0.3110 0.0581
vn -0.7436 -0.5545 0.3736
vn -0.7729 -0.5419 0.3302
vn -0.8047 -0.5316 0.2644
vn -0.8378 -0.5032 0.2120
vn -0.5623 -0.6163 0.5513
vn -0.6135 -0.6199 0.4892
vn -0.6835 -0.6001 0.4155
vn -0.5583 -0.5298 0.6384
vn 0.9770 -0.2124 -0.0202
vn 0.9886 -0.1298 -0.0761
vn 0.9852 -0.1630 -0.0537
vn 0.9874 -0.1443 -0.0649
vn 0.9900 -0.1217 -0.0720
vn 0.9613 -0.2692 0.0582
vn 0.9673 -0.2509 0.0379
vn 0.9725 -0.2328 0.0069
vn 0.8748 -0.4570 0.1610
vn 0.9034 -0.4097 0.1264
vn 0.9252 -0.3721 0.0740
vn 0.9486 -0.3110 0.0581
vn 0.7436 -0.5545 0.3736
vn 0.7729 -0.5419 0.3302
vn 0.8047 -0.5316 0.2644
vn 0.8378 -0.5032 0.2120
vn 0.5623 -0.6163 0.5513
vn 0.6135 -0.6199 0.4892
vn 0.6835 -0.6001 0.4155
vn 0.5727 -0.5370 0.6194
vn -0.5819 -0.8080 0.0926
vn -0.6569 -0.7257 0.2044
vn -0.6380 -0.7468 0.1876
vn -0.6946 -0.6677 0.2676
vn -0.7086 -0.6359 0.3057
vn -0.6969 -0.6652 0.2679
vn -0.7428 -0.6130 0.2691
vn -0.7217 -0.5484 0.4224
vn -0.7167 -0.5753 0.3940
vn -0.6337 -0.5177 0.5748
vn -0.5524 -0.5399 0.6351
vn -0.6102 -0.5076 0.6083
vn -0.4832 -0.8754 0.0158
vn -0.5162 -0.8553 0.0439
vn -0.6403 -0.7531 0.1511
vn -0.6840 -0.6902 0.2360
vn -0.6716 -0.7073 0.2207
vn -0.7131 -0.6112 0.3435
vn -0.7129 -0.5917 0.3763
vn -0.7124 -0.6149 0.3382
vn -0.7181 -0.5292 0.4520
vn -0.7101 -0.5142 0.4810
vn -0.7017 -0.5192 0.4878
vn -0.6164 -0.7717 0.1569
vn -0.5353 -0.8431 0.0507
vn -0.6682 -0.7169 0.1991
vn -0.7282 -0.6243 0.2827
vn -0.6663 -0.5446 0.5094
vn -0.6596 -0.5180 0.5446
vn -0.5169 -0.8560 0.0140
vn -0.3018 -0.9533 0.0120
vn -0.3278 -0.9447 0.0049
vn -0.4908 -0.8709 0.0252
vn -0.3723 -0.9280 0.0138
vn -0.4322 -0.9014 0.0250
vn -0.5651 -0.8200 0.0905
vn -0.6131 -0.7804 0.1231
vn -0.7065 -0.6377 0.3068
vn -0.7274 -0.5254 0.4413
vn -0.4910 -0.8705 0.0343
vn 0.6569 -0.7257 0.2044
vn 0.5819 -0.8080 0.0926
vn 0.6380 -0.7468 0.1876
vn 0.7086 -0.6359 0.3057
vn 0.6946 -0.6677 0.2676
vn 0.6969 -0.6652 0.2679
vn 0.7217 -0.5484 0.4224
vn 0.7428 -0.6130 0.2691
vn 0.7167 -0.5753 0.3940
vn 0.6337 -0.5177 0.5748
vn 0.5524 -0.5399 0.6351
vn 0.6596 -0.5180 0.5446
vn 0.4832 -0.8754 0.0158
vn 0.4908 -0.8709 0.0252
vn 0.5162 -0.8553 0.0439
vn 0.5651 -0.8200 0.0905
vn 0.6840 -0.6902 0.2360
vn 0.6403 -0.7531 0.1511
vn 0.6716 -0.7073 0.2207
vn 0.7129 -0.5917 0.3763
vn 0.7131 -0.6112 0.3435
vn 0.7124 -0.6149 0.3382
vn 0.7181 -0.5292 0.4520
vn 0.7101 -0.5142 0.4810
vn 0.7274 -0.5254 0.4413
vn 0.6164 -0.7717 0.1569
vn 0.5353 -0.8431 0.0507
vn 0.6682 -0.7169 0.1991
vn 0.7282 -0.6243 0.2827
vn 0.6102 -0.5076 0.6083
vn 0.7017 -0.5192 0.4878
vn 0.5169 -0.8560 0.0140
vn 0.3018 -0.9533 0.0120
vn 0.3278 -0.9447 0.0049
vn 0.3723 -0.9280 0.0138
vn 0.4322 -0.9014 0.0250
vn 0.4910 -0.8705 0.0343
vn 0.6131 -0.7804 0.1231
vn 0.7065 -0.6377 0.3068
vn 0.7393 -0.5478 0.3917
vn -0.2634 -0.9280 0.2634
vn -0.2178 -0.6901 0.6902
vn -0.2635 -0.2635 0.9280
vn -0.6901 -0.2178 0.6901
vn -0.9280 -0.2635 0.2635
vn -0.6901 -0.6901 0.2178
vn -0.9280 -0.2635 -0.2635
vn -0.2634 -0.2634 -0.9280
vn -0.2634 -0.9280 -0.2634
vn 0.2634 -0.2634 -0.9280
vn 0.9280 -0.2634 -0.2634
vn 0.2634 -0.9280 -0.2634
vn 0.9280 -0.2634 0.2634
vn 0.6901 -0.2178 0.6902
vn 0.2635 -0.2635 0.9280
vn 0.2177 -0.6902 0.6901
vn 0.2634 -0.9280 0.2634
vn -0.9280 0.2635 0.2635
vn -0.2635 0.2635 0.9280
vn -0.2178 0.6901 0.6901
vn -0.2635 0.9280 0.2635
vn -0.9280 0.2635 -0.2635
vn -0.2635 0.9280 -0.2635
vn -0.2634 0.2634 -0.9280
vn 0.2634 0.2634 -0.9280
vn 0.2635 0.9280 -0.2635
vn 0.9280 0.2635 -0.2635
vn 0.9280 0.2634 0.2634
vn 0.2635 0.9280 0.2635
vn 0.2635 0.2635 0.9280
vn 0.6902 0.2177 0.6901
vn 0.0543 0.9968 -0.0585
vn 0.9977 -0.0000 0.0671
vn 0.9472 -0.0000 0.3205
vn 0.0566 0.9984 -0.0073
vn 0.8437 -0.0000 0.5367
vn 0.0720 0.9773 0.1991
vn 0.9955 -0.0000 0.0950
vn -0.0000 0.9711 -0.2387
vn 0.8235 -0.0000 -0.5673
vn 0.0784 0.9969 0.0108
vn 0.9013 -0.0000 -0.4332
vn -0.0167 0.1715 0.9851
vn -0.0000 -0.9991 -0.0428
vn 0.9626 -0.0000 0.2711
vn -0.3391 0.0962 -0.9358
vn -0.4392 -0.0000 -0.8984
vn -0.8453 -0.0000 0.5344
vn -0.8493 -0.0000 0.5279
vn 0.9456 -0.2688 -0.1830
vn -0.4387 0.7428 0.5057
vn -0.8986 -0.3626 -0.2469
vn -0.0170 -0.0007 -0.9999
vn 0.0003 0.9990 -0.0441
vn -0.0000 0.9990 -0.0441
vn -0.1546 0.9879 -0.0123
vn -0.0449 0.9972 -0.0598
vn -0.0633 0.9961 -0.0609
vn -0.0414 0.9962 -0.0763
vn -0.0532 0.9954 -0.0803
vn -0.0000 0.9971 -0.0766
vn -0.0000 0.9985 -0.0555
vn 0.2300 0.9717 -0.0539
vn -0.0273 -0.2778 -0.9603
vn -0.0360 0.9980 -0.0520
vn -0.0585 0.9955 -0.0745
vn 0.0130 -0.4488 -0.8936
vn 0.0170 -0.0007 -0.9999
vn -0.5548 0.8301 -0.0556
vn -0.0001 0.9985 -0.0555
vn -0.5081 0.8607 -0.0331
vn -0.1284 0.9897 -0.0631
vn 0.3762 0.9208 -0.1029
vn 0.0404 0.9973 -0.0612
vn 0.0455 0.9981 -0.0414
vn 0.0638 0.9976 -0.0282
vn -0.2188 0.9738 -0.0613
vn -0.0718 0.9964 -0.0458
vn -0.1884 0.9806 -0.0549
vn 0.0273 -0.2778 -0.9603
vn 0.2966 -0.2645 -0.9176
vn 0.0317 0.9969 -0.0714
vn 0.0631 0.9949 -0.0782
vn 0.0227 0.9996 0.0146
vn -0.0400 -0.4419 -0.8962
vn -0.0146 -0.0192 0.9997
vn -0.0249 0.9967 -0.0767
vn 0.0171 -0.0062 0.9998
vn 0.0249 0.9967 -0.0767
vn -0.2458 0.9677 -0.0553
vn -0.9195 0.3609 0.1560
vn -0.7091 0.7008 0.0776
vn -0.4432 0.8964 0.0005
vn -0.7728 0.6264 0.1019
vn -0.9169 0.3576 0.1770
vn 0.0079 0.9864 -0.1642
vn -0.0197 0.9949 -0.0984
vn 0.0195 0.9984 -0.0537
vn -0.0000 0.9998 -0.0182
vn -0.1253 0.9903 -0.0602
vn -0.1794 0.9821 -0.0574
vn 0.7681 0.6352 -0.0810
vn -0.0339 -0.2960 -0.9546
vn 0.1373 0.9887 -0.0599
vn 0.1253 0.9903 -0.0602
vn 0.1794 0.9821 -0.0574
vn -0.0056 0.9992 -0.0388
vn -0.0039 0.9991 -0.0428
vn -0.0065 0.9970 -0.0774
vn 0.0402 0.9958 -0.0818
vn 0.9169 0.3577 0.1770
vn 0.7728 0.6265 0.1019
vn 0.3183 0.9468 -0.0480
vn 0.4432 0.8964 0.0005
vn -0.7681 0.6352 -0.0810
vn 0.0339 -0.2960 -0.9546
vn -0.0195 -0.2676 -0.9633
vn -0.0782 0.8102 -0.5810
vn -0.0275 -0.2669 -0.9633
vn 0.0195 -0.2676 -0.9633
vn 0.0782 0.8102 -0.5810
vn -0.0123 -0.3675 -0.9299
vn -0.0309 0.5411 -0.8404
vn 0.0072 -0.9334 -0.3588
vn -0.3849 0.8696 -0.3093
vn 0.3768 0.8483 -0.3720
vn -0.6714 -0.7003 -0.2425
vn -0.5756 0.3918 0.7177
vn -0.3867 0.8961 -0.2178
vn -0.4790 -0.3569 -0.8020
vn -0.2958 -0.9471 0.1248
vn -0.3159 -0.6552 0.6862
vn 0.2510 -0.8330 0.4930
vn -0.4787 0.8722 0.1005
vn 0.8536 -0.3380 -0.3963
vn -0.2549 -0.9572 0.1371
vn 0.7268 -0.1251 0.6753
vn 0.1778 0.9808 0.0795
vn -0.0000 0.1452 -0.9894
vn -0.5154 -0.8529 0.0832
vn -0.3289 -0.6025 0.7272
vn -0.7525 0.6537 0.0806
vn -0.4863 0.4997 -0.7168
vn 0.9975 -0.0708 -0.0000
vn -0.0000 0.8713 -0.4908
vn 0.9991 0.0431 -0.0000
vn 0.0005 -0.7903 0.6127
vn 0.9999 -0.0136 -0.0000
vn -0.0000 -0.8708 -0.4916
vn -0.0000 -0.8679 -0.4967
vn 0.6489 0.7608 -0.0001
vn -0.0000 0.7951 0.6064
vn 0.9853 -0.1709 -0.0000
vn 0.6488 0.7609 -0.0001
vn 0.9998 0.0219 -0.0000
vn -0.0000 -0.7885 0.6151
vn -0.0000 -0.8689 -0.4950
vn -0.0000 0.7872 0.6167
vn 0.6454 -0.7638 -0.0002
vn -0.0006 0.8700 -0.4931
vn 0.9994 0.0347 -0.0000
vn -0.0000 -0.9933 -0.1158
vn 0.9898 -0.1423 0.0001
vn 0.9998 -0.0181 -0.0000
vn -0.2410 0.8738 -0.4223
vn -0.8449 0.0813 -0.5287
vn 0.4058 -0.9136 -0.0239
vn 0.6576 0.7533 -0.0080
vn -0.2280 -0.1552 -0.9612
vn -0.6784 -0.7300 -0.0826
vn 0.8909 -0.1592 0.4254
vn 0.7565 -0.3756 -0.5353
vn 0.7244 0.2868 0.6269
vn 0.6532 0.7571 -0.0112
vn 0.7502 0.1292 -0.6485
vn 0.8380 -0.5389 -0.0861
vn -0.0000 0.8920 -0.4519
vn -0.1126 0.8380 -0.5339
vn -0.2569 0.8235 -0.5057
vn 0.4452 -0.8908 -0.0916
vn -0.1604 -0.1648 0.9732
vn -0.5972 0.7178 -0.3579
vn -0.9578 0.2871 0.0158
vn -0.9389 0.3433 -0.0250
vn 0.9999 0.0138 -0.0021
vn -0.1253 0.9921 -0.0000
vn -0.0686 0.9973 -0.0280
vn 0.0881 0.9909 -0.1020
vn 0.1401 0.9744 -0.1757
vn -0.0383 0.0235 0.9990
vn 0.9996 -0.0196 0.0187
vn -0.0239 -0.9698 -0.2428
vn -0.4488 -0.8873 0.1060
vn -0.5816 -0.7946 -0.1741
vn -0.9285 0.3714 -0.0000
vn -0.9795 -0.2008 0.0146
vn -0.9994 -0.0332 0.0029
vn -1.0000 -0.0002 -0.0000
vn -1.0000 0.0052 -0.0003
vn 0.9986 -0.0325 -0.0426
vn 0.9434 -0.3317 -0.0000
vn -0.9425 0.3314 -0.0426
vn -0.2866 -0.7735 0.5652
vn -0.0000 0.4168 0.9090
vn -0.8985 0.4255 0.1078
vn 0.9377 -0.3474 -0.0000
vn 0.9425 -0.3314 0.0426
vn -1.0000 0.0001 -0.0000
vn -0.0126 -0.9971 0.0747
vn -0.0000 -0.9918 0.1276
vn -0.0206 -0.9981 0.0573
vn 0.9994 -0.0357 -0.0011
vn 1.0000 0.0001 -0.0000
vn 0.9795 0.2008 -0.0146
vn 0.9434 0.3317 -0.0000
vn -0.9999 0.0138 -0.0021
vn 0.1269 0.9902 -0.0590
vn 0.1630 0.9799 -0.1148
vn 0.0419 0.9991 -0.0002
vn 0.0418 0.9991 -0.0001
vn 0.0558 -0.8725 -0.4855
vn 0.9842 -0.0128 -0.1768
vn -0.0465 -0.9910 0.1258
vn 0.0394 0.0361 0.9986
vn -1.0000 0.0001 0.0057
vn 0.0168 0.9700 0.2424
vn 0.0239 -0.9698 -0.2428
vn -0.8482 0.5278 0.0443
vn -0.4416 0.8731 -0.2066
vn 0.9302 0.2991 -0.2129
vn 0.9769 -0.2130 0.0150
vn 0.9795 -0.2009 0.0146
vn -0.9986 -0.0325 -0.0426
vn 0.9999 0.0111 -0.0013
vn -0.9389 -0.3433 0.0250
vn 0.9425 0.3314 -0.0426
vn -0.3047 0.8223 -0.4806
vn 0.8985 0.4255 0.1077
vn -0.8985 -0.4255 -0.1077
vn -0.9462 -0.3225 0.0269
vn 0.0189 -0.9974 0.0688
vn 1.0000 -0.0001 -0.0000
vn 0.0158 -0.9986 0.0502
vn -0.9943 -0.1062 -0.0070
vn -0.9813 0.1920 -0.0140
vn -1.0000 0.0005 -0.0000
vn -0.9507 0.3093 -0.0213
vn -0.9436 0.3310 0.0008
vn 0.9431 0.3322 -0.0110
vn 0.9439 0.3302 -0.0000
vn -0.8860 0.2742 -0.3739
vn 0.3284 -0.0000 0.9445
vn 0.2379 0.6484 -0.7232
vn 0.5774 0.5773 0.5773
vn 0.9941 -0.0771 -0.0758
vn 0.5583 -0.5298 0.6384
vn -0.7393 -0.5478 0.3917
vt 1.000000 0.000000
vt 0.000000 1.000000
vt 0.000000 0.000000
vt 1.000000 1.000000
vt 0.002642 0.334177
vt 0.581145 0.000104
vt 0.000104 0.016313
vt 0.972198 0.239727
vt 0.955112 0.431064
vt 0.591749 0.230440
vt 0.999896 0.231637
vt 0.747597 0.018441
vt 0.765698 0.000104
vt 0.000104 0.597805
vt 0.569509 0.595909
vt 0.005130 0.652041
vt 0.591541 0.000398
vt 0.982314 0.431064
vt 0.563382 0.811804
vt 0.567946 0.729885
vt 0.583364 0.807849
vt 0.583364 0.757882
vt 0.618839 0.622356
vt 0.618839 0.789241
vt 0.597809 0.809889
vt 0.583364 0.789243
vt 0.597809 0.789241
vt 0.871124 0.101370
vt 0.927214 0.651357
vt 0.893715 0.652142
vt 0.484272 0.567133
vt 0.484275 0.614467
vt 0.211345 0.651149
vt 0.502401 0.790309
vt 0.230067 0.764618
vt 0.502401 0.688399
vt 0.502549 0.638310
vt 0.484277 0.638311
vt 0.502550 0.650851
vt 0.484277 0.650851
vt 0.211345 0.787596
vt 0.211796 0.764277
vt 0.229698 0.820103
vt 0.211345 0.797973
vt 0.229616 0.797904
vt 0.502551 0.677683
vt 0.484279 0.677684
vt 0.521122 0.551332
vt 0.502870 0.578178
vt 0.502849 0.551343
vt 0.502065 0.823940
vt 0.917791 0.688856
vt 0.884337 0.689642
vt 0.212045 0.688399
vt 0.793615 0.551152
vt 0.521144 0.578166
vt 0.927296 0.305199
vt 0.947499 0.257741
vt 0.947581 0.305163
vt 0.793615 0.904241
vt 0.769642 0.588433
vt 0.793615 0.589878
vt 0.692274 0.900381
vt 0.681470 0.588433
vt 0.692274 0.588433
vt 0.618839 0.795709
vt 0.627388 0.819937
vt 0.619021 0.826813
vt 0.729513 0.913299
vt 0.740317 0.588433
vt 0.740317 0.913297
vt 0.638488 0.795922
vt 0.630108 0.818921
vt 0.630108 0.789098
vt 0.948341 0.745466
vt 0.929149 0.014480
vt 0.949434 0.014444
vt 0.804330 0.832810
vt 0.867118 0.842878
vt 0.805316 0.847223
vt 0.928140 0.794571
vt 0.948425 0.794535
vt 0.949510 0.681359
vt 0.970989 0.000027
vt 0.969794 0.681386
vt 0.950773 1.475821
vt 0.968584 1.475844
vt 0.998940 0.558909
vt 0.977957 0.585826
vt 0.976897 0.559007
vt 0.929225 0.000036
vt 0.949510 0.000000
vt 0.674474 0.823150
vt 0.654195 0.759439
vt 0.674474 0.759160
vt 0.587470 0.830279
vt 0.597809 0.809993
vt 0.597809 0.830278
vt 0.867118 1.477643
vt 0.806032 1.492306
vt 0.805316 1.481989
vt 0.950704 1.533722
vt 0.146074 0.043175
vt 0.207595 0.057803
vt 0.145357 0.053492
vt 0.998444 0.546374
vt 0.976401 0.546472
vt 0.997502 0.522541
vt 0.975459 0.522640
vt 0.995631 0.475230
vt 0.973589 0.475329
vt 0.993032 0.087242
vt 0.970989 0.087340
vt 1.000000 0.007657
vt 0.977651 0.000000
vt 0.502547 0.614466
vt 0.502541 0.179144
vt 0.502545 0.567132
vt 0.484269 0.179145
vt 0.502551 0.091911
vt 0.521112 0.538791
vt 0.502839 0.538802
vt 0.521093 0.514945
vt 0.502819 0.514956
vt 0.521055 0.467608
vt 0.502782 0.467619
vt 0.502551 0.079641
vt 0.520825 0.079630
vt 0.502551 0.000191
vt 0.520825 0.000180
vt 0.618839 0.619927
vt 0.654195 0.755043
vt 0.621121 0.789098
vt 0.638488 0.789103
vt 0.654195 0.836513
vt 0.638488 0.836518
vt 0.654195 0.713396
vt 0.681470 0.755149
vt 0.666283 0.759160
vt 0.726861 0.594029
vt 0.712187 0.713570
vt 0.712187 0.588433
vt 0.666283 0.592444
vt 0.669381 0.709385
vt 0.547964 0.627589
vt 0.502551 0.780128
vt 0.518256 0.588433
vt 0.760317 0.640463
vt 0.749642 0.807238
vt 0.740317 0.636599
vt 0.749642 0.588433
vt 0.769642 0.592297
vt 0.563382 0.592388
vt 0.547964 0.733840
vt 0.871124 0.699487
vt 0.881698 0.852156
vt 0.872517 0.860704
vt 0.606299 0.807519
vt 0.606299 0.789241
vt 0.709617 0.759496
vt 0.692274 0.877909
vt 0.692274 0.753738
vt 0.692274 0.593895
vt 0.712187 0.748903
vt 0.694561 0.753738
vt 0.769642 0.829379
vt 0.759415 0.812330
vt 0.769642 0.811102
vt 0.729201 0.588433
vt 0.729201 0.713044
vt 0.726861 0.712244
vt 0.726861 0.881680
vt 0.717935 0.727477
vt 0.726861 0.719167
vt 0.618839 0.825796
vt 0.606648 0.807519
vt 0.618839 0.807519
vt 0.890612 0.696529
vt 0.881698 0.850045
vt 0.883043 0.689642
vt 0.949485 1.477624
vt 0.929225 1.445153
vt 0.949510 1.445117
vt 0.115505 0.587952
vt 0.766051 0.435331
vt 0.766087 0.586866
vt 0.196218 0.852574
vt 0.158870 1.500541
vt 0.134245 0.848290
vt 0.856064 0.682834
vt 0.818795 0.034867
vt 0.871124 0.000000
vt 0.004617 0.706518
vt 0.133593 0.799147
vt 0.133995 0.358454
vt 0.144366 0.067907
vt 0.585627 0.588433
vt 0.583364 0.809993
vt 0.212679 0.000000
vt 0.229616 0.787937
vt 0.502065 0.790309
vt 0.927214 0.257777
vt 0.681470 0.902854
vt 0.627388 0.789098
vt 0.729513 0.588434
vt 0.928056 0.745502
vt 0.950704 0.000000
vt 0.654195 0.823428
vt 0.871123 1.535419
vt 0.970989 1.533749
vt 0.484279 0.091912
vt 0.654195 0.588433
vt 0.709617 0.883668
vt 0.890612 0.858368
vt 0.929200 1.477660
vt 0.115469 0.436416
vt 0.794263 0.687180
vt 0.000000 0.626770
vt 0.927214 0.000000
vt 0.211428 0.820172
vt 0.793437 0.588433
vt 0.769642 0.913243
vt 0.638488 0.825744
vt 0.793895 0.589752
vt 0.794032 0.542278
vt 0.793615 0.101561
vt 0.794263 0.052414
vt 0.856064 0.048069
vt 1.000000 0.585728
vt 0.587470 0.809994
vt 0.211345 0.000000
vt 0.654195 0.789098
vt 0.547964 0.845855
vt 0.583364 0.588433
vt 0.881698 0.689642
vt 0.618839 0.807518
vt 0.759415 0.830607
vt 0.719273 0.888528
vt 0.606648 0.825797
vt 0.211345 1.535355
vt 0.793615 0.000000
vt 0.133856 0.310983
s 1
g off
g SeaAngler_Fabric
usemtl Fabric
f 15/1/1 39/2/1 1/3/1
s 0
f 75/3/2 37/4/2 26/2/2
s 1
f 74/1/3 51/2/3 86/3/3
s 0
f 63/3/4 25/4/4 14/2/4
f 87/3/5 2/4/5 38/2/5
s 1
f 4/1/6 5/2/6 1/3/7
f 8/1/8 6/2/8 4/3/9
f 7/1/10 8/2/10 2/3/11
f 7/3/12 12/4/12 9/2/12
f 10/1/13 11/2/13 3/3/14
f 5/1/15 12/2/15 10/3/15
f 6/3/16 9/1/16 12/4/16
f 16/1/17 17/2/17 13/3/18
f 20/1/19 18/2/20 16/3/19
f 19/1/21 20/2/21 14/3/22
f 19/3/23 24/4/23 21/2/23
f 22/1/24 23/2/24 15/3/25
f 22/3/26 18/4/26 24/2/27
f 18/3/28 21/1/28 24/4/28
f 28/1/29 29/2/29 25/3/30
f 32/1/31 30/2/31 28/3/31
f 31/1/32 32/2/32 26/3/33
f 35/1/34 33/2/34 31/3/34
f 34/1/35 35/2/35 27/3/36
f 29/1/37 36/2/37 34/3/37
f 30/3/38 33/1/38 36/4/38
f 40/1/39 41/2/39 37/3/40
f 44/1/41 42/2/41 40/3/42
f 43/1/43 44/2/43 38/3/44
f 43/3/45 48/4/45 45/2/46
f 46/1/47 47/2/47 39/3/48
f 41/1/49 48/2/49 46/3/49
f 42/3/50 45/1/50 48/4/50
f 52/1/51 53/2/51 49/3/52
f 56/1/53 54/2/53 52/3/54
f 55/1/55 56/2/55 50/3/56
f 55/3/57 60/4/57 57/2/57
f 58/1/58 59/2/58 51/3/59
f 53/1/60 60/2/60 58/3/60
f 54/3/61 57/1/61 60/4/61
f 64/1/62 65/2/62 61/3/63
f 64/3/64 69/4/64 66/2/64
f 67/1/65 68/2/65 62/3/66
f 71/1/67 69/2/68 67/3/67
f 70/1/69 71/2/69 63/3/70
f 70/3/71 66/4/72 72/2/72
f 66/3/73 69/1/73 72/4/73
f 76/1/74 77/2/74 73/3/75
f 76/3/76 81/4/77 78/2/77
f 79/1/78 80/2/78 74/3/79
f 83/1/80 81/2/80 79/3/80
f 82/1/81 83/2/81 75/3/82
f 77/1/83 84/2/84 82/3/83
f 78/3/85 81/1/85 84/4/85
f 88/1/86 89/2/86 85/3/87
f 88/3/88 93/4/89 90/2/89
f 91/1/90 92/2/90 86/3/91
f 95/1/92 93/2/92 91/3/93
f 94/1/94 95/2/94 87/3/95
f 94/3/96 90/4/96 96/2/97
f 90/3/98 93/1/98 96/4/98
s 0
f 2/3/99 56/4/5 7/2/100
f 7/3/101 52/4/5 11/2/102
f 11/3/103 49/4/5 3/2/104
s 1
f 62/1/105 58/2/105 51/3/105
f 68/1/106 53/2/106 58/3/106
f 64/1/107 49/2/107 53/3/107
s 0
f 63/3/108 20/4/4 70/2/109
f 70/3/110 16/4/5 65/2/111
f 65/3/112 13/4/4 61/2/113
s 1
f 1/1/114 22/2/114 15/3/114
f 5/1/115 17/2/115 22/3/115
f 10/1/116 13/2/116 17/3/116
f 74/1/117 67/2/117 62/3/117
f 80/1/118 71/2/118 67/3/118
f 76/1/119 63/2/119 71/3/119
f 75/3/120 32/4/121 82/2/122
f 82/3/123 28/4/4 77/2/124
s 0
f 77/3/125 25/4/4 73/2/126
s 1
f 15/1/127 34/2/127 27/3/127
f 23/1/128 29/2/128 34/3/128
f 19/1/129 25/2/129 29/3/129
f 86/1/130 79/2/130 74/3/130
f 92/1/131 83/2/131 79/3/131
f 88/1/132 75/2/133 83/3/133
s 0
f 87/3/134 44/4/5 94/2/135
f 94/3/136 40/4/4 89/2/137
f 89/3/138 37/4/5 85/2/139
s 1
f 27/1/140 46/2/140 39/3/140
f 35/1/141 41/2/141 46/3/141
f 31/1/142 37/2/142 41/3/142
f 51/1/143 91/2/143 86/3/143
f 59/1/144 95/2/144 91/3/144
f 55/1/145 87/2/145 95/3/145
f 39/1/146 4/2/146 1/3/146
f 47/1/147 8/2/147 4/3/147
f 43/1/148 2/2/148 8/3/148
s 0
f 49/3/2 13/4/2 3/2/2
s 1
f 15/1/1 27/4/1 39/2/1
s 0
f 75/3/2 85/1/2 37/4/2
s 1
f 74/1/3 62/4/3 51/2/3
s 0
f 63/3/4 73/1/4 25/4/4
f 87/3/5 50/1/5 2/4/5
s 1
f 4/1/6 6/4/1778 5/2/6
f 8/1/8 9/4/1779 6/2/8
f 7/1/10 9/4/1780 8/2/10
f 7/3/12 11/1/1781 12/4/12
f 10/1/13 12/4/1782 11/2/13
f 5/1/15 6/4/1783 12/2/15
f 16/1/17 18/4/1784 17/2/17
f 20/1/19 21/4/20 18/2/20
f 19/1/21 21/4/1785 20/2/21
f 19/3/23 23/1/23 24/4/23
f 22/1/24 24/4/1786 23/2/24
f 22/3/26 17/1/26 18/4/26
f 28/1/29 30/4/1787 29/2/29
f 32/1/31 33/4/31 30/2/31
f 31/1/32 33/4/1788 32/2/32
f 35/1/34 36/4/34 33/2/34
f 34/1/35 36/4/1789 35/2/35
f 29/1/37 30/4/37 36/2/37
f 40/1/39 42/4/1790 41/2/39
f 44/1/41 45/4/1791 42/2/41
f 43/1/43 45/4/1792 44/2/43
f 43/3/45 47/1/1793 48/4/45
f 46/1/47 48/4/1794 47/2/47
f 41/1/49 42/4/49 48/2/49
f 52/1/51 54/4/1795 53/2/51
f 56/1/53 57/4/53 54/2/53
f 55/1/55 57/4/1796 56/2/55
f 55/3/57 59/1/1797 60/4/57
f 58/1/58 60/4/1798 59/2/58
f 53/1/60 54/4/60 60/2/60
f 64/1/62 66/4/1799 65/2/62
f 64/3/64 68/1/64 69/4/64
f 67/1/65 69/4/1800 68/2/65
f 71/1/67 72/4/68 69/2/68
f 70/1/69 72/4/1801 71/2/69
f 70/3/71 65/1/71 66/4/72
f 76/1/74 78/4/1802 77/2/74
f 76/3/76 80/1/76 81/4/77
f 79/1/78 81/4/1803 80/2/78
f 83/1/80 84/4/80 81/2/80
f 82/1/81 84/4/1804 83/2/81
f 77/1/83 78/4/84 84/2/84
f 88/1/86 90/4/1805 89/2/86
f 88/3/88 92/1/88 93/4/89
f 91/1/90 93/4/1806 92/2/90
f 95/1/92 96/4/92 93/2/92
f 94/1/94 96/4/1807 95/2/94
f 94/3/96 89/1/1808 90/4/96
s 0
f 2/3/5 50/1/1809 56/4/1810
f 7/3/5 56/1/102 52/4/1811
f 11/3/5 52/1/1812 49/4/1813
s 1
f 62/1/105 68/4/105 58/2/105
f 68/1/106 64/4/106 53/2/106
f 64/1/107 61/4/107 49/2/107
s 0
f 63/3/4 14/1/1814 20/4/1815
f 70/3/5 20/1/1816 16/4/1817
f 65/3/4 16/1/1818 13/4/1819
s 1
f 1/1/114 5/4/114 22/2/114
f 5/1/115 10/4/115 17/2/115
f 10/1/116 3/4/116 13/2/116
f 74/1/117 80/4/117 67/2/117
f 80/1/118 76/4/118 71/2/118
f 76/1/119 73/4/119 63/2/119
f 75/3/120 26/1/1820 32/4/121
f 82/3/123 32/1/1821 28/4/4
s 0
f 77/3/4 28/1/126 25/4/1822
s 1
f 15/1/127 23/4/127 34/2/127
f 23/1/128 19/4/128 29/2/128
f 19/1/129 14/4/129 25/2/129
f 86/1/130 92/4/130 79/2/130
f 92/1/131 88/4/131 83/2/131
f 88/1/132 85/4/132 75/2/133
s 0
f 87/3/5 38/1/1823 44/4/1824
f 94/3/4 44/1/137 40/4/1825
f 89/3/5 40/1/139 37/4/1826
s 1
f 27/1/140 35/4/140 46/2/140
f 35/1/141 31/4/141 41/2/141
f 31/1/142 26/4/142 37/2/142
f 51/1/143 59/4/143 91/2/143
f 59/1/144 55/4/144 95/2/144
f 55/1/145 50/4/145 87/2/145
f 39/1/146 47/4/146 4/2/146
f 47/1/147 43/4/147 8/2/147
f 43/1/148 38/4/148 2/2/148
s 0
f 49/3/2 61/1/2 13/4/2
s 1
g SeaAngler_Wood
usemtl Wood
f 103/3/149 107/3/150 111/3/151
f 418/3/152 132/3/153 348/3/154
f 378/3/155 372/3/156 419/3/157
f 356/3/158 345/3/159 420/3/160
f 421/3/161 135/3/162 351/3/163
f 359/3/164 347/3/165 425/3/166
f 360/3/167 350/3/168 426/3/169
f 380/3/170 376/3/171 430/3/172
f 431/3/173 143/3/174 371/3/175
f 382/3/176 375/3/177 432/3/178
f 383/3/179 370/3/180 433/3/181
f 434/3/182 146/3/183 374/3/184
f 435/3/185 141/3/186 369/3/187
f 377/3/188 373/3/189 436/3/190
f 393/3/191 465/3/192 458/3/193
f 387/3/194 450/3/195 150/3/196
f 385/3/197 464/3/198 455/3/199
f 169/3/200 162/3/201 161/3/202
f 170/3/203 163/3/204 162/3/201
f 163/3/204 172/3/205 164/3/206
f 164/3/206 173/3/207 165/3/208
f 165/3/208 174/3/209 166/3/210
f 174/3/209 167/3/211 166/3/210
f 167/3/211 176/3/212 168/3/213
f 161/3/202 176/3/212 169/3/200
f 169/3/200 178/3/214 170/3/203
f 178/3/214 171/3/215 170/3/203
f 171/3/215 180/3/216 172/3/205
f 180/3/216 173/3/207 172/3/205
f 173/3/207 182/3/217 174/3/209
f 182/3/217 175/3/218 174/3/209
f 183/3/219 176/3/212 175/3/218
f 184/3/220 169/3/200 176/3/212
f 177/3/221 186/3/222 178/3/214
f 178/3/214 187/3/223 179/3/224
f 187/3/223 180/3/216 179/3/224
f 188/3/225 181/3/226 180/3/216
f 181/3/226 190/3/227 182/3/217
f 182/3/217 191/3/228 183/3/219
f 191/3/228 184/3/220 183/3/219
f 192/3/229 177/3/221 184/3/220
f 193/3/230 186/3/222 185/3/231
f 186/3/222 195/3/232 187/3/223
f 195/3/232 188/3/225 187/3/223
f 188/3/225 197/3/233 189/3/234
f 197/3/233 190/3/227 189/3/234
f 190/3/227 199/3/235 191/3/228
f 199/3/235 192/3/229 191/3/228
f 192/3/229 193/3/230 185/3/231
f 201/3/236 194/3/237 193/3/230
f 194/3/237 203/3/238 195/3/232
f 195/3/232 204/3/239 196/3/240
f 196/3/240 205/3/241 197/3/233
f 205/3/241 198/3/242 197/3/233
f 198/3/242 207/3/243 199/3/235
f 207/3/243 200/3/244 199/3/235
f 200/3/244 201/3/236 193/3/230
f 209/3/245 202/3/246 201/3/236
f 210/3/247 203/3/238 202/3/246
f 203/3/238 212/3/248 204/3/239
f 212/3/248 205/3/241 204/3/239
f 205/3/241 214/3/249 206/3/250
f 214/3/249 207/3/243 206/3/250
f 207/3/243 216/3/251 208/3/252
f 208/3/252 209/3/245 201/3/236
f 217/3/253 210/3/247 209/3/245
f 218/3/254 211/3/255 210/3/247
f 211/3/255 220/3/256 212/3/248
f 220/3/256 213/3/257 212/3/248
f 213/3/257 222/3/258 214/3/249
f 222/3/258 215/3/259 214/3/249
f 223/3/260 216/3/251 215/3/259
f 216/3/251 217/3/253 209/3/245
f 225/3/261 218/3/254 217/3/253
f 218/3/254 227/3/262 219/3/263
f 219/3/263 228/3/264 220/3/256
f 228/3/264 221/3/265 220/3/256
f 221/3/265 230/3/266 222/3/258
f 230/3/266 223/3/260 222/3/258
f 231/3/267 224/3/268 223/3/260
f 224/3/268 225/3/261 217/3/253
f 233/3/269 226/3/270 225/3/261
f 226/3/270 235/3/271 227/3/262
f 235/3/271 228/3/264 227/3/262
f 228/3/264 237/3/272 229/3/273
f 237/3/272 230/3/266 229/3/273
f 238/3/274 231/3/267 230/3/266
f 239/3/275 232/3/276 231/3/267
f 232/3/276 233/3/269 225/3/261
f 241/3/208 234/3/277 233/3/269
f 234/3/277 243/3/278 235/3/271
f 243/3/278 236/3/279 235/3/271
f 244/3/280 237/3/272 236/3/279
f 245/3/202 238/3/274 237/3/272
f 238/3/274 247/3/281 239/3/275
f 247/3/281 240/3/282 239/3/275
f 240/3/282 241/3/208 233/3/269
f 241/3/208 250/3/283 242/3/284
f 242/3/284 251/3/285 243/3/278
f 251/3/285 244/3/280 243/3/278
f 252/3/286 245/3/202 244/3/280
f 253/3/200 246/3/287 245/3/202
f 246/3/287 255/3/288 247/3/281
f 255/3/288 248/3/289 247/3/281
f 256/3/290 241/3/208 248/3/289
f 249/3/207 258/3/291 250/3/283
f 258/3/291 251/3/285 250/3/283
f 251/3/285 260/3/292 252/3/286
f 260/3/292 253/3/200 252/3/286
f 253/3/200 262/3/293 254/3/294
f 254/3/294 263/3/295 255/3/288
f 263/3/295 256/3/290 255/3/288
f 256/3/290 257/3/226 249/3/207
f 257/3/226 266/3/296 258/3/291
f 266/3/296 259/3/297 258/3/291
f 259/3/297 268/3/298 260/3/292
f 260/3/292 269/3/299 261/3/221
f 269/3/299 262/3/293 261/3/221
f 262/3/293 271/3/300 263/3/295
f 271/3/300 264/3/301 263/3/295
f 272/3/302 257/3/226 264/3/301
f 265/3/303 274/3/304 266/3/296
f 274/3/304 267/3/305 266/3/296
f 275/3/306 268/3/298 267/3/305
f 268/3/298 277/3/230 269/3/299
f 277/3/230 270/3/307 269/3/299
f 270/3/307 279/3/308 271/3/300
f 271/3/300 280/3/309 272/3/302
f 280/3/309 265/3/303 272/3/302
f 273/3/233 282/3/310 274/3/304
f 282/3/310 275/3/306 274/3/304
f 283/3/311 276/3/312 275/3/306
f 276/3/312 285/3/313 277/3/230
f 285/3/313 278/3/314 277/3/230
f 278/3/314 287/3/315 279/3/308
f 287/3/315 280/3/309 279/3/308
f 288/3/316 273/3/233 280/3/309
f 281/3/241 290/3/317 282/3/310
f 282/3/310 291/3/318 283/3/311
f 291/3/318 284/3/319 283/3/311
f 292/3/320 285/3/313 284/3/319
f 285/3/313 294/3/321 286/3/322
f 286/3/322 295/3/323 287/3/315
f 287/3/315 296/3/324 288/3/316
f 296/3/324 281/3/241 288/3/316
f 289/3/257 298/3/325 290/3/317
f 298/3/325 291/3/318 290/3/317
f 299/3/326 292/3/320 291/3/318
f 300/3/327 293/3/245 292/3/320
f 293/3/245 302/3/328 294/3/321
f 302/3/328 295/3/323 294/3/321
f 295/3/323 304/3/329 296/3/324
f 304/3/329 289/3/257 296/3/324
f 305/3/273 298/3/325 297/3/265
f 298/3/325 307/3/330 299/3/326
f 307/3/330 300/3/327 299/3/326
f 300/3/327 309/3/261 301/3/331
f 309/3/261 302/3/328 301/3/331
f 302/3/328 311/3/332 303/3/333
f 311/3/332 304/3/329 303/3/333
f 304/3/329 305/3/273 297/3/265
f 313/3/272 306/3/334 305/3/273
f 306/3/334 315/3/335 307/3/330
f 315/3/335 308/3/336 307/3/330
f 308/3/336 317/3/269 309/3/261
f 317/3/269 310/3/337 309/3/261
f 310/3/337 319/3/338 311/3/332
f 311/3/332 320/3/339 312/3/340
f 320/3/339 305/3/273 312/3/340
f 313/3/272 162/3/201 314/3/341
f 162/3/201 315/3/335 314/3/341
f 315/3/335 164/3/206 316/3/342
f 316/3/342 165/3/208 317/3/269
f 317/3/269 166/3/210 318/3/343
f 166/3/210 319/3/338 318/3/343
f 319/3/338 168/3/213 320/3/339
f 168/3/213 313/3/272 320/3/339
f 353/3/344 348/3/154 133/3/345
f 125/3/346 418/3/152 353/3/344
f 340/3/347 354/3/348 418/3/152
f 419/3/157 145/3/349 377/3/188
f 348/3/154 377/3/188 133/3/345
f 132/3/153 419/3/157 348/3/154
f 355/3/350 345/3/159 130/3/351
f 337/3/352 355/3/350 122/3/353
f 337/3/352 356/3/158 420/3/160
f 357/3/354 351/3/163 136/3/355
f 128/3/356 421/3/161 357/3/354
f 343/3/357 358/3/358 421/3/161
f 338/3/359 327/3/360 123/3/361
f 338/3/359 326/3/362 422/3/363
f 353/3/344 325/3/364 125/3/346
f 425/3/166 132/3/153 354/3/348
f 339/3/365 354/3/348 124/3/366
f 123/3/361 425/3/166 339/3/365
f 426/3/169 135/3/162 358/3/358
f 342/3/367 358/3/358 127/3/368
f 126/3/369 426/3/169 342/3/367
f 379/3/370 376/3/171 141/3/186
f 129/3/371 430/3/172 379/3/370
f 136/3/355 430/3/172 352/3/372
f 378/3/155 371/3/175 144/3/373
f 132/3/153 431/3/173 378/3/155
f 347/3/165 381/3/374 431/3/173
f 432/3/178 148/3/375 380/3/170
f 351/3/163 380/3/170 136/3/355
f 135/3/162 432/3/178 351/3/163
f 381/3/374 370/3/180 143/3/174
f 131/3/376 433/3/181 381/3/374
f 130/3/351 433/3/181 346/3/377
f 382/3/176 374/3/184 147/3/378
f 135/3/162 434/3/182 382/3/176
f 350/3/168 384/3/379 434/3/182
f 435/3/185 142/3/380 383/3/179
f 345/3/159 383/3/179 130/3/351
f 345/3/159 379/3/370 435/3/185
f 384/3/379 373/3/189 146/3/183
f 134/3/381 436/3/190 384/3/379
f 133/3/345 436/3/190 349/3/382
f 387/3/194 449/3/383 457/3/384
f 388/3/385 385/3/197 151/3/386
f 388/3/385 386/3/387 437/3/388
f 395/3/389 452/3/390 154/3/391
f 396/3/392 393/3/191 155/3/393
f 396/3/392 394/3/394 441/3/395
f 113/3/396 443/3/397 400/3/398
f 328/3/399 399/3/400 443/3/397
f 403/3/401 466/3/402 462/3/403
f 401/3/404 403/3/401 157/3/405
f 401/3/404 404/3/406 445/3/407
f 456/3/408 457/3/384 464/3/198
f 459/3/409 460/3/410 465/3/192
f 463/3/411 461/3/412 466/3/402
f 455/3/199 457/3/384 449/3/383
f 458/3/193 460/3/410 451/3/413
f 462/3/403 461/3/412 453/3/414
f 159/3/415 462/3/403 453/3/414
f 395/3/389 451/3/413 460/3/410
f 404/3/406 466/3/402 445/3/407
f 404/3/406 454/3/416 463/3/411
f 386/3/387 464/3/198 437/3/388
f 394/3/394 465/3/192 441/3/395
f 153/3/417 458/3/193 451/3/413
f 149/3/418 455/3/199 449/3/383
f 386/3/387 450/3/195 456/3/408
f 402/3/419 453/3/414 461/3/412
f 402/3/419 454/3/416 160/3/420
f 394/3/394 452/3/390 459/3/409
f 511/3/600 517/3/601 506/3/602
f 506/3/602 686/3/603 663/3/603
f 569/3/604 563/3/605 558/3/606
f 686/3/607 558/3/606 663/3/607
f 621/3/604 615/3/605 610/3/606
f 686/3/607 610/3/606 663/3/607
f 676/3/600 687/3/601 667/3/602
f 667/3/602 686/3/603 663/3/603
f 111/3/151 97/3/423 99/3/422
f 99/3/422 101/3/425 103/3/149
f 103/3/149 105/3/428 107/3/150
f 107/3/150 109/3/430 111/3/151
f 111/3/151 99/3/422 103/3/149
f 418/3/152 354/3/348 132/3/153
f 378/3/155 144/3/373 372/3/156
f 356/3/158 129/3/371 345/3/159
f 421/3/161 358/3/358 135/3/162
f 359/3/164 131/3/376 347/3/165
f 360/3/167 134/3/381 350/3/168
f 380/3/170 148/3/375 376/3/171
f 431/3/173 381/3/374 143/3/174
f 382/3/176 147/3/378 375/3/177
f 383/3/179 142/3/380 370/3/180
f 434/3/182 384/3/379 146/3/183
f 435/3/185 379/3/370 141/3/186
f 377/3/188 145/3/349 373/3/189
f 393/3/191 441/3/395 465/3/192
f 387/3/194 457/3/384 450/3/195
f 385/3/197 437/3/388 464/3/198
f 169/3/200 170/3/203 162/3/201
f 170/3/203 171/3/215 163/3/204
f 163/3/204 171/3/215 172/3/205
f 164/3/206 172/3/205 173/3/207
f 165/3/208 173/3/207 174/3/209
f 174/3/209 175/3/218 167/3/211
f 167/3/211 175/3/218 176/3/212
f 161/3/202 168/3/213 176/3/212
f 169/3/200 177/3/221 178/3/214
f 178/3/214 179/3/224 171/3/215
f 171/3/215 179/3/224 180/3/216
f 180/3/216 181/3/226 173/3/207
f 173/3/207 181/3/226 182/3/217
f 182/3/217 183/3/219 175/3/218
f 183/3/219 184/3/220 176/3/212
f 184/3/220 177/3/221 169/3/200
f 177/3/221 185/3/231 186/3/222
f 178/3/214 186/3/222 187/3/223
f 187/3/223 188/3/225 180/3/216
f 188/3/225 189/3/234 181/3/226
f 181/3/226 189/3/234 190/3/227
f 182/3/217 190/3/227 191/3/228
f 191/3/228 192/3/229 184/3/220
f 192/3/229 185/3/231 177/3/221
f 193/3/230 194/3/237 186/3/222
f 186/3/222 194/3/237 195/3/232
f 195/3/232 196/3/240 188/3/225
f 188/3/225 196/3/240 197/3/233
f 197/3/233 198/3/242 190/3/227
f 190/3/227 198/3/242 199/3/235
f 199/3/235 200/3/244 192/3/229
f 192/3/229 200/3/244 193/3/230
f 201/3/236 202/3/246 194/3/237
f 194/3/237 202/3/246 203/3/238
f 195/3/232 203/3/238 204/3/239
f 196/3/240 204/3/239 205/3/241
f 205/3/241 206/3/250 198/3/242
f 198/3/242 206/3/250 207/3/243
f 207/3/243 208/3/252 200/3/244
f 200/3/244 208/3/252 201/3/236
f 209/3/245 210/3/247 202/3/246
f 210/3/247 211/3/255 203/3/238
f 203/3/238 211/3/255 212/3/248
f 212/3/248 213/3/257 205/3/241
f 205/3/241 213/3/257 214/3/249
f 214/3/249 215/3/259 207/3/243
f 207/3/243 215/3/259 216/3/251
f 208/3/252 216/3/251 209/3/245
f 217/3/253 218/3/254 210/3/247
f 218/3/254 219/3/263 211/3/255
f 211/3/255 219/3/263 220/3/256
f 220/3/256 221/3/265 213/3/257
f 213/3/257 221/3/265 222/3/258
f 222/3/258 223/3/260 215/3/259
f 223/3/260 224/3/268 216/3/251
f 216/3/251 224/3/268 217/3/253
f 225/3/261 226/3/270 218/3/254
f 218/3/254 226/3/270 227/3/262
f 219/3/263 227/3/262 228/3/264
f 228/3/264 229/3/273 221/3/265
f 221/3/265 229/3/273 230/3/266
f 230/3/266 231/3/267 223/3/260
f 231/3/267 232/3/276 224/3/268
f 224/3/268 232/3/276 225/3/261
f 233/3/269 234/3/277 226/3/270
f 226/3/270 234/3/277 235/3/271
f 235/3/271 236/3/279 228/3/264
f 228/3/264 236/3/279 237/3/272
f 237/3/272 238/3/274 230/3/266
f 238/3/274 239/3/275 231/3/267
f 239/3/275 240/3/282 232/3/276
f 232/3/276 240/3/282 233/3/269
f 241/3/208 242/3/284 234/3/277
f 234/3/277 242/3/284 243/3/278
f 243/3/278 244/3/280 236/3/279
f 244/3/280 245/3/202 237/3/272
f 245/3/202 246/3/287 238/3/274
f 238/3/274 246/3/287 247/3/281
f 247/3/281 248/3/289 240/3/282
f 240/3/282 248/3/289 241/3/208
f 241/3/208 249/3/207 250/3/283
f 242/3/284 250/3/283 251/3/285
f 251/3/285 252/3/286 244/3/280
f 252/3/286 253/3/200 245/3/202
f 253/3/200 254/3/294 246/3/287
f 246/3/287 254/3/294 255/3/288
f 255/3/288 256/3/290 248/3/289
f 256/3/290 249/3/207 241/3/208
f 249/3/207 257/3/226 258/3/291
f 258/3/291 259/3/297 251/3/285
f 251/3/285 259/3/297 260/3/292
f 260/3/292 261/3/221 253/3/200
f 253/3/200 261/3/221 262/3/293
f 254/3/294 262/3/293 263/3/295
f 263/3/295 264/3/301 256/3/290
f 256/3/290 264/3/301 257/3/226
f 257/3/226 265/3/303 266/3/296
f 266/3/296 267/3/305 259/3/297
f 259/3/297 267/3/305 268/3/298
f 260/3/292 268/3/298 269/3/299
f 269/3/299 270/3/307 262/3/293
f 262/3/293 270/3/307 271/3/300
f 271/3/300 272/3/302 264/3/301
f 272/3/302 265/3/303 257/3/226
f 265/3/303 273/3/233 274/3/304
f 274/3/304 275/3/306 267/3/305
f 275/3/306 276/3/312 268/3/298
f 268/3/298 276/3/312 277/3/230
f 277/3/230 278/3/314 270/3/307
f 270/3/307 278/3/314 279/3/308
f 271/3/300 279/3/308 280/3/309
f 280/3/309 273/3/233 265/3/303
f 273/3/233 281/3/241 282/3/310
f 282/3/310 283/3/311 275/3/306
f 283/3/311 284/3/319 276/3/312
f 276/3/312 284/3/319 285/3/313
f 285/3/313 286/3/322 278/3/314
f 278/3/314 286/3/322 287/3/315
f 287/3/315 288/3/316 280/3/309
f 288/3/316 281/3/241 273/3/233
f 281/3/241 289/3/257 290/3/317
f 282/3/310 290/3/317 291/3/318
f 291/3/318 292/3/320 284/3/319
f 292/3/320 293/3/245 285/3/313
f 285/3/313 293/3/245 294/3/321
f 286/3/322 294/3/321 295/3/323
f 287/3/315 295/3/323 296/3/324
f 296/3/324 289/3/257 281/3/241
f 289/3/257 297/3/265 298/3/325
f 298/3/325 299/3/326 291/3/318
f 299/3/326 300/3/327 292/3/320
f 300/3/327 301/3/331 293/3/245
f 293/3/245 301/3/331 302/3/328
f 302/3/328 303/3/333 295/3/323
f 295/3/323 303/3/333 304/3/329
f 304/3/329 297/3/265 289/3/257
f 305/3/273 306/3/334 298/3/325
f 298/3/325 306/3/334 307/3/330
f 307/3/330 308/3/336 300/3/327
f 300/3/327 308/3/336 309/3/261
f 309/3/261 310/3/337 302/3/328
f 302/3/328 310/3/337 311/3/332
f 311/3/332 312/3/340 304/3/329
f 304/3/329 312/3/340 305/3/273
f 313/3/272 314/3/341 306/3/334
f 306/3/334 314/3/341 315/3/335
f 315/3/335 316/3/342 308/3/336
f 308/3/336 316/3/342 317/3/269
f 317/3/269 318/3/343 310/3/337
f 310/3/337 318/3/343 319/3/338
f 311/3/332 319/3/338 320/3/339
f 320/3/339 313/3/272 305/3/273
f 313/3/272 161/3/202 162/3/201
f 162/3/201 163/3/204 315/3/335
f 315/3/335 163/3/204 164/3/206
f 316/3/342 164/3/206 165/3/208
f 317/3/269 165/3/208 166/3/210
f 166/3/210 167/3/211 319/3/338
f 319/3/338 167/3/211 168/3/213
f 168/3/213 161/3/202 313/3/272
f 353/3/344 418/3/152 348/3/154
f 125/3/346 340/3/347 418/3/152
f 340/3/347 124/3/366 354/3/348
f 419/3/157 372/3/156 145/3/349
f 348/3/154 419/3/157 377/3/188
f 132/3/153 378/3/155 419/3/157
f 355/3/350 420/3/160 345/3/159
f 337/3/352 420/3/160 355/3/350
f 337/3/352 121/3/494 356/3/158
f 357/3/354 421/3/161 351/3/163
f 128/3/356 343/3/357 421/3/161
f 343/3/357 127/3/368 358/3/358
f 338/3/359 422/3/363 327/3/360
f 338/3/359 122/3/353 326/3/362
f 353/3/344 423/3/456 325/3/364
f 425/3/166 347/3/165 132/3/153
f 339/3/365 425/3/166 354/3/348
f 123/3/361 359/3/164 425/3/166
f 426/3/169 350/3/168 135/3/162
f 342/3/367 426/3/169 358/3/358
f 126/3/369 360/3/167 426/3/169
f 379/3/370 430/3/172 376/3/171
f 129/3/371 352/3/372 430/3/172
f 136/3/355 380/3/170 430/3/172
f 378/3/155 431/3/173 371/3/175
f 132/3/153 347/3/165 431/3/173
f 347/3/165 131/3/376 381/3/374
f 432/3/178 375/3/177 148/3/375
f 351/3/163 432/3/178 380/3/170
f 135/3/162 382/3/176 432/3/178
f 381/3/374 433/3/181 370/3/180
f 131/3/376 346/3/377 433/3/181
f 130/3/351 383/3/179 433/3/181
f 382/3/176 434/3/182 374/3/184
f 135/3/162 350/3/168 434/3/182
f 350/3/168 134/3/381 384/3/379
f 435/3/185 369/3/187 142/3/380
f 345/3/159 435/3/185 383/3/179
f 345/3/159 129/3/371 379/3/370
f 384/3/379 436/3/190 373/3/189
f 134/3/381 349/3/382 436/3/190
f 133/3/345 377/3/188 436/3/190
f 387/3/194 149/3/418 449/3/383
f 388/3/385 437/3/388 385/3/197
f 388/3/385 152/3/448 386/3/387
f 395/3/389 460/3/410 452/3/390
f 396/3/392 441/3/395 393/3/191
f 396/3/392 156/3/473 394/3/394
f 113/3/396 328/3/399 443/3/397
f 328/3/399 119/3/437 399/3/400
f 403/3/401 445/3/407 466/3/402
f 401/3/404 445/3/407 403/3/401
f 401/3/404 158/3/435 404/3/406
f 456/3/408 450/3/195 457/3/384
f 459/3/409 452/3/390 460/3/410
f 463/3/411 454/3/416 461/3/412
f 455/3/199 464/3/198 457/3/384
f 458/3/193 465/3/192 460/3/410
f 462/3/403 466/3/402 461/3/412
f 159/3/415 403/3/401 462/3/403
f 395/3/389 153/3/417 451/3/413
f 404/3/406 463/3/411 466/3/402
f 404/3/406 160/3/420 454/3/416
f 386/3/387 456/3/408 464/3/198
f 394/3/394 459/3/409 465/3/192
f 153/3/417 393/3/191 458/3/193
f 149/3/418 385/3/197 455/3/199
f 386/3/387 150/3/196 450/3/195
f 402/3/419 159/3/415 453/3/414
f 402/3/419 461/3/412 454/3/416
f 394/3/394 154/3/391 452/3/390
f 511/3/600 518/3/600 517/3/601
f 506/3/602 517/3/601 686/3/603
f 569/3/604 570/3/605 563/3/605
f 686/3/607 569/3/604 558/3/606
f 621/3/604 622/3/605 615/3/605
f 686/3/607 621/3/604 610/3/606
f 676/3/600 688/3/600 687/3/601
f 667/3/602 687/3/601 686/3/603
g SeaAngler_Metal
usemtl Metal
f 98/3/421 99/3/422 97/3/423
f 100/3/424 101/3/425 99/3/422
f 101/3/425 104/3/426 103/3/149
f 103/3/149 106/3/427 105/3/428
f 106/3/427 107/3/150 105/3/428
f 107/3/150 110/3/429 109/3/430
f 409/3/431 117/3/432 329/3/433
f 111/3/151 98/3/421 97/3/423
f 110/3/429 111/3/151 109/3/430
f 410/3/434 158/3/435 401/3/404
f 411/3/436 119/3/437 328/3/399
f 322/3/438 331/3/439 412/3/440
f 413/3/441 113/3/396 332/3/442
f 414/3/443 118/3/444 336/3/445
f 415/3/446 154/3/391 394/3/394
f 416/3/447 152/3/448 388/3/385
f 417/3/449 115/3/450 335/3/451
f 422/3/363 120/3/452 333/3/453
f 324/3/454 330/3/455 423/3/456
f 366/3/457 364/3/458 424/3/459
f 427/3/460 139/3/461 362/3/462
f 428/3/463 137/3/464 363/3/465
f 429/3/466 138/3/467 361/3/468
f 374/3/184 372/3/156 370/3/180
f 438/3/469 149/3/418 387/3/194
f 439/3/470 150/3/196 386/3/387
f 440/3/471 151/3/386 385/3/197
f 442/3/472 156/3/473 396/3/392
f 443/3/397 155/3/393 393/3/191
f 444/3/474 153/3/417 395/3/389
f 446/3/475 160/3/420 404/3/406
f 447/3/476 157/3/405 403/3/401
f 448/3/477 159/3/415 402/3/419
f 334/3/478 329/3/433 115/3/450
f 134/3/381 409/3/431 334/3/478
f 360/3/167 323/3/479 409/3/431
f 410/3/434 157/3/405 405/3/480
f 361/3/468 405/3/480 137/3/464
f 361/3/468 406/3/481 410/3/434
f 321/3/482 328/3/399 113/3/396
f 131/3/376 411/3/436 321/3/482
f 359/3/164 327/3/360 411/3/436
f 412/3/440 120/3/452 326/3/362
f 355/3/350 326/3/362 122/3/353
f 130/3/351 412/3/440 355/3/350
f 413/3/441 114/3/483 322/3/438
f 346/3/377 322/3/438 130/3/351
f 346/3/377 321/3/482 413/3/441
f 414/3/443 117/3/432 323/3/479
f 341/3/484 323/3/479 126/3/369
f 341/3/484 325/3/364 414/3/443
f 415/3/446 156/3/473 397/3/485
f 331/3/439 397/3/485 120/3/452
f 114/3/483 415/3/446 331/3/439
f 416/3/447 151/3/386 389/3/486
f 336/3/445 389/3/486 117/3/432
f 336/3/445 390/3/487 416/3/447
f 417/3/449 116/3/488 324/3/454
f 349/3/382 324/3/454 133/3/345
f 349/3/382 334/3/478 417/3/449
f 422/3/363 119/3/437 327/3/360
f 423/3/456 118/3/444 325/3/364
f 133/3/345 423/3/456 353/3/344
f 424/3/459 138/3/467 365/3/489
f 357/3/354 365/3/489 128/3/356
f 136/3/355 424/3/459 357/3/354
f 427/3/460 140/3/490 366/3/457
f 352/3/372 366/3/457 136/3/355
f 352/3/372 367/3/491 427/3/460
f 367/3/491 363/3/465 139/3/461
f 129/3/371 428/3/463 367/3/491
f 356/3/158 368/3/492 428/3/463
f 429/3/466 137/3/464 368/3/492
f 344/3/493 368/3/492 121/3/494
f 344/3/493 365/3/489 429/3/466
f 438/3/469 150/3/196 391/3/495
f 335/3/451 391/3/495 116/3/488
f 335/3/451 392/3/496 438/3/469
f 439/3/470 152/3/448 390/3/487
f 330/3/455 390/3/487 118/3/444
f 116/3/488 439/3/470 330/3/455
f 440/3/471 149/3/418 392/3/496
f 115/3/450 440/3/471 392/3/496
f 329/3/433 389/3/486 440/3/471
f 442/3/472 155/3/393 399/3/400
f 333/3/453 399/3/400 119/3/437
f 333/3/453 397/3/485 442/3/472
f 443/3/397 153/3/417 400/3/398
f 444/3/474 154/3/391 398/3/497
f 332/3/442 398/3/497 114/3/483
f 332/3/442 400/3/398 444/3/474
f 446/3/475 158/3/435 406/3/481
f 364/3/458 406/3/481 138/3/467
f 140/3/490 446/3/475 364/3/458
f 447/3/476 159/3/415 408/3/498
f 139/3/461 447/3/476 408/3/498
f 363/3/465 405/3/480 447/3/476
f 448/3/477 160/3/420 407/3/499
f 362/3/462 407/3/499 140/3/490
f 362/3/462 408/3/498 448/3/477
f 689/3/635 690/3/636 704/3/637
f 699/3/638 704/3/637 690/3/636
f 701/3/639 714/3/640 695/3/641
f 707/3/642 697/3/643 703/3/644
f 696/3/645 701/3/639 695/3/641
f 697/3/643 698/3/646 703/3/644
f 704/3/637 710/3/647 689/3/635
f 705/3/648 704/3/637 699/3/638
f 696/3/645 702/3/649 701/3/639
f 709/3/650 689/3/635 719/3/651
f 698/3/646 709/3/650 708/3/652
f 711/3/653 722/3/654 721/3/655
f 712/3/656 711/3/653 705/3/648
f 713/3/657 712/3/656 706/3/658
f 702/3/649 717/3/659 716/3/660
f 703/3/644 718/3/661 707/3/642
f 721/3/655 710/3/647 711/3/653
f 707/3/642 724/3/662 723/3/663
f 707/3/642 723/3/663 717/3/659
f 737/3/664 728/3/665 732/3/666
f 726/3/667 725/3/668 721/3/655
f 720/3/669 730/3/670 719/3/651
f 716/3/660 728/3/671 727/3/672
f 717/3/659 723/3/663 728/3/671
f 724/3/662 729/3/673 723/3/663
f 724/3/662 730/3/670 729/3/673
f 732/3/666 731/3/674 726/3/667
f 723/3/663 734/3/675 728/3/671
f 723/3/663 735/3/676 734/3/675
f 730/3/670 736/3/677 735/3/676
f 732/3/666 728/3/665 731/3/674
f 725/3/668 731/3/674 728/3/665
f 727/3/672 733/3/678 737/3/664
f 700/3/679 692/3/680 706/3/658
f 691/3/681 700/3/679 699/3/638
f 691/3/681 699/3/638 690/3/636
f 694/3/682 706/3/658 692/3/680
f 695/3/641 714/3/640 694/3/682
f 696/3/645 697/3/643 702/3/649
f 700/3/679 705/3/648 699/3/638
f 706/3/658 705/3/648 700/3/679
f 703/3/644 698/3/646 708/3/652
f 705/3/648 711/3/653 704/3/637
f 706/3/658 712/3/656 705/3/648
f 714/3/640 713/3/657 706/3/658
f 701/3/639 702/3/649 716/3/660
f 702/3/649 707/3/642 717/3/659
f 703/3/644 708/3/652 718/3/661
f 719/3/651 730/3/670 709/3/650
f 710/3/647 720/3/669 719/3/651
f 722/3/654 726/3/667 721/3/655
f 715/3/683 716/3/660 727/3/672
f 716/3/660 717/3/659 728/3/671
f 724/3/662 709/3/650 730/3/670
f 726/3/667 731/3/674 725/3/668
f 723/3/663 729/3/673 735/3/676
f 729/3/673 730/3/670 735/3/676
f 725/3/668 728/3/665 720/3/669
f 709/3/650 698/3/646 689/3/635
f 694/3/682 714/3/640 706/3/658
f 702/3/649 697/3/643 707/3/642
f 689/3/635 710/3/647 719/3/651
f 713/3/657 722/3/654 712/3/656
f 710/3/647 725/3/668 720/3/669
f 710/3/647 721/3/655 725/3/668
f 720/3/669 736/3/677 730/3/670
f 727/3/672 728/3/671 733/3/678
f 710/3/647 704/3/637 711/3/653
f 716/3/660 715/3/683 701/3/639
f 708/3/652 709/3/650 718/3/661
f 718/3/661 709/3/650 724/3/662
f 728/3/665 736/3/677 720/3/669
f 714/3/640 715/3/683 713/3/657
f 713/3/657 715/3/683 722/3/654
f 726/3/667 722/3/654 715/3/683
f 715/3/683 727/3/672 726/3/667
f 726/3/667 727/3/672 732/3/666
f 727/3/672 737/3/664 732/3/666
f 738/3/684 753/3/685 739/3/686
f 748/3/687 739/3/686 753/3/685
f 763/3/688 750/3/689 744/3/690
f 756/3/691 752/3/692 746/3/693
f 745/3/694 744/3/690 750/3/689
f 746/3/693 752/3/692 747/3/695
f 753/3/685 738/3/684 759/3/696
f 754/3/697 748/3/687 753/3/685
f 745/3/694 750/3/689 751/3/698
f 758/3/699 768/3/700 738/3/684
f 747/3/695 757/3/701 758/3/699
f 760/3/702 771/3/703 761/3/704
f 761/3/704 754/3/697 760/3/702
f 762/3/705 755/3/706 761/3/704
f 751/3/698 765/3/707 766/3/708
f 752/3/692 756/3/691 767/3/709
f 770/3/710 760/3/702 759/3/696
f 773/3/711 756/3/691 772/3/712
f 756/3/691 766/3/708 772/3/712
f 786/3/713 781/3/714 777/3/715
f 775/3/716 770/3/710 774/3/717
f 769/3/718 768/3/700 779/3/719
f 765/3/707 776/3/720 777/3/721
f 766/3/708 777/3/721 772/3/712
f 773/3/711 772/3/712 778/3/722
f 773/3/711 778/3/722 779/3/719
f 781/3/714 775/3/716 780/3/723
f 772/3/712 777/3/721 783/3/724
f 772/3/712 783/3/724 784/3/725
f 779/3/719 784/3/725 785/3/726
f 781/3/714 780/3/723 777/3/715
f 774/3/717 777/3/715 780/3/723
f 776/3/720 786/3/713 782/3/727
f 749/3/728 741/3/729 740/3/730
f 740/3/730 748/3/687 749/3/728
f 740/3/730 739/3/686 748/3/687
f 743/3/731 741/3/729 755/3/706
f 744/3/690 743/3/731 763/3/688
f 745/3/694 751/3/698 746/3/693
f 749/3/728 748/3/687 754/3/697
f 755/3/706 749/3/728 754/3/697
f 752/3/692 757/3/701 747/3/695
f 754/3/697 753/3/685 760/3/702
f 755/3/706 754/3/697 761/3/704
f 763/3/688 755/3/706 762/3/705
f 750/3/689 765/3/707 751/3/698
f 751/3/698 766/3/708 756/3/691
f 752/3/692 767/3/709 757/3/701
f 768/3/700 758/3/699 779/3/719
f 759/3/696 768/3/700 769/3/718
f 771/3/703 770/3/710 775/3/716
f 764/3/732 776/3/720 765/3/707
f 765/3/707 777/3/721 766/3/708
f 773/3/711 779/3/719 758/3/699
f 775/3/716 774/3/717 780/3/723
f 772/3/712 784/3/725 778/3/722
f 778/3/722 784/3/725 779/3/719
f 774/3/717 769/3/718 777/3/715
f 758/3/699 738/3/684 747/3/695
f 743/3/731 755/3/706 763/3/688
f 751/3/698 756/3/691 746/3/693
f 738/3/684 768/3/700 759/3/696
f 762/3/705 761/3/704 771/3/703
f 759/3/696 769/3/718 774/3/717
f 759/3/696 774/3/717 770/3/710
f 769/3/718 779/3/719 785/3/726
f 776/3/720 782/3/727 777/3/721
f 759/3/696 760/3/702 753/3/685
f 765/3/707 750/3/689 764/3/732
f 757/3/701 767/3/709 758/3/699
f 767/3/709 773/3/711 758/3/699
f 777/3/715 769/3/718 785/3/726
f 763/3/688 762/3/705 764/3/732
f 762/3/705 771/3/703 764/3/732
f 775/3/716 764/3/732 771/3/703
f 764/3/732 775/3/716 776/3/720
f 775/3/716 781/3/714 776/3/720
f 776/3/720 781/3/714 786/3/713
f 787/3/733 788/3/734 802/3/735
f 797/3/736 802/3/735 788/3/734
f 799/3/737 812/3/738 793/3/739
f 805/3/740 795/3/741 801/3/742
f 794/3/743 799/3/737 793/3/739
f 795/3/741 796/3/744 801/3/742
f 802/3/735 808/3/745 787/3/733
f 803/3/746 802/3/735 797/3/736
f 794/3/743 800/3/747 799/3/737
f 807/3/748 787/3/733 817/3/749
f 796/3/744 807/3/748 806/3/750
f 809/3/751 820/3/752 819/3/753
f 810/3/754 809/3/751 803/3/746
f 811/3/755 810/3/754 804/3/756
f 800/3/747 815/3/757 814/3/758
f 801/3/742 816/3/759 805/3/740
f 819/3/753 808/3/745 809/3/751
f 811/3/755 813/3/760 821/3/761
f 805/3/740 823/3/762 822/3/763
f 811/3/755 821/3/761 820/3/752
f 805/3/740 822/3/763 815/3/757
f 832/3/764 840/3/765 824/3/766
f 825/3/767 824/3/766 819/3/753
f 818/3/768 830/3/769 817/3/749
f 826/3/770 825/3/767 820/3/752
f 813/3/760 827/3/771 821/3/761
f 814/3/758 828/3/772 827/3/771
f 815/3/757 822/3/763 828/3/772
f 823/3/762 829/3/773 822/3/763
f 823/3/762 830/3/769 829/3/773
f 831/3/774 838/3/775 818/3/768
f 824/3/766 831/3/774 818/3/768
f 833/3/776 832/3/764 825/3/767
f 821/3/761 827/3/771 834/3/777
f 822/3/763 836/3/778 828/3/772
f 822/3/763 837/3/779 836/3/778
f 830/3/769 838/3/775 837/3/779
f 838/3/775 831/3/774 839/3/780
f 836/3/778 845/3/781 844/3/782
f 842/3/783 841/3/784 832/3/764
f 834/3/777 827/3/771 843/3/785
f 843/3/785 842/3/783 833/3/776
f 827/3/771 835/3/786 843/3/785
f 844/3/782 852/3/787 851/3/788
f 837/3/779 839/3/780 845/3/781
f 855/3/789 846/3/790 831/3/774
f 840/3/765 855/3/789 831/3/774
f 842/3/783 847/3/791 841/3/784
f 842/3/783 848/3/792 847/3/791
f 828/3/772 844/3/782 851/3/788
f 835/3/786 850/3/793 849/3/794
f 835/3/786 828/3/772 850/3/793
f 858/3/795 849/3/794 859/3/796
f 851/3/788 860/3/797 828/3/772
f 845/3/781 853/3/798 852/3/787
f 846/3/790 853/3/798 839/3/780
f 840/3/765 856/3/799 855/3/789
f 857/3/800 856/3/799 841/3/784
f 858/3/795 857/3/800 848/3/792
f 850/3/793 828/3/772 860/3/797
f 854/3/801 853/3/798 846/3/790
f 863/3/802 862/3/803 854/3/801
f 852/3/787 862/3/803 861/3/804
f 857/3/800 864/3/805 856/3/799
f 798/3/806 790/3/807 804/3/756
f 856/3/799 863/3/802 855/3/789
f 858/3/795 859/3/796 866/3/808
f 865/3/809 864/3/805 857/3/800
f 858/3/795 866/3/808 865/3/809
f 859/3/796 850/3/793 867/3/810
f 862/3/803 869/3/811 868/3/812
f 861/3/804 868/3/812 860/3/797
f 864/3/805 872/3/813 856/3/799
f 863/3/802 871/3/814 870/3/815
f 864/3/805 874/3/816 873/3/817
f 872/3/813 871/3/814 856/3/799
f 874/3/816 867/3/810 875/3/818
f 860/3/797 875/3/818 867/3/810
f 870/3/815 869/3/811 863/3/802
f 872/3/813 879/3/819 871/3/814
f 860/3/797 877/3/820 876/3/821
f 868/3/812 878/3/822 877/3/820
f 880/3/823 890/3/824 889/3/825
f 870/3/815 879/3/819 886/3/826
f 873/3/817 881/3/827 880/3/823
f 874/3/816 882/3/828 881/3/827
f 874/3/816 883/3/829 882/3/828
f 884/3/830 883/3/829 875/3/818
f 876/3/821 884/3/830 875/3/818
f 885/3/831 894/3/832 878/3/822
f 886/3/826 885/3/831 878/3/822
f 945/3/833 957/3/834 946/3/835
f 879/3/819 880/3/823 888/3/836
f 881/3/827 882/3/828 890/3/824
f 891/3/837 882/3/828 883/3/829
f 892/3/838 891/3/837 884/3/830
f 893/3/839 892/3/838 876/3/821
f 885/3/831 895/3/840 894/3/832
f 901/3/841 897/3/842 882/3/828
f 885/3/831 898/3/843 895/3/840
f 894/3/832 895/3/840 893/3/839
f 889/3/825 899/3/844 880/3/823
f 900/3/845 889/3/825 890/3/824
f 895/3/840 898/3/843 893/3/839
f 896/3/846 902/3/847 898/3/843
f 903/3/848 902/3/847 887/3/849
f 888/3/836 903/3/848 887/3/849
f 911/3/850 899/3/844 889/3/825
f 900/3/845 911/3/850 889/3/825
f 905/3/851 904/3/852 897/3/842
f 906/3/853 905/3/851 901/3/841
f 891/3/837 907/3/854 906/3/853
f 893/3/839 931/3/855 892/3/838
f 893/3/839 898/3/843 908/3/856
f 898/3/843 909/3/857 908/3/856
f 910/3/858 903/3/848 888/3/836
f 904/3/852 911/3/850 900/3/845
f 892/3/838 931/3/855 930/3/859
f 909/3/857 902/3/847 912/3/860
f 893/3/839 908/3/856 931/3/855
f 911/3/850 922/3/861 910/3/858
f 916/3/862 919/3/863 907/3/854
f 914/3/864 913/3/865 904/3/852
f 915/3/866 914/3/864 905/3/851
f 919/3/863 915/3/866 906/3/853
f 930/3/859 916/3/862 907/3/854
f 910/3/858 917/3/867 924/3/868
f 903/3/848 924/3/868 921/3/869
f 908/3/856 944/3/870 931/3/855
f 911/3/850 918/3/871 922/3/861
f 910/3/858 922/3/861 917/3/867
f 923/3/872 944/3/870 908/3/856
f 913/3/865 914/3/864 925/3/873
f 929/3/874 919/3/863 916/3/862
f 921/3/869 924/3/868 1106/3/875
f 922/3/861 918/3/871 928/3/876
f 913/3/865 925/3/873 918/3/871
f 914/3/864 926/3/877 925/3/873
f 929/3/874 940/3/878 919/3/863
f 920/3/879 1106/3/875 923/3/872
f 932/3/880 917/3/867 936/3/881
f 933/3/882 927/3/883 930/3/859
f 942/3/884 933/3/882 931/3/855
f 932/3/880 934/3/885 924/3/868
f 917/3/867 922/3/861 1081/3/886
f 917/3/867 1097/3/887 936/3/881
f 1081/3/886 1097/3/887 917/3/867
f 926/3/877 915/3/866 937/3/888
f 915/3/866 938/3/889 937/3/888
f 938/3/889 915/3/866 940/3/878
f 946/3/835 959/3/890 947/3/891
f 1106/3/875 944/3/870 923/3/872
f 945/3/833 955/3/892 956/3/893
f 948/3/894 959/3/890 960/3/895
f 946/3/835 957/3/834 958/3/896
f 963/3/897 953/3/898 962/3/899
f 952/3/900 951/3/900 950/3/900
f 999/3/901 990/3/902 998/3/903
f 953/3/898 950/3/904 967/3/905
f 963/3/897 964/3/906 954/3/907
f 964/3/906 955/3/892 954/3/907
f 961/3/908 948/3/894 960/3/895
f 955/3/892 964/3/906 968/3/909
f 960/3/895 972/3/910 973/3/911
f 955/3/892 965/3/912 956/3/893
f 958/3/896 969/3/913 970/3/914
f 958/3/896 970/3/914 971/3/915
f 966/3/916 971/3/915 972/3/910
f 789/3/917 798/3/806 797/3/736
f 968/3/909 963/3/897 975/3/918
f 962/3/899 967/3/905 974/3/919
f 963/3/897 962/3/899 974/3/919
f 956/3/893 976/3/920 977/3/921
f 985/3/922 961/3/908 973/3/911
f 973/3/911 972/3/910 978/3/923
f 967/3/905 961/3/908 985/3/922
f 978/3/923 972/3/910 984/3/924
f 968/3/909 975/3/918 980/3/925
f 965/3/912 988/3/926 976/3/920
f 970/3/914 981/3/927 982/3/928
f 986/3/929 974/3/919 979/3/930
f 971/3/915 982/3/928 983/3/931
f 972/3/910 983/3/931 984/3/924
f 988/3/926 965/3/912 980/3/925
f 980/3/925 974/3/919 987/3/932
f 977/3/921 976/3/920 989/3/933
f 990/3/902 984/3/924 983/3/931
f 993/3/934 986/3/929 979/3/930
f 983/3/931 982/3/928 990/3/902
f 994/3/935 987/3/932 986/3/929
f 984/3/924 990/3/902 991/3/936
f 978/3/923 984/3/924 991/3/936
f 985/3/922 978/3/923 992/3/937
f 979/3/930 985/3/922 993/3/934
f 995/3/938 1001/3/939 996/3/940
f 988/3/926 987/3/932 994/3/935
f 976/3/920 995/3/938 996/3/940
f 976/3/920 996/3/940 989/3/933
f 982/3/928 997/3/941 998/3/903
f 996/3/940 1003/3/942 989/3/933
f 986/3/929 993/3/934 1000/3/943
f 994/3/935 986/3/929 1000/3/943
f 996/3/940 1012/3/944 1002/3/945
f 1006/3/946 997/3/941 1005/3/947
f 1009/3/948 1024/3/949 1010/3/950
f 997/3/941 989/3/933 1004/3/951
f 989/3/933 1003/3/942 1004/3/951
f 997/3/941 1004/3/951 1005/3/947
f 999/3/901 998/3/903 1007/3/952
f 998/3/903 1006/3/946 1007/3/952
f 1008/3/953 992/3/937 999/3/901
f 1001/3/939 1000/3/943 1011/3/954
f 993/3/934 992/3/937 1008/3/953
f 1000/3/943 993/3/934 1010/3/950
f 1002/3/945 1018/3/955 1013/3/956
f 996/3/940 1001/3/939 1012/3/944
f 1015/3/957 1005/3/947 1020/3/958
f 1003/3/942 1013/3/956 1004/3/951
f 1004/3/951 1014/3/959 1005/3/947
f 1006/3/946 1015/3/957 1016/3/960
f 1008/3/953 1007/3/952 1016/3/960
f 1011/3/954 1010/3/950 1017/3/961
f 1012/3/944 1011/3/954 1017/3/961
f 1013/3/956 1026/3/962 1019/3/963
f 1004/3/951 1019/3/963 1014/3/959
f 1005/3/947 1014/3/959 1020/3/958
f 1016/3/960 1015/3/957 1021/3/964
f 1033/3/965 1024/3/949 1023/3/966
f 1022/3/967 1009/3/948 1016/3/960
f 1017/3/961 1010/3/950 1024/3/949
f 1029/3/968 1036/3/969 1053/3/970
f 1018/3/955 1017/3/961 1025/3/971
f 1014/3/959 1019/3/963 1028/3/972
f 1026/3/962 1027/3/973 1028/3/972
f 1014/3/959 1028/3/972 1029/3/968
f 1021/3/964 1020/3/958 1030/3/974
f 1020/3/958 1029/3/968 1030/3/974
f 1021/3/964 1030/3/974 1031/3/975
f 1022/3/967 1021/3/964 1031/3/975
f 1023/3/966 1022/3/967 1033/3/965
f 1032/3/976 1039/3/977 1040/3/978
f 1025/3/971 1024/3/949 1034/3/979
f 1026/3/962 1025/3/971 1035/3/980
f 1028/3/972 1027/3/973 1044/3/981
f 1038/3/982 1031/3/975 1030/3/974
f 1045/3/983 1053/3/970 1036/3/969
f 1038/3/982 1054/3/984 1039/3/977
f 1034/3/979 1042/3/985 1043/3/986
f 1033/3/965 1040/3/978 1041/3/987
f 1034/3/979 1041/3/987 1042/3/985
f 1036/3/969 1044/3/981 1045/3/983
f 1037/3/988 1053/3/970 1046/3/989
f 1047/3/990 1038/3/982 1037/3/988
f 1039/3/977 1054/3/984 1048/3/991
f 1042/3/985 1058/3/992 1050/3/993
f 1043/3/986 1050/3/993 1051/3/994
f 1051/3/994 1059/3/995 1060/3/996
f 1044/3/981 1043/3/986 1051/3/994
f 1047/3/990 1056/3/997 1054/3/984
f 1049/3/998 1041/3/987 1048/3/991
f 1058/3/992 1041/3/987 1049/3/998
f 1049/3/998 1048/3/991 1055/3/999
f 1096/3/1000 1086/3/1001 1095/3/1002
f 1056/3/997 1046/3/989 1062/3/1003
f 1054/3/984 1063/3/1004 1057/3/1005
f 1052/3/1006 1061/3/1007 1065/3/1008
f 1062/3/1003 1052/3/1006 1065/3/1008
f 1056/3/997 1066/3/1009 1063/3/1004
f 1055/3/999 1068/3/1010 1069/3/1011
f 1049/3/998 1055/3/999 1069/3/1011
f 1072/3/1012 1059/3/995 1050/3/993
f 1060/3/996 1059/3/995 1070/3/1013
f 1070/3/1013 1059/3/995 1072/3/1012
f 1063/3/1004 1066/3/1009 1071/3/1014
f 1063/3/1004 1071/3/1014 1067/3/1015
f 1060/3/996 1070/3/1013 1073/3/1016
f 1065/3/1008 1064/3/1017 1074/3/1018
f 1062/3/1003 1065/3/1008 1075/3/1019
f 1076/3/1020 1066/3/1009 1062/3/1003
f 1072/3/1012 1083/3/1021 1070/3/1013
f 1068/3/1010 1082/3/1022 1078/3/1023
f 1069/3/1011 1078/3/1023 1080/3/1024
f 1074/3/1018 1064/3/1017 1073/3/1016
f 1081/3/886 1075/3/1019 1074/3/1018
f 1072/3/1012 1069/3/1011 1080/3/1024
f 1079/3/1025 1066/3/1009 1076/3/1020
f 1072/3/1012 1080/3/1024 1083/3/1021
f 1074/3/1018 1073/3/1016 934/3/885
f 1081/3/886 1074/3/1018 1086/3/1001
f 1099/3/1026 1076/3/1020 1075/3/1019
f 1079/3/1025 1077/3/1027 1071/3/1014
f 1078/3/1023 1087/3/1028 1088/3/1029
f 1080/3/1024 1078/3/1023 1088/3/1029
f 1076/3/1020 1099/3/1026 1091/3/1030
f 1079/3/1025 1076/3/1020 1092/3/1031
f 1082/3/1022 1103/3/1032 1104/3/1033
f 934/3/885 1084/3/1034 1106/3/875
f 1085/3/1035 1094/3/1036 1086/3/1001
f 1077/3/1027 1079/3/1025 1101/3/1037
f 1087/3/1028 1082/3/1022 1104/3/1033
f 1084/3/1034 1090/3/1038 1106/3/875
f 789/3/917 797/3/736 788/3/734
f 792/3/1039 804/3/756 790/3/807
f 793/3/739 812/3/738 792/3/1039
f 794/3/743 795/3/741 800/3/747
f 798/3/806 803/3/746 797/3/736
f 804/3/756 803/3/746 798/3/806
f 801/3/742 796/3/744 806/3/750
f 803/3/746 809/3/751 802/3/735
f 804/3/756 810/3/754 803/3/746
f 812/3/738 811/3/755 804/3/756
f 799/3/737 800/3/747 814/3/758
f 800/3/747 805/3/740 815/3/757
f 801/3/742 806/3/750 816/3/759
f 817/3/749 830/3/769 807/3/748
f 808/3/745 818/3/768 817/3/749
f 820/3/752 825/3/767 819/3/753
f 813/3/760 814/3/758 827/3/771
f 814/3/758 815/3/757 828/3/772
f 823/3/762 807/3/748 830/3/769
f 825/3/767 832/3/764 824/3/766
f 826/3/770 821/3/761 834/3/777
f 822/3/763 829/3/773 837/3/779
f 829/3/773 830/3/769 837/3/779
f 833/3/776 842/3/783 832/3/764
f 834/3/777 843/3/785 833/3/776
f 837/3/779 838/3/775 839/3/780
f 843/3/785 848/3/792 842/3/783
f 843/3/785 835/3/786 849/3/794
f 855/3/789 854/3/801 846/3/790
f 841/3/784 856/3/799 840/3/765
f 847/3/791 857/3/800 841/3/784
f 848/3/792 857/3/800 847/3/791
f 851/3/788 852/3/787 861/3/804
f 852/3/787 853/3/798 862/3/803
f 855/3/789 863/3/802 854/3/801
f 858/3/795 865/3/809 857/3/800
f 856/3/799 871/3/814 863/3/802
f 866/3/808 874/3/816 865/3/809
f 860/3/797 868/3/812 877/3/820
f 872/3/813 873/3/817 880/3/823
f 873/3/817 874/3/816 881/3/827
f 875/3/818 883/3/829 874/3/816
f 877/3/820 894/3/832 876/3/821
f 878/3/822 894/3/832 877/3/820
f 876/3/821 892/3/838 884/3/830
f 894/3/832 893/3/839 876/3/821
f 886/3/826 896/3/846 885/3/831
f 882/3/828 891/3/837 901/3/841
f 896/3/846 887/3/849 902/3/847
f 897/3/842 904/3/852 900/3/845
f 901/3/841 891/3/837 906/3/853
f 891/3/837 892/3/838 907/3/854
f 898/3/843 902/3/847 909/3/857
f 905/3/851 914/3/864 904/3/852
f 906/3/853 915/3/866 905/3/851
f 907/3/854 919/3/863 906/3/853
f 908/3/856 909/3/857 923/3/872
f 903/3/848 910/3/858 924/3/868
f 911/3/850 913/3/865 918/3/871
f 930/3/859 927/3/883 916/3/862
f 909/3/857 920/3/879 923/3/872
f 909/3/857 912/3/860 921/3/869
f 914/3/864 915/3/866 926/3/877
f 919/3/863 940/3/878 915/3/866
f 921/3/869 1106/3/875 920/3/879
f 927/3/883 929/3/874 916/3/862
f 918/3/871 925/3/873 928/3/876
f 931/3/855 933/3/882 930/3/859
f 944/3/870 942/3/884 931/3/855
f 929/3/874 941/3/1040 940/3/878
f 965/3/912 955/3/892 968/3/909
f 950/3/904 949/3/1041 961/3/908
f 968/3/909 964/3/906 963/3/897
f 957/3/834 956/3/893 969/3/913
f 958/3/896 957/3/834 969/3/913
f 966/3/916 958/3/896 971/3/915
f 960/3/895 966/3/916 972/3/910
f 961/3/908 960/3/895 973/3/911
f 974/3/919 967/3/905 979/3/930
f 975/3/918 963/3/897 974/3/919
f 956/3/893 965/3/912 976/3/920
f 969/3/913 956/3/893 977/3/921
f 969/3/913 977/3/921 981/3/927
f 971/3/915 970/3/914 982/3/928
f 972/3/910 971/3/915 983/3/931
f 988/3/926 980/3/925 987/3/932
f 976/3/920 988/3/926 995/3/938
f 981/3/927 977/3/921 989/3/933
f 992/3/937 978/3/923 991/3/936
f 993/3/934 985/3/922 992/3/937
f 995/3/938 988/3/926 994/3/935
f 990/3/902 982/3/928 998/3/903
f 1001/3/939 994/3/935 1000/3/943
f 1009/3/948 993/3/934 1008/3/953
f 1010/3/950 993/3/934 1009/3/948
f 1011/3/954 1000/3/943 1010/3/950
f 1012/3/944 1001/3/939 1011/3/954
f 1002/3/945 1012/3/944 1018/3/955
f 1003/3/942 1002/3/945 1013/3/956
f 1006/3/946 1005/3/947 1015/3/957
f 1007/3/952 1006/3/946 1016/3/960
f 1018/3/955 1012/3/944 1017/3/961
f 1013/3/956 1018/3/955 1026/3/962
f 1004/3/951 1013/3/956 1019/3/963
f 1022/3/967 1016/3/960 1021/3/964
f 1023/3/966 1009/3/948 1022/3/967
f 1025/3/971 1017/3/961 1024/3/949
f 1026/3/962 1018/3/955 1025/3/971
f 1019/3/963 1026/3/962 1028/3/972
f 1020/3/958 1014/3/959 1029/3/968
f 1032/3/976 1022/3/967 1031/3/975
f 1035/3/980 1025/3/971 1034/3/979
f 1027/3/973 1026/3/962 1035/3/980
f 1036/3/969 1028/3/972 1044/3/981
f 1038/3/982 1030/3/974 1037/3/988
f 1034/3/979 1033/3/965 1041/3/987
f 1035/3/980 1034/3/979 1043/3/986
f 1027/3/973 1035/3/980 1043/3/986
f 1044/3/981 1027/3/973 1043/3/986
f 1047/3/990 1037/3/988 1046/3/989
f 1040/3/978 1039/3/977 1048/3/991
f 1041/3/987 1040/3/978 1048/3/991
f 1045/3/983 1051/3/994 1061/3/1007
f 1047/3/990 1046/3/989 1056/3/997
f 1048/3/991 1054/3/984 1057/3/1005
f 1055/3/999 1048/3/991 1057/3/1005
f 1061/3/1007 1051/3/994 1060/3/996
f 1046/3/989 1053/3/970 1062/3/1003
f 1054/3/984 1056/3/997 1063/3/1004
f 1065/3/1008 1061/3/1007 1064/3/1017
f 1056/3/997 1062/3/1003 1066/3/1009
f 1057/3/1005 1063/3/1004 1067/3/1015
f 1055/3/999 1057/3/1005 1068/3/1010
f 1058/3/992 1049/3/998 1069/3/1011
f 1072/3/1012 1050/3/993 1058/3/992
f 1064/3/1017 1061/3/1007 1060/3/996
f 1058/3/992 1069/3/1011 1072/3/1012
f 1068/3/1010 1067/3/1015 1077/3/1027
f 1069/3/1011 1068/3/1010 1078/3/1023
f 1076/3/1020 1062/3/1003 1075/3/1019
f 1077/3/1027 1067/3/1015 1071/3/1014
f 1068/3/1010 1077/3/1027 1082/3/1022
f 1083/3/1021 1080/3/1024 1089/3/1042
f 1070/3/1013 1083/3/1021 1090/3/1038
f 1073/3/1016 1070/3/1013 1090/3/1038
f 1084/3/1034 1073/3/1016 1090/3/1038
f 1092/3/1031 1076/3/1020 1091/3/1030
f 1078/3/1023 1082/3/1022 1087/3/1028
f 1099/3/1026 1075/3/1019 1081/3/886
f 1090/3/1038 1083/3/1021 1105/3/1043
f 807/3/748 796/3/744 787/3/733
f 792/3/1039 812/3/738 804/3/756
f 800/3/747 795/3/741 805/3/740
f 787/3/733 808/3/745 817/3/749
f 811/3/755 820/3/752 810/3/754
f 808/3/745 824/3/766 818/3/768
f 808/3/745 819/3/753 824/3/766
f 818/3/768 838/3/775 830/3/769
f 826/3/770 833/3/776 825/3/767
f 827/3/771 828/3/772 835/3/786
f 831/3/774 846/3/790 839/3/780
f 845/3/781 839/3/780 853/3/798
f 861/3/804 862/3/803 868/3/812
f 868/3/812 869/3/811 878/3/822
f 870/3/815 871/3/814 879/3/819
f 878/3/822 870/3/815 886/3/826
f 896/3/846 886/3/826 887/3/849
f 883/3/829 884/3/830 891/3/837
f 879/3/819 888/3/836 887/3/849
f 882/3/828 897/3/842 890/3/824
f 885/3/831 896/3/846 898/3/843
f 888/3/836 880/3/823 899/3/844
f 897/3/842 901/3/841 905/3/851
f 912/3/860 902/3/847 903/3/848
f 888/3/836 899/3/844 910/3/858
f 911/3/850 910/3/858 899/3/844
f 904/3/852 913/3/865 911/3/850
f 920/3/879 909/3/857 921/3/869
f 927/3/883 933/3/882 929/3/874
f 924/3/868 934/3/885 1106/3/875
f 961/3/908 949/3/1041 948/3/894
f 967/3/905 950/3/904 961/3/908
f 980/3/925 965/3/912 968/3/909
f 970/3/914 969/3/913 981/3/927
f 986/3/929 987/3/932 974/3/919
f 981/3/927 989/3/933 997/3/941
f 982/3/928 981/3/927 997/3/941
f 1008/3/953 999/3/901 1007/3/952
f 1016/3/960 1009/3/948 1008/3/953
f 1032/3/976 1033/3/965 1022/3/967
f 1053/3/970 1037/3/988 1029/3/968
f 1033/3/965 1032/3/976 1040/3/978
f 1058/3/992 1042/3/985 1041/3/987
f 1043/3/986 1042/3/985 1050/3/993
f 1038/3/982 1047/3/990 1054/3/984
f 1052/3/1006 1045/3/983 1061/3/1007
f 1062/3/1003 1053/3/970 1052/3/1006
f 1068/3/1010 1057/3/1005 1067/3/1015
f 1073/3/1016 1064/3/1017 1060/3/996
f 1075/3/1019 1065/3/1008 1074/3/1018
f 1079/3/1025 1071/3/1014 1066/3/1009
f 1086/3/1001 1074/3/1018 1085/3/1035
f 1093/3/1044 1082/3/1022 1077/3/1027
f 1089/3/1042 1080/3/1024 1088/3/1029
f 1096/3/1000 1097/3/887 1081/3/886
f 1101/3/1037 1093/3/1044 1077/3/1027
f 1105/3/1043 1083/3/1021 1089/3/1042
f 1074/3/1018 934/3/885 1085/3/1035
f 808/3/745 802/3/735 809/3/751
f 814/3/758 813/3/760 799/3/737
f 806/3/750 807/3/748 816/3/759
f 816/3/759 807/3/748 823/3/762
f 820/3/752 821/3/761 826/3/770
f 833/3/776 826/3/770 834/3/777
f 824/3/766 840/3/765 831/3/774
f 828/3/772 836/3/778 844/3/782
f 849/3/794 848/3/792 843/3/785
f 859/3/796 849/3/794 850/3/793
f 866/3/808 859/3/796 867/3/810
f 850/3/793 860/3/797 867/3/810
f 886/3/826 879/3/819 887/3/849
f 890/3/824 897/3/842 900/3/845
f 907/3/854 892/3/838 930/3/859
f 912/3/860 903/3/848 921/3/869
f 932/3/880 924/3/868 917/3/867
f 935/3/1045 932/3/880 936/3/881
f 922/3/861 928/3/876 1081/3/886
f 962/3/899 953/3/898 967/3/905
f 966/3/916 959/3/890 958/3/896
f 960/3/895 959/3/890 966/3/916
f 978/3/923 985/3/922 973/3/911
f 967/3/905 985/3/922 979/3/930
f 974/3/919 980/3/925 975/3/918
f 999/3/901 992/3/937 991/3/936
f 1021/3/964 1015/3/957 1020/3/958
f 1029/3/968 1037/3/988 1030/3/974
f 1038/3/982 1039/3/977 1031/3/975
f 1051/3/994 1045/3/983 1044/3/981
f 934/3/885 1073/3/1016 1084/3/1034
f 98/3/421 100/3/424 99/3/422
f 100/3/424 102/3/1827 101/3/425
f 101/3/425 102/3/1827 104/3/426
f 103/3/149 104/3/426 106/3/427
f 106/3/427 108/3/1828 107/3/150
f 107/3/150 108/3/1828 110/3/429
f 409/3/431 323/3/479 117/3/432
f 111/3/151 112/3/1829 98/3/421
f 110/3/429 112/3/1829 111/3/151
f 410/3/434 406/3/481 158/3/435
f 411/3/436 327/3/360 119/3/437
f 322/3/438 114/3/483 331/3/439
f 413/3/441 321/3/482 113/3/396
f 414/3/443 325/3/364 118/3/444
f 415/3/446 398/3/497 154/3/391
f 416/3/447 390/3/487 152/3/448
f 417/3/449 334/3/478 115/3/450
f 422/3/363 326/3/362 120/3/452
f 324/3/454 116/3/488 330/3/455
f 366/3/457 140/3/490 364/3/458
f 427/3/460 367/3/491 139/3/461
f 428/3/463 368/3/492 137/3/464
f 429/3/466 365/3/489 138/3/467
f 370/3/180 142/3/380 369/3/187
f 369/3/187 141/3/186 376/3/171
f 376/3/171 148/3/375 375/3/177
f 375/3/177 147/3/378 374/3/184
f 374/3/184 146/3/183 373/3/189
f 373/3/189 145/3/349 372/3/156
f 372/3/156 144/3/373 371/3/175
f 371/3/175 143/3/174 370/3/180
f 370/3/180 369/3/187 376/3/171
f 376/3/171 375/3/177 374/3/184
f 374/3/184 373/3/189 372/3/156
f 372/3/156 371/3/175 370/3/180
f 370/3/180 376/3/171 374/3/184
f 438/3/469 392/3/496 149/3/418
f 439/3/470 391/3/495 150/3/196
f 440/3/471 389/3/486 151/3/386
f 442/3/472 397/3/485 156/3/473
f 443/3/397 399/3/400 155/3/393
f 444/3/474 400/3/398 153/3/417
f 446/3/475 407/3/499 160/3/420
f 447/3/476 405/3/480 157/3/405
f 448/3/477 408/3/498 159/3/415
f 334/3/478 409/3/431 329/3/433
f 134/3/381 360/3/167 409/3/431
f 360/3/167 126/3/369 323/3/479
f 410/3/434 401/3/404 157/3/405
f 361/3/468 410/3/434 405/3/480
f 361/3/468 138/3/467 406/3/481
f 321/3/482 411/3/436 328/3/399
f 131/3/376 359/3/164 411/3/436
f 359/3/164 123/3/361 327/3/360
f 412/3/440 331/3/439 120/3/452
f 355/3/350 412/3/440 326/3/362
f 130/3/351 322/3/438 412/3/440
f 413/3/441 332/3/442 114/3/483
f 346/3/377 413/3/441 322/3/438
f 346/3/377 131/3/376 321/3/482
f 414/3/443 336/3/445 117/3/432
f 341/3/484 414/3/443 323/3/479
f 341/3/484 125/3/346 325/3/364
f 415/3/446 394/3/394 156/3/473
f 331/3/439 415/3/446 397/3/485
f 114/3/483 398/3/497 415/3/446
f 416/3/447 388/3/385 151/3/386
f 336/3/445 416/3/447 389/3/486
f 336/3/445 118/3/444 390/3/487
f 417/3/449 335/3/451 116/3/488
f 349/3/382 417/3/449 324/3/454
f 349/3/382 134/3/381 334/3/478
f 422/3/363 333/3/453 119/3/437
f 423/3/456 330/3/455 118/3/444
f 133/3/345 324/3/454 423/3/456
f 424/3/459 364/3/458 138/3/467
f 357/3/354 424/3/459 365/3/489
f 136/3/355 366/3/457 424/3/459
f 427/3/460 362/3/462 140/3/490
f 352/3/372 427/3/460 366/3/457
f 352/3/372 129/3/371 367/3/491
f 367/3/491 428/3/463 363/3/465
f 129/3/371 356/3/158 428/3/463
f 356/3/158 121/3/494 368/3/492
f 429/3/466 361/3/468 137/3/464
f 344/3/493 429/3/466 368/3/492
f 344/3/493 128/3/356 365/3/489
f 438/3/469 387/3/194 150/3/196
f 335/3/451 438/3/469 391/3/495
f 335/3/451 115/3/450 392/3/496
f 439/3/470 386/3/387 152/3/448
f 330/3/455 439/3/470 390/3/487
f 116/3/488 391/3/495 439/3/470
f 440/3/471 385/3/197 149/3/418
f 115/3/450 329/3/433 440/3/471
f 329/3/433 117/3/432 389/3/486
f 442/3/472 396/3/392 155/3/393
f 333/3/453 442/3/472 399/3/400
f 333/3/453 120/3/452 397/3/485
f 443/3/397 393/3/191 153/3/417
f 444/3/474 395/3/389 154/3/391
f 332/3/442 444/3/474 398/3/497
f 332/3/442 113/3/396 400/3/398
f 446/3/475 404/3/406 158/3/435
f 364/3/458 446/3/475 406/3/481
f 140/3/490 407/3/499 446/3/475
f 447/3/476 403/3/401 159/3/415
f 139/3/461 363/3/465 447/3/476
f 363/3/465 137/3/464 405/3/480
f 448/3/477 402/3/419 160/3/420
f 362/3/462 448/3/477 407/3/499
f 362/3/462 139/3/461 408/3/498
f 701/3/639 715/3/683 714/3/640
f 711/3/653 712/3/656 722/3/654
f 707/3/642 718/3/661 724/3/662
f 700/3/679 691/3/681 692/3/680
f 763/3/688 764/3/732 750/3/689
f 760/3/702 770/3/710 771/3/703
f 773/3/711 767/3/709 756/3/691
f 749/3/728 755/3/706 741/3/729
f 799/3/737 813/3/760 812/3/738
f 809/3/751 810/3/754 820/3/752
f 811/3/755 812/3/738 813/3/760
f 805/3/740 816/3/759 823/3/762
f 832/3/764 841/3/784 840/3/765
f 836/3/778 837/3/779 845/3/781
f 844/3/782 845/3/781 852/3/787
f 858/3/795 848/3/792 849/3/794
f 851/3/788 861/3/804 860/3/797
f 854/3/801 862/3/803 853/3/798
f 863/3/802 869/3/811 862/3/803
f 798/3/806 789/3/917 790/3/807
f 864/3/805 873/3/817 872/3/813
f 864/3/805 865/3/809 874/3/816
f 874/3/816 866/3/808 867/3/810
f 860/3/797 876/3/821 875/3/818
f 870/3/815 878/3/822 869/3/811
f 872/3/813 880/3/823 879/3/819
f 880/3/823 881/3/827 890/3/824
f 945/3/833 956/3/893 957/3/834
f 946/3/835 958/3/896 959/3/890
f 948/3/894 947/3/891 959/3/890
f 963/3/897 954/3/907 953/3/898
f 999/3/901 991/3/936 990/3/902
f 995/3/938 994/3/935 1001/3/939
f 996/3/940 1002/3/945 1003/3/942
f 1006/3/946 998/3/903 997/3/941
f 1009/3/948 1023/3/966 1024/3/949
f 1033/3/965 1034/3/979 1024/3/949
f 1029/3/968 1028/3/972 1036/3/969
f 1032/3/976 1031/3/975 1039/3/977
f 1045/3/983 1052/3/1006 1053/3/970
f 1051/3/994 1050/3/993 1059/3/995
f 1096/3/1000 1081/3/886 1086/3/1001
f 1082/3/1022 1093/3/1044 1103/3/1032
g SeaAngler_WhiteBase
usemtl WhiteBase
f 505/3/500 506/3/501 511/3/502
f 505/3/503 673/3/504 669/3/505
f 661/3/506 668/3/506 504/3/506
f 505/3/500 669/3/507 663/3/508
f 489/3/509 510/3/510 468/3/511
f 498/3/512 493/3/512 509/3/512
f 483/3/513 680/3/514 515/3/515
f 490/3/516 505/3/517 511/3/518
f 482/3/519 477/3/520 504/3/521
f 471/3/522 482/3/519 505/3/523
f 505/3/523 482/3/519 504/3/521
f 476/3/524 511/3/525 481/3/526
f 504/3/521 491/3/527 661/3/528
f 493/3/529 499/3/529 509/3/529
f 678/3/530 509/3/531 499/3/532
f 498/3/533 509/3/533 479/3/533
f 509/3/531 678/3/530 664/5/534
f 506/3/535 663/3/535 512/3/535
f 506/3/536 502/3/537 511/3/538
f 558/3/539 557/3/540 563/3/541
f 673/3/542 557/3/543 669/3/544
f 661/3/545 556/3/545 668/3/545
f 557/3/540 663/3/546 669/3/547
f 526/3/548 531/3/549 522/3/550
f 550/3/551 561/3/551 545/3/551
f 567/3/552 565/3/553 535/3/554
f 542/3/555 557/3/556 523/3/557
f 534/3/558 556/3/559 529/3/560
f 523/3/561 557/3/562 534/3/558
f 557/3/562 556/3/559 534/3/558
f 528/3/563 563/3/564 542/3/565
f 556/3/559 543/3/566 529/3/560
f 545/3/567 561/3/568 551/3/569
f 678/3/532 551/3/569 561/3/568
f 550/3/570 531/3/570 561/3/570
f 561/3/571 664/5/571 678/3/571
f 558/3/572 564/3/573 663/3/574
f 558/3/572 554/3/575 564/3/573
f 610/3/539 609/3/540 615/3/541
f 673/3/542 609/3/543 669/3/544
f 661/3/545 608/3/545 668/3/545
f 609/3/540 663/3/546 669/3/547
f 578/3/548 583/3/549 574/3/550
f 602/3/551 613/3/551 597/3/551
f 619/3/552 617/3/553 587/3/554
f 594/3/555 609/3/556 575/3/557
f 586/3/558 608/3/559 581/3/560
f 575/3/561 609/3/562 586/3/558
f 609/3/562 608/3/559 586/3/558
f 580/3/563 615/3/564 594/3/565
f 608/3/559 595/3/566 581/3/560
f 597/3/567 613/3/568 603/3/569
f 678/3/532 603/3/569 613/3/568
f 602/3/570 583/3/570 613/3/570
f 613/3/571 664/5/571 678/3/571
f 610/3/572 616/3/573 663/3/574
f 610/3/572 606/3/575 616/3/573
f 666/3/500 667/3/501 676/3/502
f 666/3/503 673/3/504 669/3/505
f 661/3/506 668/3/506 665/3/506
f 666/3/500 669/3/507 663/3/508
f 647/3/509 675/3/510 625/3/511
f 656/3/512 651/3/512 674/3/512
f 640/3/513 680/3/514 684/3/515
f 648/3/516 666/3/517 676/3/518
f 639/3/519 634/3/520 665/3/521
f 628/3/522 639/3/519 666/3/523
f 666/3/523 639/3/519 665/3/521
f 633/3/524 676/3/525 638/3/526
f 665/3/521 649/3/527 661/3/528
f 651/3/529 657/3/529 674/3/529
f 678/3/530 674/3/531 657/3/532
f 656/3/533 674/3/533 636/3/533
f 674/3/531 678/3/530 664/5/534
f 667/3/535 663/3/535 677/3/535
f 667/3/536 660/3/537 676/3/538
f 1648/3/1537 1627/3/1538 1671/3/1539
f 1651/3/1540 1628/3/1541 1672/3/1542
f 1652/3/1543 1653/3/1544 1673/3/1545
f 1655/3/1546 1630/3/1547 1675/3/1548
f 1656/3/1549 1657/3/1550 1676/3/1551
f 1678/3/1552 1921/3/1553 1941/3/1554
f 1660/3/1555 1661/3/1556 1679/3/1557
f 1618/3/1558 1663/3/1559 1644/3/1560
f 1647/3/1561 1625/3/1562 1663/3/1559
f 1607/3/1563 1668/3/1564 1633/3/1565
f 1646/3/1566 1644/3/1560 1668/3/1564
f 1619/3/1567 1671/3/1539 1649/3/1568
f 1608/3/1569 1649/3/1568 1625/3/1562
f 1620/3/1570 1672/3/1542 1653/3/1544
f 1610/3/1571 1673/3/1545 1627/3/1538
f 1621/3/1572 1675/3/1548 1657/3/1550
f 1612/3/1573 1676/3/1551 1628/3/1541
f 1661/3/1556 1659/3/1574 1678/3/1552
f 1614/3/1575 1679/3/1557 1630/3/1547
f 1688/3/1576 1683/3/1577 1686/3/1578
f 1683/3/1577 2005/3/1579 2006/3/1580
f 1682/3/1581 1683/3/1577 1687/3/1582
f 2011/3/1583 1686/3/1578 2006/3/1580
f 2002/3/1584 1688/3/1576 2011/3/1583
f 1685/3/1585 1687/3/1582 1688/3/1576
f 2014/3/1586 1690/3/1587 1689/3/1588
f 1682/3/1581 2014/3/1586 1689/3/1588
f 1691/3/1589 1694/3/115 1697/3/1590
f 2018/3/1591 1692/3/1592 2020/3/1593
f 1692/3/1592 1696/3/106 1690/3/1587
f 2016/3/1594 1692/3/1592 1690/3/1587
f 2005/3/1579 1691/3/1589 2018/3/1591
f 1693/3/16 1696/3/106 1694/3/115
f 1696/3/106 1697/3/1590 1694/3/115
f 1690/3/1587 1695/3/1595 1689/3/1588
f 1691/3/1589 1698/3/1596 1692/3/1592
f 1689/3/1588 1693/3/16 1682/3/1581
f 1682/3/1581 1694/3/115 1684/3/1597
f 1726/3/1598 1747/3/1599 1770/3/1600
f 1727/3/1601 1750/3/1602 1771/3/1603
f 1752/3/1604 1751/3/1605 1772/3/1606
f 1729/3/1607 1754/3/1608 1774/3/1609
f 1756/3/1610 1755/3/1611 1775/3/1612
f 1777/3/1613 1921/3/1614 1758/3/1615
f 1760/3/1616 1759/3/1617 1778/3/1618
f 1717/3/1619 1762/3/1620 1746/3/1621
f 1746/3/1621 1724/3/1622 1707/3/1623
f 1706/3/1624 1767/3/1625 1745/3/1626
f 1745/3/1626 1743/3/1627 1717/3/1619
f 1770/3/1600 1718/3/1628 1748/3/1629
f 1748/3/1629 1707/3/1623 1724/3/1622
f 1771/3/1603 1719/3/1630 1752/3/1604
f 1772/3/1606 1709/3/1631 1726/3/1598
f 1774/3/1609 1720/3/1632 1756/3/1610
f 1775/3/1612 1711/3/1633 1727/3/1601
f 1760/3/1616 1758/3/1615 1721/3/1634
f 1778/3/1618 1713/3/1635 1729/3/1607
f 1787/3/1636 1782/3/1637 1786/3/1638
f 1782/3/1637 2006/3/1639 1783/3/1640
f 1786/3/1638 1783/3/1640 1781/3/1641
f 2011/3/1642 1785/3/1643 1787/3/1636
f 2002/3/1644 1787/3/1636 1784/3/1645
f 1784/3/1645 1786/3/1638 1780/3/1646
f 1789/3/1647 2014/3/1648 1788/3/1649
f 1781/3/1641 2014/3/1648 2001/3/1650
f 1790/3/1651 1793/3/141 1783/3/1640
f 2018/3/1652 1791/3/1653 1790/3/1651
f 1795/3/131 1791/3/1653 1789/3/1647
f 1791/3/1653 2016/3/1654 1789/3/1647
f 2005/3/1655 1790/3/1651 1783/3/1640
f 1795/3/131 1792/3/50 1793/3/141
f 1796/3/1656 1795/3/131 1793/3/141
f 1788/3/1649 1795/3/131 1789/3/1647
f 1797/3/1657 1790/3/1651 1791/3/1653
f 1792/3/50 1788/3/1649 1781/3/1641
f 1793/3/141 1781/3/1641 1783/3/1640
f 1825/3/1598 1846/3/1599 1869/3/1600
f 1826/3/1601 1849/3/1602 1870/3/1603
f 1851/3/1604 1850/3/1605 1871/3/1606
f 1828/3/1607 1853/3/1608 1873/3/1609
f 1855/3/1610 1854/3/1611 1874/3/1612
f 1876/3/1613 1921/3/1614 1857/3/1615
f 1859/3/1616 1858/3/1617 1877/3/1618
f 1816/3/1619 1861/3/1620 1845/3/1621
f 1845/3/1621 1823/3/1622 1806/3/1623
f 1805/3/1624 1866/3/1625 1844/3/1626
f 1844/3/1626 1842/3/1627 1816/3/1619
f 1869/3/1600 1817/3/1628 1847/3/1629
f 1847/3/1629 1806/3/1623 1823/3/1622
f 1870/3/1603 1818/3/1630 1851/3/1604
f 1871/3/1606 1808/3/1631 1825/3/1598
f 1873/3/1609 1819/3/1632 1855/3/1610
f 1874/3/1612 1810/3/1633 1826/3/1601
f 1859/3/1616 1857/3/1615 1820/3/1634
f 1877/3/1618 1812/3/1635 1828/3/1607
f 1886/3/1636 1881/3/1637 1885/3/1638
f 1881/3/1637 2006/3/1639 1882/3/1640
f 1885/3/1638 1882/3/1640 1880/3/1641
f 2011/3/1642 1884/3/1643 1886/3/1636
f 2002/3/1644 1886/3/1636 1883/3/1645
f 1883/3/1645 1885/3/1638 1879/3/1646
f 1888/3/1647 2014/3/1648 1887/3/1649
f 1880/3/1641 2014/3/1648 2001/3/1650
f 1889/3/1651 1892/3/141 1882/3/1640
f 2018/3/1652 1890/3/1653 1889/3/1651
f 1894/3/131 1890/3/1653 1888/3/1647
f 1890/3/1653 2016/3/1654 1888/3/1647
f 2005/3/1655 1889/3/1651 1882/3/1640
f 1894/3/131 1891/3/50 1892/3/141
f 1895/3/1656 1894/3/131 1892/3/141
f 1887/3/1649 1894/3/131 1888/3/1647
f 1896/3/1657 1889/3/1651 1890/3/1653
f 1891/3/50 1887/3/1649 1880/3/1641
f 1892/3/141 1880/3/1641 1882/3/1640
f 1963/3/1537 1933/3/1538 1986/3/1539
f 1966/3/1540 1935/3/1541 1987/3/1542
f 1967/3/1543 1968/3/1544 1988/3/1545
f 1970/3/1546 1938/3/1547 1990/3/1548
f 1971/3/1549 1972/3/1550 1991/3/1551
f 1993/3/1552 1921/3/1553 1941/3/1554
f 1975/3/1555 1976/3/1556 1994/3/1557
f 1924/3/1558 1978/3/1559 1959/3/1560
f 1962/3/1561 1931/3/1562 1978/3/1559
f 1908/3/1563 1983/3/1564 1944/3/1565
f 1961/3/1566 1959/3/1560 1983/3/1564
f 1925/3/1567 1986/3/1539 1964/3/1568
f 1910/3/1569 1964/3/1568 1931/3/1562
f 1926/3/1570 1987/3/1542 1968/3/1544
f 1912/3/1571 1988/3/1545 1933/3/1538
f 1927/3/1572 1990/3/1548 1972/3/1550
f 1915/3/1573 1991/3/1551 1935/3/1541
f 1976/3/1556 1974/3/1574 1993/3/1552
f 1918/3/1575 1994/3/1557 1938/3/1547
f 1997/3/202 2000/3/202 1999/3/202
f 2013/3/1576 2007/3/1577 2010/3/1578
f 2007/3/1577 2005/3/1579 2006/3/1580
f 2002/3/202 2006/3/202 2005/3/202
f 2004/3/1581 2007/3/1577 2012/3/1582
f 2005/3/202 2014/3/202 2001/3/202
f 2011/3/1583 2010/3/1578 2006/3/1580
f 2002/3/1584 2013/3/1576 2011/3/1583
f 2009/3/1585 2012/3/1582 2013/3/1576
f 2014/3/1586 2017/3/1587 2015/3/1588
f 2004/3/1581 2014/3/1586 2015/3/1588
f 2019/3/1589 2023/3/115 2026/3/1590
f 2005/3/202 2020/3/202 2016/3/202
f 2018/3/1591 2021/3/1592 2020/3/1593
f 2021/3/1592 2025/3/106 2017/3/1587
f 2016/3/1594 2021/3/1592 2017/3/1587
f 2005/3/1579 2019/3/1589 2018/3/1591
f 2022/3/16 2025/3/106 2023/3/115
f 2025/3/106 2026/3/1590 2023/3/115
f 2017/3/1587 2024/3/1595 2015/3/1588
f 2019/3/1589 2027/3/1596 2021/3/1592
f 2015/3/1588 2022/3/16 2004/3/1581
f 2004/3/1581 2023/3/115 2008/3/1597
f 505/3/500 663/3/508 506/3/501
f 505/3/503 508/3/1830 673/3/504
f 480/3/1831 475/3/1832 489/3/509
f 489/3/509 470/3/1833 481/3/1834
f 481/3/1834 511/3/1835 510/3/510
f 510/3/510 479/3/1836 473/3/1837
f 473/3/1837 485/3/1838 468/3/511
f 468/3/511 474/3/1839 487/3/1839
f 469/3/1840 480/3/1831 489/3/509
f 468/3/511 487/3/1839 469/3/1840
f 510/3/510 473/3/1837 468/3/511
f 489/3/509 481/3/1834 510/3/510
f 468/3/511 469/3/1840 489/3/509
f 515/3/515 472/3/1841 483/3/513
f 483/3/513 513/3/615 680/3/514
f 490/3/516 471/3/1842 505/3/517
f 476/3/524 490/3/1843 511/3/525
f 504/3/521 477/3/520 491/3/527
f 506/3/536 512/3/1844 502/3/537
f 558/3/539 663/3/546 557/3/540
f 673/3/542 560/3/1845 557/3/543
f 521/3/1846 539/3/1847 526/3/548
f 526/3/548 520/3/1848 537/3/1849
f 537/3/1849 525/3/1850 531/3/549
f 531/3/549 562/3/1851 563/3/1852
f 563/3/1852 533/3/1853 522/3/550
f 522/3/550 541/3/1854 527/3/1855
f 532/3/1856 521/3/1846 526/3/548
f 522/3/550 527/3/1855 532/3/1856
f 531/3/549 563/3/1852 522/3/550
f 526/3/548 537/3/1849 531/3/549
f 522/3/550 532/3/1856 526/3/548
f 535/3/554 524/3/1857 567/3/552
f 567/3/552 680/3/1858 565/3/553
f 542/3/555 563/3/1859 557/3/556
f 528/3/563 533/3/1860 563/3/564
f 556/3/559 661/3/1861 543/3/566
f 558/3/572 563/3/1862 554/3/575
f 610/3/539 663/3/546 609/3/540
f 673/3/542 612/3/1845 609/3/543
f 573/3/1846 591/3/1847 578/3/548
f 578/3/548 572/3/1848 589/3/1849
f 589/3/1849 577/3/1850 583/3/549
f 583/3/549 614/3/1851 615/3/1852
f 615/3/1852 585/3/1853 574/3/550
f 574/3/550 593/3/1854 579/3/1855
f 584/3/1856 573/3/1846 578/3/548
f 574/3/550 579/3/1855 584/3/1856
f 583/3/549 615/3/1852 574/3/550
f 578/3/548 589/3/1849 583/3/549
f 574/3/550 584/3/1856 578/3/548
f 587/3/554 576/3/1857 619/3/552
f 619/3/552 680/3/1858 617/3/553
f 594/3/555 615/3/1859 609/3/556
f 580/3/563 585/3/1860 615/3/564
f 608/3/559 661/3/1861 595/3/566
f 610/3/572 615/3/1862 606/3/575
f 666/3/500 663/3/508 667/3/501
f 666/3/503 671/3/1830 673/3/504
f 637/3/1831 632/3/1832 647/3/509
f 647/3/509 627/3/1833 638/3/1834
f 638/3/1834 676/3/1835 675/3/510
f 675/3/510 636/3/1836 630/3/1837
f 630/3/1837 643/3/1838 625/3/511
f 625/3/511 631/3/1839 645/3/1839
f 626/3/1840 637/3/1831 647/3/509
f 625/3/511 645/3/1839 626/3/1840
f 675/3/510 630/3/1837 625/3/511
f 647/3/509 638/3/1834 675/3/510
f 625/3/511 626/3/1840 647/3/509
f 684/3/515 629/3/1841 640/3/513
f 640/3/513 682/3/615 680/3/514
f 648/3/516 628/3/1842 666/3/517
f 633/3/524 648/3/1843 676/3/525
f 665/3/521 634/3/520 649/3/527
f 667/3/536 677/3/1844 660/3/537
f 1648/3/1537 1610/3/1571 1627/3/1538
f 1651/3/1540 1612/3/1573 1628/3/1541
f 1652/3/1543 1620/3/1570 1653/3/1544
f 1655/3/1546 1614/3/1575 1630/3/1547
f 1656/3/1549 1621/3/1572 1657/3/1550
f 1678/3/1552 1659/3/1574 1921/3/1553
f 1660/3/1555 1622/3/1725 1661/3/1556
f 1618/3/1558 1647/3/1561 1663/3/1559
f 1647/3/1561 1608/3/1569 1625/3/1562
f 1607/3/1563 1646/3/1566 1668/3/1564
f 1646/3/1566 1618/3/1558 1644/3/1560
f 1619/3/1567 1648/3/1537 1671/3/1539
f 1608/3/1569 1619/3/1567 1649/3/1568
f 1620/3/1570 1651/3/1540 1672/3/1542
f 1610/3/1571 1652/3/1543 1673/3/1545
f 1621/3/1572 1655/3/1546 1675/3/1548
f 1612/3/1573 1656/3/1549 1676/3/1551
f 1661/3/1556 1622/3/1725 1659/3/1574
f 1614/3/1575 1660/3/1555 1679/3/1557
f 1688/3/1576 1687/3/1582 1683/3/1577
f 1683/3/1577 1684/3/1597 2005/3/1579
f 2006/3/1580 1686/3/1578 1683/3/1577
f 1687/3/1582 1681/3/2028 1682/3/1581
f 1682/3/1581 1684/3/1597 1683/3/1577
f 2011/3/1583 1688/3/1576 1686/3/1578
f 2002/3/1584 1685/3/1585 1688/3/1576
f 1685/3/1585 1681/3/2028 1687/3/1582
f 2014/3/1586 2016/3/1594 1690/3/1587
f 1682/3/1581 2001/3/2029 2014/3/1586
f 1691/3/1589 1684/3/1597 1694/3/115
f 2018/3/1591 1691/3/1589 1692/3/1592
f 1692/3/1592 1698/3/1596 1696/3/106
f 2016/3/1594 2020/3/1593 1692/3/1592
f 2005/3/1579 1684/3/1597 1691/3/1589
f 1693/3/16 1695/3/1595 1696/3/106
f 1696/3/106 1698/3/1596 1697/3/1590
f 1690/3/1587 1696/3/106 1695/3/1595
f 1691/3/1589 1697/3/1590 1698/3/1596
f 1689/3/1588 1695/3/1595 1693/3/16
f 1682/3/1581 1693/3/16 1694/3/115
f 1726/3/1598 1709/3/1631 1747/3/1599
f 1727/3/1601 1711/3/1633 1750/3/1602
f 1752/3/1604 1719/3/1630 1751/3/1605
f 1729/3/1607 1713/3/1635 1754/3/1608
f 1756/3/1610 1720/3/1632 1755/3/1611
f 1777/3/1613 1941/3/1697 1921/3/1614
f 1760/3/1616 1721/3/1634 1759/3/1617
f 1717/3/1619 1743/3/1627 1762/3/1620
f 1746/3/1621 1762/3/1620 1724/3/1622
f 1706/3/1624 1732/3/1681 1767/3/1625
f 1745/3/1626 1767/3/1625 1743/3/1627
f 1770/3/1600 1747/3/1599 1718/3/1628
f 1748/3/1629 1718/3/1628 1707/3/1623
f 1771/3/1603 1750/3/1602 1719/3/1630
f 1772/3/1606 1751/3/1605 1709/3/1631
f 1774/3/1609 1754/3/1608 1720/3/1632
f 1775/3/1612 1755/3/1611 1711/3/1633
f 1760/3/1616 1777/3/1613 1758/3/1615
f 1778/3/1618 1759/3/1617 1713/3/1635
f 1787/3/1636 1785/3/1643 1782/3/1637
f 1782/3/1637 1785/3/1643 2006/3/1639
f 2006/3/1639 2005/3/1655 1783/3/1640
f 1781/3/1641 1780/3/1646 1786/3/1638
f 1786/3/1638 1782/3/1637 1783/3/1640
f 2011/3/1642 2006/3/1639 1785/3/1643
f 2002/3/1644 2011/3/1642 1787/3/1636
f 1784/3/1645 1787/3/1636 1786/3/1638
f 1789/3/1647 2016/3/1654 2014/3/1648
f 1781/3/1641 1788/3/1649 2014/3/1648
f 1790/3/1651 1796/3/1656 1793/3/141
f 2018/3/1652 2020/3/2030 1791/3/1653
f 1795/3/131 1797/3/1657 1791/3/1653
f 1791/3/1653 2020/3/2030 2016/3/1654
f 2005/3/1655 2018/3/1652 1790/3/1651
f 1795/3/131 1794/3/2031 1792/3/50
f 1796/3/1656 1797/3/1657 1795/3/131
f 1788/3/1649 1794/3/2031 1795/3/131
f 1797/3/1657 1796/3/1656 1790/3/1651
f 1792/3/50 1794/3/2031 1788/3/1649
f 1793/3/141 1792/3/50 1781/3/1641
f 1825/3/1598 1808/3/1631 1846/3/1599
f 1826/3/1601 1810/3/1633 1849/3/1602
f 1851/3/1604 1818/3/1630 1850/3/1605
f 1828/3/1607 1812/3/1635 1853/3/1608
f 1855/3/1610 1819/3/1632 1854/3/1611
f 1876/3/1613 1941/3/1697 1921/3/1614
f 1859/3/1616 1820/3/1634 1858/3/1617
f 1816/3/1619 1842/3/1627 1861/3/1620
f 1845/3/1621 1861/3/1620 1823/3/1622
f 1805/3/1624 1831/3/1681 1866/3/1625
f 1844/3/1626 1866/3/1625 1842/3/1627
f 1869/3/1600 1846/3/1599 1817/3/1628
f 1847/3/1629 1817/3/1628 1806/3/1623
f 1870/3/1603 1849/3/1602 1818/3/1630
f 1871/3/1606 1850/3/1605 1808/3/1631
f 1873/3/1609 1853/3/1608 1819/3/1632
f 1874/3/1612 1854/3/1611 1810/3/1633
f 1859/3/1616 1876/3/1613 1857/3/1615
f 1877/3/1618 1858/3/1617 1812/3/1635
f 1886/3/1636 1884/3/1643 1881/3/1637
f 1881/3/1637 1884/3/1643 2006/3/1639
f 2006/3/1639 2005/3/1655 1882/3/1640
f 1880/3/1641 1879/3/1646 1885/3/1638
f 1885/3/1638 1881/3/1637 1882/3/1640
f 2011/3/1642 2006/3/1639 1884/3/1643
f 2002/3/1644 2011/3/1642 1886/3/1636
f 1883/3/1645 1886/3/1636 1885/3/1638
f 1888/3/1647 2016/3/1654 2014/3/1648
f 1880/3/1641 1887/3/1649 2014/3/1648
f 1889/3/1651 1895/3/1656 1892/3/141
f 2018/3/1652 2020/3/2030 1890/3/1653
f 1894/3/131 1896/3/1657 1890/3/1653
f 1890/3/1653 2020/3/2030 2016/3/1654
f 2005/3/1655 2018/3/1652 1889/3/1651
f 1894/3/131 1893/3/2031 1891/3/50
f 1895/3/1656 1896/3/1657 1894/3/131
f 1887/3/1649 1893/3/2031 1894/3/131
f 1896/3/1657 1895/3/1656 1889/3/1651
f 1891/3/50 1893/3/2031 1887/3/1649
f 1892/3/141 1891/3/50 1880/3/1641
f 1963/3/1537 1912/3/1571 1933/3/1538
f 1966/3/1540 1915/3/1573 1935/3/1541
f 1967/3/1543 1926/3/1570 1968/3/1544
f 1970/3/1546 1918/3/1575 1938/3/1547
f 1971/3/1549 1927/3/1572 1972/3/1550
f 1993/3/1552 1974/3/1574 1921/3/1553
f 1975/3/1555 1928/3/1725 1976/3/1556
f 1924/3/1558 1962/3/1561 1978/3/1559
f 1962/3/1561 1910/3/1569 1931/3/1562
f 1908/3/1563 1961/3/1566 1983/3/1564
f 1961/3/1566 1924/3/1558 1959/3/1560
f 1925/3/1567 1963/3/1537 1986/3/1539
f 1910/3/1569 1925/3/1567 1964/3/1568
f 1926/3/1570 1966/3/1540 1987/3/1542
f 1912/3/1571 1967/3/1543 1988/3/1545
f 1927/3/1572 1970/3/1546 1990/3/1548
f 1915/3/1573 1971/3/1549 1991/3/1551
f 1976/3/1556 1928/3/1725 1974/3/1574
f 1918/3/1575 1975/3/1555 1994/3/1557
f 1997/3/202 1998/3/202 2000/3/202
f 2013/3/1576 2012/3/1582 2007/3/1577
f 2007/3/1577 2008/3/1597 2005/3/1579
f 2006/3/1580 2010/3/1578 2007/3/1577
f 2005/3/202 2001/3/202 2002/3/202
f 2002/3/202 2011/3/202 2006/3/202
f 2012/3/1582 2003/3/2028 2004/3/1581
f 2004/3/1581 2008/3/1597 2007/3/1577
f 2005/3/202 2016/3/202 2014/3/202
f 2011/3/1583 2013/3/1576 2010/3/1578
f 2002/3/1584 2009/3/1585 2013/3/1576
f 2009/3/1585 2003/3/2028 2012/3/1582
f 2014/3/1586 2016/3/1594 2017/3/1587
f 2004/3/1581 2001/3/2029 2014/3/1586
f 2019/3/1589 2008/3/1597 2023/3/115
f 2005/3/202 2018/3/202 2020/3/202
f 2018/3/1591 2019/3/1589 2021/3/1592
f 2021/3/1592 2027/3/1596 2025/3/106
f 2016/3/1594 2020/3/1593 2021/3/1592
f 2005/3/1579 2008/3/1597 2019/3/1589
f 2022/3/16 2024/3/1595 2025/3/106
f 2025/3/106 2027/3/1596 2026/3/1590
f 2017/3/1587 2025/3/106 2024/3/1595
f 2019/3/1589 2026/3/1590 2027/3/1596
f 2015/3/1588 2024/3/1595 2022/3/16
f 2004/3/1581 2022/3/16 2023/3/115
g SeaAngler_Wood_woodhighquality1.jpg
usemtl Wood_woodhighquality1.jpg
f 503/6/576 509/5/576 664/7/576
f 507/8/577 672/9/577 673/10/577
f 504/11/578 508/12/578 505/13/578
f 504/11/579 672/9/580 507/8/581
f 510/14/582 467/15/583 479/16/584
f 508/12/585 507/8/585 673/10/585
f 467/15/586 509/5/586 503/17/586
f 555/6/587 664/7/587 561/5/587
f 559/8/588 673/10/589 672/9/590
f 560/12/591 556/11/591 557/13/591
f 556/11/592 672/9/593 668/18/594
f 519/15/595 562/14/596 531/16/597
f 560/12/598 673/10/589 559/8/588
f 519/15/599 555/17/599 561/5/599
f 607/6/587 664/7/587 613/5/587
f 611/8/588 673/10/589 672/9/590
f 612/12/591 608/11/591 609/13/591
f 608/11/592 672/9/593 668/18/594
f 571/15/595 614/14/596 583/16/597
f 612/12/598 673/10/589 611/8/588
f 571/15/599 607/17/599 613/5/599
f 662/6/576 674/5/576 664/7/576
f 670/8/577 672/9/577 673/10/577
f 665/11/578 671/12/578 666/13/578
f 665/11/579 672/9/580 670/8/581
f 675/14/582 624/15/583 636/16/584
f 671/12/585 670/8/585 673/10/585
f 624/15/586 674/5/586 662/17/586
f 1417/19/1348 1488/20/1348 1489/21/1348
f 1483/22/1349 1484/23/1350 1485/24/1351
f 1422/25/1 1492/26/1 1490/27/1
f 1428/28/1352 1435/29/1353 1427/30/1354
f 1431/31/1355 1432/32/1356 1435/33/1357
f 1428/34/1358 1429/35/1359 1436/36/1360
f 1432/32/1361 1474/37/1361 1433/38/1361
f 1433/38/1361 1475/39/1361 1434/40/1361
f 1429/35/1362 1464/41/1362 1470/42/1362
f 1440/43/1363 1476/44/1363 1439/45/1363
f 1434/40/1361 1477/46/1361 1440/47/1361
f 1425/48/1364 1476/49/1364 1469/50/1364
s 0
f 1438/3/1365 1442/3/1366 1444/3/4
s 1
f 1439/45/1367 1534/51/1368 1440/43/1369
f 1427/30/1370 1534/52/1371 1532/53/1372
f 1435/33/1373 1440/47/1374 1534/54/1375
f 1427/55/1376 1439/56/1377 1425/48/1
f 1452/57/1378 1420/58/1379 1418/59/1378
s 0
f 1437/3/5 1444/3/5 1443/3/5
f 1424/3/1380 1443/3/1381 1441/3/5
f 1426/3/5 1441/3/5 1442/3/5
s 1
f 1446/60/1382 1448/61/1382 1445/62/1382
f 1441/63/3 1445/64/3 1442/65/3
f 1443/66/1383 1446/67/1384 1441/68/1385
f 1448/69/1 1443/70/1 1444/71/1
f 1445/72/1386 1444/73/1386 1442/74/1386
f 1415/75/1387 1452/57/1378 1418/59/1378
f 1420/58/1388 1450/76/1388 1422/77/1388
f 1450/78/1389 1457/79/1390 1459/80/1391
f 1455/81/1392 1415/75/1392 1414/82/1392
f 1456/83/1393 1503/84/1393 1449/85/1393
f 1457/86/1394 1449/85/1394 1454/87/1394
f 1469/88/1395 1477/89/1395 1475/90/1395
s 0
f 1441/3/5 1458/3/5 1424/3/5
s 1
f 1422/77/3 1459/91/3 1441/92/3
f 1460/93/1396 1462/94/1396 1463/95/1396
f 1461/96/3 1424/97/3 1458/98/3
f 1457/99/1390 1461/100/208 1458/101/1397
f 1454/87/1 1462/102/1 1457/86/1
f 1460/103/1398 1454/104/1399 1424/105/1400
f 1468/106/1395 1475/90/1395 1474/107/1395
f 1467/108/1395 1474/107/1395 1473/109/1395
f 1466/110/1401 1473/109/1395 1472/111/1401
f 1465/112/1402 1472/111/1401 1471/113/1403
f 1464/114/1404 1471/113/1403 1470/115/1405
f 1431/31/1361 1473/116/1361 1432/32/1361
f 1431/31/1406 1471/117/1406 1472/118/1406
f 1430/119/1407 1470/120/1407 1471/117/1407
f 1423/121/1364 1469/50/1364 1468/122/1364
f 1421/123/1364 1468/122/1364 1467/124/1364
f 1419/125/1364 1467/124/1364 1466/126/1364
f 1419/125/1408 1465/127/1408 1417/128/1408
f 1417/128/1409 1464/129/1409 1416/130/1409
f 1479/131/1410 1480/132/1411 1478/133/1412
f 1480/134/1413 1482/135/1413 1478/136/1413
f 1479/137/3 1485/138/3 1481/139/3
f 1480/140/1414 1485/141/1414 1484/142/1414
f 1478/143/1415 1483/144/1415 1479/137/1415
f 1487/145/1416 1488/146/1417 1486/147/1418
f 1415/148/1419 1489/149/1419 1487/150/1419
f 1415/148/1420 1486/151/1420 1414/152/1420
f 1414/153/1421 1488/20/1421 1416/154/1421
f 1490/155/1422 1493/156/1422 1491/157/1422
f 1423/24/3 1493/158/3 1425/159/3
f 1498/160/1423 1500/161/1423 1501/162/1423
f 1422/163/1424 1491/164/1424 1423/165/1424
f 1494/166/1 1501/167/1 1497/168/1
f 1425/169/1425 1494/170/1426 1424/171/1426
s 0
f 1493/3/5 1495/3/5 1425/3/5
f 1492/3/1427 1496/3/4 1493/3/1428
s 1
f 1424/3/202 1497/3/5 1492/3/1429
f 1497/172/1430 1500/173/1431 1496/174/1422
f 1496/175/3 1499/176/3 1495/177/3
f 1494/178/1432 1499/179/1433 1498/180/1434
f 1503/181/1435 1504/182/1435 1502/183/1435
f 1455/184/1436 1502/185/1436 1504/186/1436
f 1449/187/202 1502/188/202 1414/189/1437
f 1456/190/1438 1504/191/208 1505/192/208
f 1416/193/1439 1415/194/1440 1414/189/1441
f 1427/55/1442 1425/48/1 1423/121/1443
f 1449/187/202 1414/189/1437 1454/104/1444
f 1414/189/1437 1418/195/1445 1422/196/1446
f 1509/19/1348 1582/20/1348 1508/154/1348
f 1577/22/1447 1578/23/1448 1576/197/1449
f 1514/25/1 1586/26/1 1516/198/1
f 1527/29/1450 1520/28/1451 1519/30/1452
f 1528/199/1453 1524/32/1454 1523/31/1455
f 1520/34/1456 1521/35/1457 1508/200/1458
f 1568/37/1459 1524/32/1459 1525/38/1459
f 1569/39/1459 1525/38/1459 1526/40/1459
f 1521/35/1460 1558/41/1460 1508/200/1460
f 1570/44/1461 1533/43/1461 1531/45/1461
f 1571/46/1459 1526/40/1459 1533/47/1459
f 1517/48/1462 1570/49/1462 1531/56/1462
s 0
f 1530/3/1463 1536/3/5 1518/3/1464
s 1
f 1531/45/1465 1534/51/1466 1532/201/1467
f 1519/30/1468 1534/52/1469 1527/29/1470
f 1527/33/1471 1533/47/1472 1526/40/1473
f 1531/56/1474 1519/55/1475 1517/48/1
f 1510/59/1378 1547/202/1379 1546/57/1378
s 0
f 1529/3/5 1538/3/5 1530/3/5
f 1516/3/1476 1537/3/4 1529/3/1477
f 1518/3/4 1535/3/4 1516/3/4
s 1
f 1542/61/1382 1540/60/1382 1539/62/1382
f 1535/63/3 1539/64/3 1540/203/3
f 1537/66/1478 1540/67/1479 1541/204/1480
f 1538/71/1 1541/205/1 1542/69/1
f 1538/73/1481 1539/72/1481 1536/74/1481
f 1510/59/1378 1545/206/1387 1507/75/1387
f 1512/58/1388 1544/76/1388 1547/202/1388
f 1544/78/1482 1552/80/1483 1551/79/1484
f 1507/75/1392 1549/81/1392 1506/82/1392
f 1543/85/1393 1599/207/1393 1550/83/1393
f 1543/85/1394 1551/86/1394 1548/87/1394
f 1571/89/1485 1563/88/1485 1569/90/1485
s 0
f 1535/3/5 1552/3/5 1553/3/5
s 1
f 1514/77/3 1553/91/3 1544/76/3
f 1557/95/1396 1555/208/1396 1554/93/1396
f 1516/97/3 1555/96/3 1552/98/3
f 1551/99/202 1555/100/202 1556/209/202
f 1548/87/1 1556/102/1 1557/210/1
f 1548/104/1486 1554/103/1487 1516/105/1488
f 1562/106/1485 1569/90/1485 1563/88/1485
f 1561/108/1485 1568/107/1485 1562/106/1485
f 1560/110/1489 1567/109/1485 1561/108/1485
f 1559/112/1490 1566/111/1489 1560/110/1489
f 1558/114/1491 1565/113/1492 1559/112/1490
f 1567/116/1459 1523/31/1459 1524/32/1459
f 1523/31/1493 1565/117/1493 1522/119/1493
f 1522/119/1494 1564/120/1494 1521/211/1494
f 1515/121/1462 1563/50/1462 1517/48/1462
f 1513/123/1462 1562/122/1462 1515/121/1462
f 1511/125/1462 1561/124/1462 1513/123/1462
f 1559/127/1495 1511/125/1495 1509/128/1495
f 1558/129/1496 1509/128/1496 1508/130/1496
f 1573/131/1497 1574/132/1498 1575/212/1499
f 1576/135/1413 1574/134/1413 1572/136/1413
f 1575/139/3 1577/144/3 1573/137/3
f 1574/140/1414 1579/141/1414 1575/174/1414
f 1577/144/1415 1572/143/1415 1573/137/1415
f 1582/146/1500 1581/145/1501 1580/147/1502
f 1507/148/1419 1583/149/1419 1509/168/1419
f 1580/151/1420 1507/148/1420 1506/152/1420
f 1582/20/1421 1506/153/1421 1508/154/1421
f 1587/156/1503 1584/155/1503 1585/157/1503
f 1587/158/3 1515/24/3 1517/159/3
f 1592/160/1423 1594/161/1423 1593/213/1423
f 1585/164/1424 1514/163/1424 1515/165/1424
f 1595/167/1 1588/166/1 1591/168/1
f 1517/169/1504 1588/170/1426 1589/169/4
s 0
f 1587/3/5 1589/3/5 1590/3/5
f 1586/3/1505 1590/3/1506 1591/3/5
f 1516/3/1507 1591/3/1508 1588/3/1507
s 1
f 1594/173/1509 1591/172/1510 1590/174/1503
f 1593/176/3 1590/175/3 1589/177/3
f 1588/178/1511 1593/179/1512 1589/214/1513
f 1596/183/1435 1599/215/1435 1597/181/1435
f 1598/186/1436 1506/216/1436 1549/184/1436
f 1596/188/208 1543/187/208 1506/189/1514
f 1550/190/1515 1598/191/202 1549/217/1516
f 1508/193/1517 1507/194/1518 1509/218/1519
f 1515/121/1520 1589/48/147 1519/55/1521
f 1543/187/208 1548/104/1522 1506/189/1514
f 1516/105/1523 1510/195/1524 1506/189/1514
f 504/11/578 507/8/578 508/12/578
f 504/11/579 668/18/1863 672/9/580
f 510/14/582 509/5/1864 467/15/583
f 560/12/591 559/8/591 556/11/591
f 556/11/592 559/8/1865 672/9/593
f 519/15/595 561/5/1866 562/14/596
f 612/12/591 611/8/591 608/11/591
f 608/11/592 611/8/1865 672/9/593
f 571/15/595 613/5/1866 614/14/596
f 665/11/578 670/8/578 671/12/578
f 665/11/579 668/18/1863 672/9/580
f 675/14/582 674/5/1864 624/15/583
f 1417/19/1348 1416/154/1348 1488/20/1348
f 1483/22/1349 1482/197/1961 1484/23/1350
f 1422/25/1 1424/198/1 1492/26/1
f 1428/28/1352 1436/219/1962 1435/29/1353
f 1433/38/1356 1434/40/1356 1435/33/1357
f 1435/33/1357 1436/199/1963 1429/211/1964
f 1435/33/1357 1429/211/1964 1430/119/1965
f 1432/32/1356 1433/38/1356 1435/33/1357
f 1435/33/1357 1430/119/1965 1431/31/1355
f 1428/34/1358 1416/200/1458 1429/35/1359
f 1432/32/1361 1473/116/1361 1474/37/1361
f 1433/38/1361 1474/37/1361 1475/39/1361
f 1429/35/1362 1416/200/1362 1464/41/1362
f 1440/43/1363 1477/220/1363 1476/44/1363
f 1434/40/1361 1475/39/1361 1477/46/1361
f 1425/48/1364 1439/56/1364 1476/49/1364
s 0
f 1438/3/1966 1426/3/4 1442/3/1365
s 1
f 1439/45/1367 1532/201/1967 1534/51/1368
f 1427/30/1370 1435/29/1968 1534/52/1371
f 1435/33/1373 1434/40/1356 1440/47/1374
f 1427/55/1376 1532/221/1969 1439/56/1377
f 1452/57/1378 1453/202/1379 1420/58/1379
s 0
f 1437/3/5 1438/3/5 1444/3/5
f 1424/3/1970 1437/3/5 1443/3/1971
f 1426/3/5 1424/3/5 1441/3/5
s 1
f 1446/60/1382 1447/222/1382 1448/61/1382
f 1441/63/3 1446/203/3 1445/64/3
f 1443/66/1383 1447/204/1972 1446/67/1384
f 1448/69/1 1447/205/1 1443/70/1
f 1445/72/1386 1448/223/1386 1444/73/1386
f 1415/75/1387 1451/206/1387 1452/57/1378
f 1420/58/1388 1453/202/1388 1450/76/1388
f 1450/78/1389 1453/224/1973 1452/225/1974
f 1452/225/1974 1451/226/1975 1455/227/1976
f 1455/227/1976 1456/228/1438 1457/79/1390
f 1452/225/1974 1455/227/1976 1457/79/1390
f 1450/78/1389 1452/225/1974 1457/79/1390
f 1457/79/1390 1458/80/1397 1459/80/1391
f 1455/81/1392 1451/206/1392 1415/75/1392
f 1456/83/1393 1505/207/1393 1503/84/1393
f 1457/86/1394 1456/83/1394 1449/85/1394
f 1469/88/1395 1476/229/1395 1477/89/1395
s 0
f 1441/3/5 1459/3/5 1458/3/5
s 1
f 1422/77/3 1450/76/3 1459/91/3
f 1460/93/1396 1461/208/1396 1462/94/1396
f 1461/96/3 1460/230/3 1424/97/3
f 1457/99/1390 1462/209/208 1461/100/208
f 1454/87/1 1463/210/1 1462/102/1
f 1460/103/1398 1463/231/1977 1454/104/1399
f 1468/106/1395 1469/88/1395 1475/90/1395
f 1467/108/1395 1468/106/1395 1474/107/1395
f 1466/110/1401 1467/108/1395 1473/109/1395
f 1465/112/1402 1466/110/1401 1472/111/1401
f 1464/114/1404 1465/112/1402 1471/113/1403
f 1431/31/1361 1472/118/1361 1473/116/1361
f 1431/31/1406 1430/119/1406 1471/117/1406
f 1430/119/1407 1429/211/1407 1470/120/1407
f 1423/121/1364 1425/48/1364 1469/50/1364
f 1421/123/1364 1423/121/1364 1468/122/1364
f 1419/125/1364 1421/123/1364 1467/124/1364
f 1419/125/1408 1466/126/1408 1465/127/1408
f 1417/128/1409 1465/127/1409 1464/129/1409
f 1479/131/1410 1481/212/1978 1480/132/1411
f 1480/134/1413 1484/232/1413 1482/135/1413
f 1479/137/3 1483/144/3 1485/138/3
f 1480/140/1414 1481/174/1414 1485/141/1414
f 1478/143/1415 1482/64/1415 1483/144/1415
f 1487/145/1416 1489/233/1979 1488/146/1417
f 1415/148/1419 1417/168/1419 1489/149/1419
f 1415/148/1420 1487/150/1420 1486/151/1420
f 1414/153/1421 1486/234/1421 1488/20/1421
f 1490/155/1422 1492/235/1422 1493/156/1422
f 1423/24/3 1491/236/3 1493/158/3
f 1498/160/1423 1499/213/1423 1500/161/1423
f 1422/163/1424 1490/142/1424 1491/164/1424
f 1494/166/1 1498/237/1 1501/167/1
f 1425/169/1425 1495/169/4 1494/170/1426
s 0
f 1493/3/5 1496/3/5 1495/3/5
f 1492/3/4 1497/3/1428 1496/3/1980
s 1
f 1424/3/202 1494/3/1981 1497/3/5
f 1497/172/1430 1501/238/1982 1500/173/1431
f 1496/175/3 1500/239/3 1499/176/3
f 1494/178/1432 1495/214/1983 1499/179/1433
f 1503/181/1435 1505/215/1435 1504/182/1435
f 1455/184/1436 1414/216/1436 1502/185/1436
f 1449/187/202 1503/240/202 1502/188/202
f 1456/190/1438 1455/217/1976 1504/191/208
f 1416/193/1439 1417/218/1984 1415/194/1440
f 1421/123/1985 1419/125/1975 1417/128/1986
f 1417/128/1986 1416/130/1987 1428/241/1988
f 1423/121/1443 1421/123/1985 1417/128/1986
f 1417/128/1986 1428/241/1988 1427/55/1442
f 1423/121/1443 1417/128/1986 1427/55/1442
f 1427/55/4 1495/48/4 1425/48/4
f 1424/105/1989 1454/104/1444 1414/189/1437
f 1414/189/1437 1415/194/1990 1418/195/1445
f 1418/195/1445 1420/242/1991 1422/196/1446
f 1422/196/1446 1424/105/1989 1414/189/1437
f 1509/19/1348 1583/21/1348 1582/20/1348
f 1577/22/1447 1579/24/1992 1578/23/1448
f 1514/25/1 1584/27/1 1586/26/1
f 1527/29/1450 1528/219/1993 1520/28/1451
f 1522/119/1994 1521/211/1995 1528/199/1453
f 1528/199/1453 1527/33/1996 1526/40/1997
f 1528/199/1453 1526/40/1997 1525/38/1454
f 1523/31/1455 1522/119/1994 1528/199/1453
f 1528/199/1453 1525/38/1454 1524/32/1454
f 1520/34/1456 1528/36/1998 1521/35/1457
f 1568/37/1459 1567/116/1459 1524/32/1459
f 1569/39/1459 1568/37/1459 1525/38/1459
f 1521/35/1460 1564/42/1460 1558/41/1460
f 1570/44/1461 1571/220/1461 1533/43/1461
f 1571/46/1459 1569/39/1459 1526/40/1459
f 1517/48/1462 1563/50/1462 1570/49/1462
s 0
f 1530/3/5 1538/3/1999 1536/3/2000
s 1
f 1531/45/1465 1533/43/2001 1534/51/1466
f 1519/30/1468 1532/53/2002 1534/52/1469
f 1527/33/1471 1534/54/2003 1533/47/1472
f 1531/56/1474 1532/221/2004 1519/55/1475
f 1510/59/1378 1512/58/1379 1547/202/1379
s 0
f 1529/3/5 1537/3/5 1538/3/5
f 1516/3/4 1535/3/2005 1537/3/2006
f 1518/3/4 1536/3/4 1535/3/4
s 1
f 1542/61/1382 1541/222/1382 1540/60/1382
f 1535/63/3 1536/65/3 1539/64/3
f 1537/66/1478 1535/68/2007 1540/67/1479
f 1538/71/1 1537/70/1 1541/205/1
f 1538/73/1481 1542/223/1481 1539/72/1481
f 1510/59/1378 1546/57/1378 1545/206/1387
f 1512/58/1388 1514/77/1388 1544/76/1388
f 1551/79/1484 1550/228/1515 1549/227/1516
f 1549/227/1516 1545/226/1990 1546/225/2008
f 1546/225/2008 1547/224/2009 1544/78/1482
f 1549/227/1516 1546/225/2008 1544/78/1482
f 1551/79/1484 1549/227/1516 1544/78/1482
f 1544/78/1482 1553/80/2 1552/80/1483
f 1507/75/1392 1545/206/1392 1549/81/1392
f 1543/85/1393 1597/84/1393 1599/207/1393
f 1543/85/1394 1550/83/1394 1551/86/1394
f 1571/89/1485 1570/229/1485 1563/88/1485
s 0
f 1535/3/5 1516/3/5 1552/3/5
s 1
f 1514/77/3 1535/92/3 1553/91/3
f 1557/95/1396 1556/94/1396 1555/208/1396
f 1516/97/3 1554/230/3 1555/96/3
f 1551/99/202 1552/101/202 1555/100/202
f 1548/87/1 1551/86/1 1556/102/1
f 1548/104/1486 1557/231/2010 1554/103/1487
f 1562/106/1485 1568/107/1485 1569/90/1485
f 1561/108/1485 1567/109/1485 1568/107/1485
f 1560/110/1489 1566/111/1489 1567/109/1485
f 1559/112/1490 1565/113/1492 1566/111/1489
f 1558/114/1491 1564/115/2011 1565/113/1492
f 1567/116/1459 1566/118/1459 1523/31/1459
f 1523/31/1493 1566/118/1493 1565/117/1493
f 1522/119/1494 1565/117/1494 1564/120/1494
f 1515/121/1462 1562/122/1462 1563/50/1462
f 1513/123/1462 1561/124/1462 1562/122/1462
f 1511/125/1462 1560/126/1462 1561/124/1462
f 1559/127/1495 1560/126/1495 1511/125/1495
f 1558/129/1496 1559/127/1496 1509/128/1496
f 1573/131/1497 1572/133/2012 1574/132/1498
f 1576/135/1413 1578/232/1413 1574/134/1413
f 1575/139/3 1579/138/3 1577/144/3
f 1574/140/1414 1578/142/1414 1579/141/1414
f 1577/144/1415 1576/64/1415 1572/143/1415
f 1582/146/1500 1583/233/2013 1581/145/1501
f 1507/148/1419 1581/150/1419 1583/149/1419
f 1580/151/1420 1581/150/1420 1507/148/1420
f 1582/20/1421 1580/234/1421 1506/153/1421
f 1587/156/1503 1586/235/1503 1584/155/1503
f 1587/158/3 1585/236/3 1515/24/3
f 1592/160/1423 1595/162/1423 1594/161/1423
f 1585/164/1424 1584/142/1424 1514/163/1424
f 1595/167/1 1592/237/1 1588/166/1
f 1517/169/1504 1516/171/1426 1588/170/1426
s 0
f 1587/3/5 1517/3/5 1589/3/5
f 1586/3/2014 1587/3/5 1590/3/1505
f 1516/3/1507 1586/3/4 1591/3/1507
s 1
f 1594/173/1509 1595/238/2015 1591/172/1510
f 1593/176/3 1594/239/3 1590/175/3
f 1588/178/1511 1592/180/2016 1593/179/1512
f 1596/183/1435 1598/182/1435 1599/215/1435
f 1598/186/1436 1596/185/1436 1506/216/1436
f 1596/188/208 1597/240/208 1543/187/208
f 1550/190/1515 1599/192/202 1598/191/202
f 1508/193/1517 1506/189/2017 1507/194/1518
f 1509/128/2018 1511/125/202 1513/123/2019
f 1509/128/2018 1513/123/2019 1515/121/1520
f 1520/241/2020 1508/130/1987 1509/128/2018
f 1520/241/2020 1509/128/2018 1515/121/1520
f 1519/55/1521 1520/241/2020 1515/121/1520
f 1515/121/1520 1517/48/2 1589/48/147
f 1506/189/1514 1548/104/1522 1516/105/1523
f 1516/105/1523 1514/196/2021 1512/242/2022
f 1510/195/1524 1507/194/2023 1506/189/1514
f 1516/105/1523 1512/242/2022 1510/195/1524
g SeaAngler_Material.001
usemtl Material.001
f 488/3/608 499/3/609 500/3/610
f 511/3/611 499/3/612 510/3/613
f 467/3/614 513/3/615 483/3/513
f 552/3/616 540/3/617 538/3/618
f 551/3/619 563/3/620 562/3/621
f 565/3/553 519/3/622 535/3/554
f 604/3/616 592/3/617 590/3/618
f 603/3/619 615/3/620 614/3/621
f 617/3/553 571/3/622 587/3/554
f 646/3/608 657/3/609 658/3/610
f 676/3/611 657/3/612 675/3/613
f 624/3/614 682/3/615 640/3/513
f 1153/3/1053 1277/3/1054 1258/3/5
f 1134/3/1055 1189/3/1056 1192/3/1057
f 1149/3/1058 1197/3/1059 1198/3/1060
f 1121/3/1061 1191/3/1062 1189/3/1056
f 1135/3/1063 1192/3/1057 1193/3/1064
f 1141/3/1065 1197/3/1059 1145/3/1066
f 1118/3/1067 1138/3/1068 1126/3/1069
f 1123/3/1070 1140/3/1071 1157/3/1072
f 1138/3/1068 1127/3/1073 1126/3/1069
f 1234/3/1074 1235/3/1075 1143/3/1076
f 1157/3/1072 1144/3/1077 1158/3/1078
f 1140/3/1071 1145/3/1066 1144/3/1077
f 1142/3/1079 1128/3/1080 1127/3/1073
f 1143/3/1076 1146/3/1081 1142/3/1079
f 1158/3/1078 1148/3/1082 1159/3/1083
f 1144/3/1077 1149/3/1058 1148/3/1082
f 1146/3/1081 1129/3/1084 1128/3/1080
f 1147/3/1085 1150/3/1086 1146/3/1081
f 1159/3/1083 1152/3/1087 1160/3/1088
f 1149/3/1058 1152/3/1087 1148/3/1082
f 1156/3/1089 1138/3/1068 1125/3/1090
f 1160/3/1088 1132/3/1091 1161/3/1092
s 0
f 1131/3/1093 1174/3/5 1161/3/1094
f 1143/3/1095 1168/3/4 1147/3/1096
f 1161/3/1097 1173/3/4 1160/3/1098
f 1139/3/1099 1167/3/5 1143/3/1100
f 1160/3/1101 1172/3/4 1159/3/1102
s 1
f 1212/3/1103 1183/3/1104 1207/3/1105
f 1166/3/1106 1180/3/1107 1167/3/1108
f 1173/3/1109 1187/3/1110 1186/3/1111
f 1168/3/1112 1180/3/1107 1181/3/1113
f 1173/3/1109 1185/3/1114 1172/3/1115
f 1157/3/1072 1202/3/1116 1162/3/1117
s 0
f 1147/3/1118 1169/3/4 1151/3/1119
f 1158/3/1120 1170/3/4 1157/3/1121
f 1151/3/1122 1165/3/5 1131/3/1123
f 1159/3/1124 1171/3/4 1158/3/1125
f 1130/3/1126 1166/3/5 1139/3/1127
s 1
f 1124/3/1128 1201/3/1129 1164/3/1130
f 1123/3/1070 1200/3/1131 1163/3/1132
f 1161/3/1092 1278/3/1133 1250/3/1134
f 1133/3/1135 1134/3/1055 1153/3/1053
f 1122/3/1136 1270/3/1137 1288/3/1136
f 1153/3/1053 1259/3/1138 1152/3/1087
f 1137/3/1139 1275/3/1140 1136/3/1140
f 1120/3/1141 1274/3/1139 1137/3/1139
f 1156/3/1089 1223/3/144 1216/3/144
f 1129/3/1084 1282/3/1142 1128/3/1080
f 1156/3/1089 1285/3/1143 1255/3/1144
f 1129/3/1084 1261/3/1145 1281/3/1146
f 1140/3/1071 1270/3/1137 1141/3/1065
f 1126/3/1069 1291/3/1147 1118/3/1067
f 1122/3/1136 1289/3/1141 1120/3/1141
f 1118/3/1067 1285/3/1143 1125/3/1090
f 1119/3/1148 1280/3/1149 1130/3/1150
f 1151/3/1151 1279/3/1152 1260/3/1153
f 1130/3/1150 1286/3/1149 1124/3/1128
f 1150/3/1086 1260/3/1153 1261/3/1145
f 1134/3/1055 1276/3/1063 1277/3/1054
f 1223/3/144 1394/3/4 1229/3/4
f 1127/3/1073 1284/3/1154 1126/3/1069
f 1217/3/147 1224/3/147 1290/3/147
f 1152/3/1087 1278/3/1133 1132/3/1091
f 1140/3/1071 1287/3/1155 1271/3/1156
f 1135/3/1063 1275/3/1140 1276/3/1063
f 1131/3/1157 1250/3/1134 1279/3/1152
f 1128/3/1080 1283/3/1158 1127/3/1073
f 1124/3/1128 1287/3/1155 1123/3/1070
f 1182/3/1159 1187/3/1110 1178/3/1160
f 1181/3/1113 1186/3/1111 1182/3/1159
f 1180/3/1107 1185/3/1114 1181/3/1113
f 1204/3/1161 1184/3/1162 1180/3/1107
f 1203/3/1163 1204/3/1161 1177/3/1164
f 1169/3/1165 1178/3/1160 1165/3/1166
f 1213/3/1167 1176/3/1168 1205/3/1169
f 1165/3/1166 1187/3/1110 1174/3/1170
f 1171/3/1171 1183/3/1104 1209/3/1172
f 1206/3/1173 1210/3/1174 1177/3/1164
f 1208/3/1175 1203/3/1163 1214/3/1176
f 1172/3/1115 1184/3/1162 1171/3/1171
f 1169/3/1165 1181/3/1113 1182/3/1159
f 1192/3/1057 1191/3/1062 1199/3/1177
f 1188/3/1178 1196/3/1179 1190/3/1180
f 1196/3/1179 1194/3/1181 1197/3/1059
f 1197/3/1059 1193/3/1064 1198/3/1060
f 1193/3/1064 1199/3/1177 1198/3/1060
f 1149/3/1058 1199/3/1177 1153/3/1053
f 1153/3/1053 1191/3/1062 1133/3/1135
f 1136/3/1140 1195/3/1182 1137/3/1139
f 1120/3/1141 1190/3/1180 1122/3/1136
f 1122/3/1136 1196/3/1179 1141/3/1065
f 1135/3/1063 1194/3/1181 1136/3/1140
f 1137/3/1139 1188/3/1178 1120/3/1141
f 1212/3/1103 1207/3/1105 1175/3/1183
f 1162/3/1117 1212/3/1103 1208/3/1175
f 1202/3/1116 1209/3/1172 1212/3/1103
f 1213/3/1167 1177/3/1164 1210/3/1174
f 1201/3/1129 1210/3/1174 1164/3/1130
f 1163/3/1132 1213/3/1167 1201/3/1129
f 1164/3/1130 1206/3/1173 1179/3/1184
f 1214/3/1176 1176/3/1168 1211/3/1185
f 1200/3/1131 1211/3/1185 1163/3/1132
f 1162/3/1117 1214/3/1176 1200/3/1131
f 1225/3/4 1398/3/4 1230/3/4
f 1226/3/4 1227/3/4 1231/3/4
f 1220/3/144 1228/3/4 1232/3/4
f 1229/3/4 1389/3/4 1225/3/4
f 1228/3/4 1225/3/4 1218/3/4
f 1216/3/144 1229/3/4 1228/3/4
f 1230/3/4 1257/3/147 1224/3/147
f 1227/3/4 1224/3/147 1217/3/147
f 1218/3/4 1230/3/4 1227/3/4
f 1221/3/147 1227/3/4 1217/3/147
f 1154/3/1186 1231/3/4 1221/3/147
f 1222/3/1187 1226/3/4 1231/3/4
f 1232/3/4 1218/3/4 1226/3/4
f 1219/3/1188 1226/3/4 1215/3/1189
f 1155/3/1190 1232/3/4 1219/3/1188
f 1235/3/1075 1215/3/1189 1222/3/1187
f 1119/3/1148 1139/3/1191 1233/3/1192
f 1119/3/1148 1235/3/1075 1222/3/1187
f 1215/3/1189 1236/3/1193 1219/3/1188
f 1236/3/1193 1156/3/1089 1155/3/1190
f 1208/3/1175 1212/3/1103 1175/3/1183
s 0
f 1287/3/1194 1248/3/5 1286/3/1195
f 1286/3/2 1247/3/2 1280/3/2
f 1280/3/1196 1245/3/5 1272/3/1197
f 1252/3/1198 1240/3/5 1253/3/1199
f 1260/3/1200 1246/3/5 1279/3/1201
f 1253/3/2 1241/3/2 1254/3/2
f 1264/3/1202 1242/3/5 1260/3/1203
f 1254/3/1204 1249/3/5 1287/3/1205
s 1
f 1249/3/1206 1245/3/1207 1247/3/1208
f 1245/3/1207 1240/3/1209 1244/3/1210
f 1244/3/1210 1239/3/1211 1243/3/1212
f 1243/3/1212 1238/3/1213 1242/3/1214
f 1242/3/1214 1237/3/1215 1246/3/1216
s 0
f 1251/3/1217 1239/3/5 1252/3/1218
f 1272/3/1219 1244/3/5 1268/3/1220
f 1250/3/1221 1238/3/5 1251/3/1222
f 1268/3/1223 1243/3/5 1264/3/1224
f 1279/3/1225 1237/3/4 1250/3/1226
s 1
f 1251/3/1227 1278/3/202 1250/3/1226
f 1290/3/202 1255/3/202 1389/3/202
f 1263/3/202 1258/3/202 1259/3/202
f 1252/3/1218 1259/3/202 1251/3/1227
f 1264/3/1224 1261/3/202 1265/3/202
f 1265/3/202 1281/3/202 1282/3/202
f 1267/3/202 1262/3/202 1263/3/202
f 1253/3/1228 1263/3/202 1252/3/1218
f 1268/3/1220 1265/3/202 1269/3/202
f 1269/3/202 1282/3/202 1283/3/202
f 1271/3/202 1266/3/202 1267/3/202
f 1254/3/1229 1267/3/202 1253/3/1228
f 1272/3/1230 1269/3/202 1273/3/202
f 1273/3/202 1283/3/202 1284/3/202
f 1287/3/1205 1271/3/202 1254/3/1229
f 1291/3/202 1273/3/202 1284/3/202
f 1276/3/202 1258/3/202 1262/3/202
f 1266/3/202 1276/3/202 1262/3/202
f 1270/3/202 1275/3/202 1266/3/202
f 1289/3/202 1270/3/202 1288/3/202
f 1277/3/1054 1327/3/1231 1258/3/5
f 1308/3/1232 1363/3/1233 1295/3/1234
f 1323/3/1235 1371/3/1236 1319/3/1237
f 1295/3/1234 1365/3/1238 1307/3/1239
f 1309/3/1063 1366/3/1240 1308/3/1232
f 1371/3/1236 1315/3/1241 1319/3/1237
f 1292/3/1242 1312/3/1243 1299/3/1244
f 1297/3/1245 1331/3/1246 1314/3/1247
f 1301/3/1248 1312/3/1243 1300/3/1249
f 1316/3/1250 1317/3/1251 1411/3/1252
f 1331/3/1246 1318/3/1253 1314/3/1247
f 1314/3/1247 1319/3/1237 1315/3/1241
f 1302/3/1254 1316/3/1250 1301/3/1248
f 1320/3/1255 1317/3/1251 1316/3/1250
f 1332/3/1256 1322/3/1257 1318/3/1253
f 1318/3/1253 1323/3/1235 1319/3/1237
f 1303/3/1258 1320/3/1255 1302/3/1254
f 1324/3/1259 1321/3/1260 1320/3/1255
f 1333/3/1261 1326/3/1262 1322/3/1257
f 1326/3/1262 1323/3/1235 1322/3/1257
f 1330/3/1263 1299/3/1244 1312/3/1243
f 1334/3/1264 1306/3/1265 1326/3/1262
s 0
f 1305/3/1266 1348/3/1267 1339/3/5
f 1317/3/1268 1342/3/1269 1341/3/5
f 1335/3/1270 1347/3/1271 1348/3/5
f 1313/3/1272 1341/3/1273 1340/3/5
f 1334/3/1274 1346/3/1275 1347/3/5
s 1
f 1386/3/1276 1357/3/1277 1383/3/1172
f 1354/3/1278 1340/3/1279 1341/3/1280
f 1347/3/1281 1361/3/1282 1348/3/1283
f 1342/3/1284 1354/3/1278 1341/3/1280
f 1359/3/1285 1347/3/1281 1346/3/1286
f 1297/3/1245 1376/3/1287 1344/3/1288
s 0
f 1321/3/1289 1343/3/1290 1342/3/5
f 1332/3/1291 1344/3/1292 1345/3/5
f 1325/3/1293 1339/3/1294 1343/3/5
f 1333/3/1295 1345/3/1296 1346/3/5
f 1304/3/1297 1340/3/1298 1338/3/4
s 1
f 1304/3/1299 1375/3/1300 1337/3/1301
f 1298/3/1302 1374/3/1303 1336/3/1304
f 1335/3/1305 1278/3/1306 1306/3/1265
f 1307/3/1239 1308/3/1232 1295/3/1234
f 1288/3/1136 1315/3/1241 1296/3/1136
f 1259/3/1138 1327/3/1231 1326/3/1262
f 1275/3/1140 1311/3/1139 1310/3/1140
f 1274/3/1139 1294/3/1141 1311/3/1139
f 1400/3/144 1256/3/144 1330/3/1263
f 1282/3/1142 1303/3/1258 1302/3/1254
f 1330/3/1263 1285/3/1143 1299/3/1244
f 1303/3/1258 1261/3/1145 1324/3/1259
f 1270/3/1137 1314/3/1247 1315/3/1241
f 1291/3/1147 1300/3/1249 1292/3/1242
f 1289/3/1141 1296/3/1136 1294/3/1141
f 1285/3/1143 1292/3/1242 1299/3/1244
f 1280/3/1149 1293/3/1307 1304/3/1299
f 1260/3/1153 1305/3/1308 1325/3/1309
f 1286/3/1149 1304/3/1299 1298/3/1302
f 1324/3/1259 1260/3/1153 1325/3/1309
f 1308/3/1232 1276/3/1063 1309/3/1063
f 1394/3/4 1400/3/144 1406/3/4
f 1300/3/1249 1283/3/1158 1301/3/1248
f 1290/3/147 1392/3/147 1397/3/147
f 1306/3/1265 1259/3/1138 1326/3/1262
f 1314/3/1247 1287/3/1155 1297/3/1245
f 1276/3/1063 1310/3/1140 1309/3/1063
f 1305/3/1308 1250/3/1134 1335/3/1305
f 1301/3/1248 1282/3/1142 1302/3/1254
f 1287/3/1155 1298/3/1302 1297/3/1245
f 1356/3/1310 1361/3/1282 1360/3/1311
f 1355/3/1312 1360/3/1311 1359/3/1285
f 1354/3/1278 1359/3/1285 1358/3/1313
f 1354/3/1278 1357/3/1277 1378/3/1314
f 1351/3/1315 1378/3/1314 1381/3/1316
f 1352/3/1317 1343/3/1318 1339/3/1319
f 1387/3/1320 1350/3/1321 1385/3/1322
f 1361/3/1282 1339/3/1319 1348/3/1283
f 1383/3/1172 1358/3/1313 1345/3/1323
f 1380/3/1324 1351/3/1315 1384/3/1174
f 1377/3/1325 1382/3/1326 1388/3/1327
f 1358/3/1313 1346/3/1286 1345/3/1323
f 1343/3/1318 1355/3/1312 1342/3/1284
f 1365/3/1238 1366/3/1240 1373/3/1328
f 1370/3/1329 1362/3/1330 1364/3/1331
f 1370/3/1329 1368/3/1332 1369/3/1333
f 1371/3/1236 1367/3/1334 1368/3/1332
f 1373/3/1328 1367/3/1334 1372/3/1335
f 1373/3/1328 1323/3/1235 1327/3/1231
f 1365/3/1238 1327/3/1231 1307/3/1239
f 1369/3/1333 1310/3/1140 1311/3/1139
f 1364/3/1331 1294/3/1141 1296/3/1136
f 1370/3/1329 1296/3/1136 1315/3/1241
f 1368/3/1332 1309/3/1063 1310/3/1140
f 1362/3/1330 1311/3/1139 1294/3/1141
f 1386/3/1276 1349/3/1336 1381/3/1316
f 1336/3/1304 1386/3/1276 1376/3/1287
f 1376/3/1287 1383/3/1172 1344/3/1288
f 1351/3/1315 1387/3/1320 1384/3/1174
f 1384/3/1174 1375/3/1300 1338/3/1337
f 1387/3/1320 1337/3/1301 1375/3/1300
f 1353/3/1338 1384/3/1174 1338/3/1337
f 1350/3/1321 1388/3/1327 1385/3/1322
f 1385/3/1322 1374/3/1303 1337/3/1301
f 1388/3/1327 1336/3/1304 1374/3/1303
f 1398/3/4 1402/3/4 1407/3/4
f 1404/3/4 1403/3/4 1408/3/4
f 1405/3/4 1396/3/144 1409/3/4
f 1389/3/4 1406/3/4 1402/3/4
f 1402/3/4 1405/3/4 1393/3/4
f 1406/3/4 1391/3/144 1405/3/4
f 1257/3/147 1407/3/4 1401/3/147
f 1401/3/147 1404/3/4 1392/3/147
f 1407/3/4 1393/3/4 1404/3/4
f 1397/3/147 1404/3/4 1408/3/4
f 1328/3/1339 1408/3/4 1399/3/1340
f 1399/3/1340 1403/3/4 1390/3/1341
f 1393/3/4 1409/3/4 1403/3/4
f 1403/3/4 1395/3/1342 1390/3/1341
f 1409/3/4 1329/3/1343 1395/3/1342
f 1390/3/1341 1412/3/1344 1399/3/1340
f 1293/3/1307 1313/3/1345 1304/3/1299
f 1399/3/1340 1410/3/1346 1293/3/1307
f 1390/3/1341 1413/3/1347 1411/3/1252
f 1329/3/1343 1312/3/1243 1413/3/1347
f 1382/3/1326 1349/3/1336 1386/3/1276
f 1663/3/1559 1601/3/1658 1635/3/1659
f 1668/3/1564 1609/3/1660 1626/3/1661
f 1644/3/1560 1635/3/1659 1609/3/1660
f 1633/3/1565 1626/3/1661 1600/3/1662
f 1671/3/1539 1602/3/1663 1637/3/1664
f 1649/3/1568 1637/3/1664 1611/3/1665
f 1625/3/1562 1611/3/1665 1601/3/1658
f 1672/3/1542 1604/3/1666 1639/3/1667
f 1653/3/1544 1639/3/1667 1613/3/1668
f 1673/3/1545 1613/3/1668 1629/3/1669
f 1627/3/1538 1629/3/1669 1602/3/1663
f 1675/3/1548 1605/3/1670 1641/3/1671
f 1657/3/1550 1641/3/1671 1615/3/1672
f 1676/3/1551 1615/3/1672 1631/3/1673
f 1628/3/1541 1631/3/1673 1604/3/1666
f 1661/3/1556 1643/3/1674 1617/3/1675
f 1679/3/1557 1617/3/1675 1632/3/1676
f 1630/3/1547 1632/3/1676 1605/3/1670
f 1643/3/1674 1941/3/1554 1996/3/1677
f 1762/3/1620 1700/3/1678 1724/3/1622
f 1767/3/1625 1708/3/1679 1743/3/1627
f 1743/3/1627 1734/3/1680 1762/3/1620
f 1732/3/1681 1725/3/1682 1767/3/1625
f 1701/3/1683 1770/3/1600 1736/3/1684
f 1736/3/1684 1748/3/1629 1710/3/1685
f 1710/3/1685 1724/3/1622 1700/3/1678
f 1703/3/1686 1771/3/1603 1738/3/1687
f 1738/3/1687 1752/3/1604 1712/3/1688
f 1712/3/1688 1772/3/1606 1728/3/1689
f 1728/3/1689 1726/3/1598 1701/3/1683
f 1704/3/1690 1774/3/1609 1740/3/1691
f 1740/3/1691 1756/3/1610 1714/3/1692
f 1714/3/1692 1775/3/1612 1730/3/1693
f 1730/3/1693 1727/3/1601 1703/3/1686
f 1742/3/1694 1760/3/1616 1716/3/1695
f 1716/3/1695 1778/3/1618 1731/3/1696
f 1731/3/1696 1729/3/1607 1704/3/1690
f 1742/3/1694 1941/3/1697 1777/3/1613
f 1861/3/1620 1799/3/1678 1823/3/1622
f 1866/3/1625 1807/3/1679 1842/3/1627
f 1842/3/1627 1833/3/1680 1861/3/1620
f 1831/3/1681 1824/3/1682 1866/3/1625
f 1800/3/1683 1869/3/1600 1835/3/1684
f 1835/3/1684 1847/3/1629 1809/3/1685
f 1809/3/1685 1823/3/1622 1799/3/1678
f 1802/3/1686 1870/3/1603 1837/3/1687
f 1837/3/1687 1851/3/1604 1811/3/1688
f 1811/3/1688 1871/3/1606 1827/3/1689
f 1827/3/1689 1825/3/1598 1800/3/1683
f 1803/3/1690 1873/3/1609 1839/3/1691
f 1839/3/1691 1855/3/1610 1813/3/1692
f 1813/3/1692 1874/3/1612 1829/3/1693
f 1829/3/1693 1826/3/1601 1802/3/1686
f 1841/3/1694 1859/3/1616 1815/3/1695
f 1815/3/1695 1877/3/1618 1830/3/1696
f 1830/3/1696 1828/3/1607 1803/3/1690
f 1841/3/1694 1941/3/1697 1876/3/1613
f 1978/3/1559 1900/3/1658 1947/3/1659
f 1983/3/1564 1911/3/1660 1932/3/1661
f 1959/3/1560 1947/3/1659 1911/3/1660
f 1944/3/1565 1932/3/1661 1899/3/1662
f 1986/3/1539 1902/3/1663 1949/3/1664
f 1964/3/1568 1949/3/1664 1913/3/1665
f 1931/3/1562 1913/3/1665 1900/3/1658
f 1987/3/1542 1904/3/1666 1951/3/1667
f 1968/3/1544 1951/3/1667 1916/3/1668
f 1988/3/1545 1916/3/1668 1936/3/1669
f 1933/3/1538 1936/3/1669 1902/3/1663
f 1990/3/1548 1906/3/1670 1954/3/1671
f 1972/3/1550 1954/3/1671 1919/3/1672
f 1991/3/1551 1919/3/1672 1939/3/1673
f 1935/3/1541 1939/3/1673 1904/3/1666
f 1976/3/1556 1957/3/1674 1922/3/1675
f 1994/3/1557 1922/3/1675 1942/3/1676
f 1938/3/1547 1942/3/1676 1906/3/1670
f 1957/3/1674 1941/3/1554 1996/3/1677
f 494/3/1867 496/3/1868 486/3/1869
f 486/3/1869 501/3/1870 495/3/1871
f 495/3/1871 497/3/1872 488/3/608
f 488/3/608 502/3/1873 512/3/1874
f 679/3/1875 678/3/1876 499/3/609
f 488/3/608 512/3/1874 679/3/1875
f 486/3/1869 495/3/1871 488/3/608
f 500/3/610 484/3/1877 494/3/1867
f 494/3/1867 486/3/1869 488/3/608
f 488/3/608 679/3/1875 499/3/609
f 499/3/609 492/3/1878 500/3/610
f 500/3/610 494/3/1867 488/3/608
f 511/3/611 502/3/1879 499/3/612
f 467/3/614 503/3/1880 513/3/615
f 546/3/1881 536/3/1882 552/3/616
f 552/3/616 544/3/1883 551/3/1884
f 551/3/1884 678/3/1876 679/3/1885
f 679/3/1885 564/3/1886 554/3/1887
f 540/3/617 549/3/1888 547/3/1889
f 679/3/1885 554/3/1887 540/3/617
f 552/3/616 551/3/1884 679/3/1885
f 548/3/1890 546/3/1881 552/3/616
f 547/3/1889 553/3/1891 538/3/618
f 538/3/618 548/3/1890 552/3/616
f 552/3/616 679/3/1885 540/3/617
f 540/3/617 547/3/1889 538/3/618
f 551/3/619 554/3/1892 563/3/620
f 565/3/553 555/3/1893 519/3/622
f 598/3/1881 588/3/1882 604/3/616
f 604/3/616 596/3/1883 603/3/1884
f 603/3/1884 678/3/1876 679/3/1885
f 679/3/1885 616/3/1886 606/3/1887
f 592/3/617 601/3/1888 599/3/1889
f 679/3/1885 606/3/1887 592/3/617
f 604/3/616 603/3/1884 679/3/1885
f 600/3/1890 598/3/1881 604/3/616
f 599/3/1889 605/3/1891 590/3/618
f 590/3/618 600/3/1890 604/3/616
f 604/3/616 679/3/1885 592/3/617
f 592/3/617 599/3/1889 590/3/618
f 603/3/619 606/3/1892 615/3/620
f 617/3/553 607/3/1893 571/3/622
f 652/3/1867 654/3/1868 644/3/1869
f 644/3/1869 659/3/1870 653/3/1871
f 653/3/1871 655/3/1872 646/3/608
f 646/3/608 660/3/1873 677/3/1874
f 679/3/1875 678/3/1876 657/3/609
f 646/3/608 677/3/1874 679/3/1875
f 644/3/1869 653/3/1871 646/3/608
f 658/3/610 642/3/1877 652/3/1867
f 652/3/1867 644/3/1869 646/3/608
f 646/3/608 679/3/1875 657/3/609
f 657/3/609 650/3/1878 658/3/610
f 658/3/610 652/3/1867 646/3/608
f 676/3/611 660/3/1879 657/3/612
f 624/3/614 662/3/1880 682/3/615
f 1153/3/1053 1134/3/1055 1277/3/1054
f 1134/3/1055 1121/3/1061 1189/3/1056
f 1149/3/1058 1145/3/1066 1197/3/1059
f 1121/3/1061 1133/3/1135 1191/3/1062
f 1135/3/1063 1134/3/1055 1192/3/1057
f 1141/3/1065 1196/3/1179 1197/3/1059
f 1118/3/1067 1125/3/1090 1138/3/1068
f 1138/3/1068 1142/3/1079 1127/3/1073
f 1142/3/1079 1138/3/1068 1236/3/1193
f 1142/3/1079 1236/3/1193 1234/3/1074
f 1233/3/1192 1139/3/1191 1143/3/1076
f 1235/3/1075 1233/3/1192 1143/3/1076
f 1143/3/1076 1142/3/1079 1234/3/1074
f 1157/3/1072 1140/3/1071 1144/3/1077
f 1140/3/1071 1141/3/1065 1145/3/1066
f 1142/3/1079 1146/3/1081 1128/3/1080
f 1143/3/1076 1147/3/1085 1146/3/1081
f 1158/3/1078 1144/3/1077 1148/3/1082
f 1144/3/1077 1145/3/1066 1149/3/1058
f 1146/3/1081 1150/3/1086 1129/3/1084
f 1147/3/1085 1151/3/1151 1150/3/1086
f 1159/3/1083 1148/3/1082 1152/3/1087
f 1149/3/1058 1153/3/1053 1152/3/1087
f 1160/3/1088 1152/3/1087 1132/3/1091
s 0
f 1131/3/5 1165/3/1900 1174/3/1901
f 1143/3/5 1167/3/1902 1168/3/1903
f 1161/3/5 1174/3/1904 1173/3/1905
f 1139/3/5 1166/3/1906 1167/3/1907
f 1160/3/4 1173/3/1908 1172/3/1909
s 1
f 1212/3/1103 1209/3/1172 1183/3/1104
f 1166/3/1106 1179/3/1184 1180/3/1107
f 1173/3/1109 1174/3/1170 1187/3/1110
f 1168/3/1112 1167/3/1108 1180/3/1107
f 1173/3/1109 1186/3/1111 1185/3/1114
f 1157/3/1072 1170/3/1910 1202/3/1116
f 1162/3/1117 1123/3/1070 1157/3/1072
s 0
f 1147/3/4 1168/3/1911 1169/3/1912
f 1158/3/4 1171/3/1913 1170/3/1914
f 1151/3/5 1169/3/1915 1165/3/1916
f 1159/3/4 1172/3/1917 1171/3/1918
f 1130/3/4 1164/3/1919 1166/3/1920
s 1
f 1124/3/1128 1163/3/1132 1201/3/1129
f 1164/3/1130 1130/3/1150 1124/3/1128
f 1123/3/1070 1162/3/1117 1200/3/1131
f 1163/3/1132 1124/3/1128 1123/3/1070
f 1161/3/1092 1132/3/1091 1278/3/1133
f 1133/3/1135 1121/3/1061 1134/3/1055
f 1122/3/1136 1141/3/1065 1270/3/1137
f 1153/3/1053 1258/3/5 1259/3/1138
f 1137/3/1139 1274/3/1139 1275/3/1140
f 1120/3/1141 1289/3/1141 1274/3/1139
f 1220/3/144 1155/3/1190 1156/3/1089
f 1156/3/1089 1255/3/1144 1256/3/144
f 1156/3/1089 1256/3/144 1223/3/144
f 1216/3/144 1220/3/144 1156/3/1089
f 1129/3/1084 1281/3/1146 1282/3/1142
f 1156/3/1089 1125/3/1090 1285/3/1143
f 1129/3/1084 1150/3/1086 1261/3/1145
f 1140/3/1071 1271/3/1156 1270/3/1137
f 1126/3/1069 1284/3/1154 1291/3/1147
f 1122/3/1136 1288/3/1136 1289/3/1141
f 1118/3/1067 1291/3/1147 1285/3/1143
f 1119/3/1148 1290/3/147 1280/3/1149
f 1151/3/1151 1131/3/1157 1279/3/1152
f 1130/3/1150 1280/3/1149 1286/3/1149
f 1150/3/1086 1151/3/1151 1260/3/1153
f 1134/3/1055 1135/3/1063 1276/3/1063
f 1223/3/144 1256/3/144 1394/3/4
f 1127/3/1073 1283/3/1158 1284/3/1154
f 1290/3/147 1119/3/1148 1154/3/1186
f 1290/3/147 1154/3/1186 1221/3/147
f 1224/3/147 1257/3/147 1290/3/147
f 1290/3/147 1221/3/147 1217/3/147
f 1152/3/1087 1259/3/1138 1278/3/1133
f 1140/3/1071 1123/3/1070 1287/3/1155
f 1135/3/1063 1136/3/1140 1275/3/1140
f 1131/3/1157 1161/3/1092 1250/3/1134
f 1128/3/1080 1282/3/1142 1283/3/1158
f 1124/3/1128 1286/3/1149 1287/3/1155
f 1182/3/1159 1186/3/1111 1187/3/1110
f 1181/3/1113 1185/3/1114 1186/3/1111
f 1180/3/1107 1184/3/1162 1185/3/1114
f 1180/3/1107 1179/3/1184 1204/3/1161
f 1204/3/1161 1183/3/1104 1184/3/1162
f 1205/3/1169 1176/3/1168 1203/3/1163
f 1203/3/1163 1175/3/1183 1207/3/1105
f 1207/3/1105 1183/3/1104 1204/3/1161
f 1204/3/1161 1179/3/1184 1206/3/1173
f 1177/3/1164 1205/3/1169 1203/3/1163
f 1204/3/1161 1206/3/1173 1177/3/1164
f 1203/3/1163 1207/3/1105 1204/3/1161
f 1169/3/1165 1182/3/1159 1178/3/1160
f 1213/3/1167 1211/3/1185 1176/3/1168
f 1165/3/1166 1178/3/1160 1187/3/1110
f 1209/3/1172 1170/3/1910 1171/3/1171
f 1171/3/1171 1184/3/1162 1183/3/1104
f 1208/3/1175 1175/3/1183 1203/3/1163
f 1172/3/1115 1185/3/1114 1184/3/1162
f 1169/3/1165 1168/3/1112 1181/3/1113
f 1192/3/1057 1189/3/1056 1191/3/1062
f 1188/3/1178 1195/3/1182 1196/3/1179
f 1196/3/1179 1195/3/1182 1194/3/1181
f 1197/3/1059 1194/3/1181 1193/3/1064
f 1193/3/1064 1192/3/1057 1199/3/1177
f 1149/3/1058 1198/3/1060 1199/3/1177
f 1153/3/1053 1199/3/1177 1191/3/1062
f 1136/3/1140 1194/3/1181 1195/3/1182
f 1120/3/1141 1188/3/1178 1190/3/1180
f 1122/3/1136 1190/3/1180 1196/3/1179
f 1135/3/1063 1193/3/1064 1194/3/1181
f 1137/3/1139 1195/3/1182 1188/3/1178
f 1162/3/1117 1202/3/1116 1212/3/1103
f 1202/3/1116 1170/3/1910 1209/3/1172
f 1213/3/1167 1205/3/1169 1177/3/1164
f 1201/3/1129 1213/3/1167 1210/3/1174
f 1163/3/1132 1211/3/1185 1213/3/1167
f 1179/3/1184 1166/3/1106 1164/3/1130
f 1164/3/1130 1210/3/1174 1206/3/1173
f 1214/3/1176 1203/3/1163 1176/3/1168
f 1200/3/1131 1214/3/1176 1211/3/1185
f 1162/3/1117 1208/3/1175 1214/3/1176
f 1225/3/4 1389/3/4 1398/3/4
f 1226/3/4 1218/3/4 1227/3/4
f 1220/3/144 1216/3/144 1228/3/4
f 1229/3/4 1394/3/4 1389/3/4
f 1228/3/4 1229/3/4 1225/3/4
f 1216/3/144 1223/3/144 1229/3/4
f 1230/3/4 1398/3/4 1257/3/147
f 1227/3/4 1230/3/4 1224/3/147
f 1218/3/4 1225/3/4 1230/3/4
f 1221/3/147 1231/3/4 1227/3/4
f 1154/3/1186 1222/3/1187 1231/3/4
f 1222/3/1187 1215/3/1189 1226/3/4
f 1232/3/4 1228/3/4 1218/3/4
f 1219/3/1188 1232/3/4 1226/3/4
f 1155/3/1190 1220/3/144 1232/3/4
f 1235/3/1075 1234/3/1074 1215/3/1189
f 1119/3/1148 1130/3/1150 1139/3/1191
f 1222/3/1187 1154/3/1186 1119/3/1148
f 1119/3/1148 1233/3/1192 1235/3/1075
f 1215/3/1189 1234/3/1074 1236/3/1193
f 1155/3/1190 1219/3/1188 1236/3/1193
f 1236/3/1193 1138/3/1068 1156/3/1089
s 0
f 1287/3/4 1249/3/1206 1248/3/3
f 1286/3/2 1248/3/2 1247/3/2
f 1280/3/4 1247/3/1921 1245/3/1922
f 1252/3/4 1239/3/1923 1240/3/1924
f 1260/3/4 1242/3/1925 1246/3/1926
f 1253/3/2 1240/3/2 1241/3/2
f 1264/3/5 1243/3/1212 1242/3/1927
f 1254/3/5 1241/3/1928 1249/3/1929
s 1
f 1247/3/1208 1248/3/1930 1249/3/1206
f 1249/3/1206 1241/3/1931 1245/3/1207
f 1245/3/1207 1241/3/1931 1240/3/1209
f 1244/3/1210 1240/3/1209 1239/3/1211
f 1243/3/1212 1239/3/1211 1238/3/1213
f 1242/3/1214 1238/3/1213 1237/3/1215
s 0
f 1251/3/5 1238/3/1932 1239/3/1933
f 1272/3/5 1245/3/1207 1244/3/1934
f 1250/3/5 1237/3/1215 1238/3/1935
f 1268/3/5 1244/3/1936 1243/3/1937
f 1279/3/4 1246/3/1938 1237/3/1939
s 1
f 1251/3/1227 1259/3/202 1278/3/202
f 1398/3/202 1257/3/202 1290/3/202
f 1290/3/202 1280/3/1940 1272/3/1230
f 1272/3/1230 1273/3/202 1285/3/202
f 1255/3/202 1256/3/202 1394/3/202
f 1272/3/1230 1285/3/202 1255/3/202
f 1389/3/202 1398/3/202 1290/3/202
f 1290/3/202 1272/3/1230 1255/3/202
f 1255/3/202 1394/3/202 1389/3/202
f 1263/3/202 1262/3/202 1258/3/202
f 1252/3/1218 1263/3/202 1259/3/202
f 1264/3/1224 1260/3/1941 1261/3/202
f 1265/3/202 1261/3/202 1281/3/202
f 1267/3/202 1266/3/202 1262/3/202
f 1253/3/1228 1267/3/202 1263/3/202
f 1268/3/1220 1264/3/1224 1265/3/202
f 1269/3/202 1265/3/202 1282/3/202
f 1271/3/202 1270/3/202 1266/3/202
f 1254/3/1229 1271/3/202 1267/3/202
f 1272/3/1230 1268/3/1220 1269/3/202
f 1273/3/202 1269/3/202 1283/3/202
f 1291/3/202 1285/3/202 1273/3/202
f 1276/3/202 1277/3/202 1258/3/202
f 1266/3/202 1275/3/202 1276/3/202
f 1270/3/202 1274/3/202 1275/3/202
f 1289/3/202 1274/3/202 1270/3/202
f 1277/3/1054 1308/3/1232 1327/3/1231
f 1308/3/1232 1366/3/1240 1363/3/1233
f 1323/3/1235 1372/3/1335 1371/3/1236
f 1295/3/1234 1363/3/1233 1365/3/1238
f 1309/3/1063 1367/3/1334 1366/3/1240
f 1371/3/1236 1370/3/1329 1315/3/1241
f 1292/3/1242 1300/3/1249 1312/3/1243
f 1301/3/1248 1316/3/1250 1312/3/1243
f 1413/3/1347 1312/3/1243 1316/3/1250
f 1317/3/1251 1313/3/1345 1410/3/1346
f 1317/3/1251 1410/3/1346 1412/3/1344
f 1411/3/1252 1413/3/1347 1316/3/1250
f 1317/3/1251 1412/3/1344 1411/3/1252
f 1331/3/1246 1332/3/1256 1318/3/1253
f 1314/3/1247 1318/3/1253 1319/3/1237
f 1302/3/1254 1320/3/1255 1316/3/1250
f 1320/3/1255 1321/3/1260 1317/3/1251
f 1332/3/1256 1333/3/1261 1322/3/1257
f 1318/3/1253 1322/3/1257 1323/3/1235
f 1303/3/1258 1324/3/1259 1320/3/1255
f 1324/3/1259 1325/3/1309 1321/3/1260
f 1333/3/1261 1334/3/1264 1326/3/1262
f 1326/3/1262 1327/3/1231 1323/3/1235
f 1334/3/1264 1335/3/1305 1306/3/1265
s 0
f 1305/3/1942 1335/3/5 1348/3/1943
f 1317/3/1944 1321/3/4 1342/3/1945
f 1335/3/1946 1334/3/5 1347/3/1947
f 1313/3/1948 1317/3/5 1341/3/1280
f 1334/3/1949 1333/3/5 1346/3/1286
s 1
f 1386/3/1276 1381/3/1316 1357/3/1277
f 1354/3/1278 1353/3/1338 1340/3/1279
f 1347/3/1281 1360/3/1311 1361/3/1282
f 1342/3/1284 1355/3/1312 1354/3/1278
f 1359/3/1285 1360/3/1311 1347/3/1281
f 1297/3/1245 1336/3/1304 1376/3/1287
f 1344/3/1288 1331/3/1246 1297/3/1245
s 0
f 1321/3/1950 1325/3/5 1343/3/1951
f 1332/3/1952 1331/3/5 1344/3/1953
f 1325/3/1954 1305/3/5 1339/3/1955
f 1333/3/1956 1332/3/5 1345/3/1957
f 1304/3/1958 1313/3/5 1340/3/1959
s 1
f 1304/3/1299 1338/3/1337 1375/3/1300
f 1337/3/1301 1298/3/1302 1304/3/1299
f 1298/3/1302 1337/3/1301 1374/3/1303
f 1336/3/1304 1297/3/1245 1298/3/1302
f 1335/3/1305 1250/3/1134 1278/3/1306
f 1307/3/1239 1327/3/1231 1308/3/1232
f 1288/3/1136 1270/3/1137 1315/3/1241
f 1259/3/1138 1258/3/5 1327/3/1231
f 1275/3/1140 1274/3/1139 1311/3/1139
f 1274/3/1139 1289/3/1141 1294/3/1141
f 1330/3/1263 1329/3/1343 1396/3/144
f 1330/3/1263 1396/3/144 1391/3/144
f 1256/3/144 1255/3/1144 1330/3/1263
f 1330/3/1263 1391/3/144 1400/3/144
f 1282/3/1142 1281/3/1146 1303/3/1258
f 1330/3/1263 1255/3/1144 1285/3/1143
f 1303/3/1258 1281/3/1146 1261/3/1145
f 1270/3/1137 1271/3/1156 1314/3/1247
f 1291/3/1147 1284/3/1154 1300/3/1249
f 1289/3/1141 1288/3/1136 1296/3/1136
f 1285/3/1143 1291/3/1147 1292/3/1242
f 1280/3/1149 1290/3/147 1293/3/1307
f 1260/3/1153 1279/3/1152 1305/3/1308
f 1286/3/1149 1280/3/1149 1304/3/1299
f 1324/3/1259 1261/3/1145 1260/3/1153
f 1308/3/1232 1277/3/1054 1276/3/1063
f 1394/3/4 1256/3/144 1400/3/144
f 1300/3/1249 1284/3/1154 1283/3/1158
f 1328/3/1339 1293/3/1307 1290/3/147
f 1290/3/147 1257/3/147 1401/3/147
f 1290/3/147 1401/3/147 1392/3/147
f 1397/3/147 1328/3/1339 1290/3/147
f 1306/3/1265 1278/3/1306 1259/3/1138
f 1314/3/1247 1271/3/1156 1287/3/1155
f 1276/3/1063 1275/3/1140 1310/3/1140
f 1305/3/1308 1279/3/1152 1250/3/1134
f 1301/3/1248 1283/3/1158 1282/3/1142
f 1287/3/1155 1286/3/1149 1298/3/1302
f 1356/3/1310 1352/3/1317 1361/3/1282
f 1355/3/1312 1356/3/1310 1360/3/1311
f 1354/3/1278 1355/3/1312 1359/3/1285
f 1378/3/1314 1353/3/1338 1354/3/1278
f 1354/3/1278 1358/3/1313 1357/3/1277
f 1377/3/1325 1350/3/1321 1379/3/1960
f 1351/3/1315 1380/3/1324 1353/3/1338
f 1377/3/1325 1379/3/1960 1351/3/1315
f 1381/3/1316 1349/3/1336 1377/3/1325
f 1378/3/1314 1357/3/1277 1381/3/1316
f 1351/3/1315 1353/3/1338 1378/3/1314
f 1381/3/1316 1377/3/1325 1351/3/1315
f 1352/3/1317 1356/3/1310 1343/3/1318
f 1387/3/1320 1379/3/1960 1350/3/1321
f 1361/3/1282 1352/3/1317 1339/3/1319
f 1345/3/1323 1344/3/1288 1383/3/1172
f 1383/3/1172 1357/3/1277 1358/3/1313
f 1377/3/1325 1349/3/1336 1382/3/1326
f 1358/3/1313 1359/3/1285 1346/3/1286
f 1343/3/1318 1356/3/1310 1355/3/1312
f 1365/3/1238 1363/3/1233 1366/3/1240
f 1370/3/1329 1369/3/1333 1362/3/1330
f 1370/3/1329 1371/3/1236 1368/3/1332
f 1371/3/1236 1372/3/1335 1367/3/1334
f 1373/3/1328 1366/3/1240 1367/3/1334
f 1373/3/1328 1372/3/1335 1323/3/1235
f 1365/3/1238 1373/3/1328 1327/3/1231
f 1369/3/1333 1368/3/1332 1310/3/1140
f 1364/3/1331 1362/3/1330 1294/3/1141
f 1370/3/1329 1364/3/1331 1296/3/1136
f 1368/3/1332 1367/3/1334 1309/3/1063
f 1362/3/1330 1369/3/1333 1311/3/1139
f 1336/3/1304 1382/3/1326 1386/3/1276
f 1376/3/1287 1386/3/1276 1383/3/1172
f 1351/3/1315 1379/3/1960 1387/3/1320
f 1384/3/1174 1387/3/1320 1375/3/1300
f 1387/3/1320 1385/3/1322 1337/3/1301
f 1338/3/1337 1340/3/1279 1353/3/1338
f 1353/3/1338 1380/3/1324 1384/3/1174
f 1350/3/1321 1377/3/1325 1388/3/1327
f 1385/3/1322 1388/3/1327 1374/3/1303
f 1388/3/1327 1382/3/1326 1336/3/1304
f 1398/3/4 1389/3/4 1402/3/4
f 1404/3/4 1393/3/4 1403/3/4
f 1405/3/4 1391/3/144 1396/3/144
f 1389/3/4 1394/3/4 1406/3/4
f 1402/3/4 1406/3/4 1405/3/4
f 1406/3/4 1400/3/144 1391/3/144
f 1257/3/147 1398/3/4 1407/3/4
f 1401/3/147 1407/3/4 1404/3/4
f 1407/3/4 1402/3/4 1393/3/4
f 1397/3/147 1392/3/147 1404/3/4
f 1328/3/1339 1397/3/147 1408/3/4
f 1399/3/1340 1408/3/4 1403/3/4
f 1393/3/4 1405/3/4 1409/3/4
f 1403/3/4 1409/3/4 1395/3/1342
f 1409/3/4 1396/3/144 1329/3/1343
f 1390/3/1341 1411/3/1252 1412/3/1344
f 1293/3/1307 1410/3/1346 1313/3/1345
f 1293/3/1307 1328/3/1339 1399/3/1340
f 1399/3/1340 1412/3/1344 1410/3/1346
f 1390/3/1341 1395/3/1342 1413/3/1347
f 1413/3/1347 1395/3/1342 1329/3/1343
f 1329/3/1343 1330/3/1263 1312/3/1243
f 1663/3/1559 1625/3/1562 1601/3/1658
f 1668/3/1564 1644/3/1560 1609/3/1660
f 1644/3/1560 1663/3/1559 1635/3/1659
f 1633/3/1565 1668/3/1564 1626/3/1661
f 1671/3/1539 1627/3/1538 1602/3/1663
f 1649/3/1568 1671/3/1539 1637/3/1664
f 1625/3/1562 1649/3/1568 1611/3/1665
f 1672/3/1542 1628/3/1541 1604/3/1666
f 1653/3/1544 1672/3/1542 1639/3/1667
f 1673/3/1545 1653/3/1544 1613/3/1668
f 1627/3/1538 1673/3/1545 1629/3/1669
f 1675/3/1548 1630/3/1547 1605/3/1670
f 1657/3/1550 1675/3/1548 1641/3/1671
f 1676/3/1551 1657/3/1550 1615/3/1672
f 1628/3/1541 1676/3/1551 1631/3/1673
f 1661/3/1556 1678/3/1552 1643/3/1674
f 1679/3/1557 1661/3/1556 1617/3/1675
f 1630/3/1547 1679/3/1557 1632/3/1676
f 1643/3/1674 1678/3/1552 1941/3/1554
f 1762/3/1620 1734/3/1680 1700/3/1678
f 1767/3/1625 1725/3/1682 1708/3/1679
f 1743/3/1627 1708/3/1679 1734/3/1680
f 1732/3/1681 1699/3/2032 1725/3/1682
f 1701/3/1683 1726/3/1598 1770/3/1600
f 1736/3/1684 1770/3/1600 1748/3/1629
f 1710/3/1685 1748/3/1629 1724/3/1622
f 1703/3/1686 1727/3/1601 1771/3/1603
f 1738/3/1687 1771/3/1603 1752/3/1604
f 1712/3/1688 1752/3/1604 1772/3/1606
f 1728/3/1689 1772/3/1606 1726/3/1598
f 1704/3/1690 1729/3/1607 1774/3/1609
f 1740/3/1691 1774/3/1609 1756/3/1610
f 1714/3/1692 1756/3/1610 1775/3/1612
f 1730/3/1693 1775/3/1612 1727/3/1601
f 1742/3/1694 1777/3/1613 1760/3/1616
f 1716/3/1695 1760/3/1616 1778/3/1618
f 1731/3/1696 1778/3/1618 1729/3/1607
f 1742/3/1694 1996/3/2033 1941/3/1697
f 1861/3/1620 1833/3/1680 1799/3/1678
f 1866/3/1625 1824/3/1682 1807/3/1679
f 1842/3/1627 1807/3/1679 1833/3/1680
f 1831/3/1681 1798/3/2032 1824/3/1682
f 1800/3/1683 1825/3/1598 1869/3/1600
f 1835/3/1684 1869/3/1600 1847/3/1629
f 1809/3/1685 1847/3/1629 1823/3/1622
f 1802/3/1686 1826/3/1601 1870/3/1603
f 1837/3/1687 1870/3/1603 1851/3/1604
f 1811/3/1688 1851/3/1604 1871/3/1606
f 1827/3/1689 1871/3/1606 1825/3/1598
f 1803/3/1690 1828/3/1607 1873/3/1609
f 1839/3/1691 1873/3/1609 1855/3/1610
f 1813/3/1692 1855/3/1610 1874/3/1612
f 1829/3/1693 1874/3/1612 1826/3/1601
f 1841/3/1694 1876/3/1613 1859/3/1616
f 1815/3/1695 1859/3/1616 1877/3/1618
f 1830/3/1696 1877/3/1618 1828/3/1607
f 1841/3/1694 1996/3/2033 1941/3/1697
f 1978/3/1559 1931/3/1562 1900/3/1658
f 1983/3/1564 1959/3/1560 1911/3/1660
f 1959/3/1560 1978/3/1559 1947/3/1659
f 1944/3/1565 1983/3/1564 1932/3/1661
f 1986/3/1539 1933/3/1538 1902/3/1663
f 1964/3/1568 1986/3/1539 1949/3/1664
f 1931/3/1562 1964/3/1568 1913/3/1665
f 1987/3/1542 1935/3/1541 1904/3/1666
f 1968/3/1544 1987/3/1542 1951/3/1667
f 1988/3/1545 1968/3/1544 1916/3/1668
f 1933/3/1538 1988/3/1545 1936/3/1669
f 1990/3/1548 1938/3/1547 1906/3/1670
f 1972/3/1550 1990/3/1548 1954/3/1671
f 1991/3/1551 1972/3/1550 1919/3/1672
f 1935/3/1541 1991/3/1551 1939/3/1673
f 1976/3/1556 1993/3/1552 1957/3/1674
f 1994/3/1557 1976/3/1556 1922/3/1675
f 1938/3/1547 1994/3/1557 1942/3/1676
f 1957/3/1674 1993/3/1552 1941/3/1554
g SeaAngler_Blue
usemtl Blue
f 478/3/623 516/3/624 681/3/625
f 478/3/626 515/3/627 514/3/628
f 681/3/629 568/3/630 530/3/631
f 530/3/632 567/3/633 524/3/634
f 681/3/629 620/3/630 582/3/631
f 582/3/632 619/3/633 576/3/634
f 635/3/623 685/3/624 681/3/625
f 635/3/626 684/3/627 683/3/628
f 1934/3/1698 1636/3/1699 1664/3/1700
f 1937/3/1701 1638/3/1702 1665/3/1703
f 1940/3/1704 1640/3/1705 1666/3/1706
f 1667/3/1707 1606/3/1708 1956/3/1709
f 1669/3/1710 1618/3/1558 1646/3/1566
f 1670/3/1711 1608/3/1569 1647/3/1561
f 1952/3/1712 1654/3/1713 1674/3/1714
f 1642/3/1715 1658/3/1716 1677/3/1717
f 1680/3/1718 1923/3/1719 1662/3/1720
f 1664/3/1700 1610/3/1571 1648/3/1537
f 1650/3/1721 1648/3/1537 1619/3/1567
f 1914/3/1722 1664/3/1700 1650/3/1721
f 1665/3/1703 1612/3/1573 1651/3/1540
f 1654/3/1713 1651/3/1540 1620/3/1570
f 1917/3/1723 1665/3/1703 1654/3/1713
f 1666/3/1706 1614/3/1575 1655/3/1546
f 1658/3/1716 1655/3/1546 1621/3/1572
f 1616/3/1724 1666/3/1706 1658/3/1716
f 1659/3/1574 1956/3/1709 1921/3/1553
f 1622/3/1725 1667/3/1707 1659/3/1574
f 1662/3/1720 1943/3/1726 1667/3/1707
f 1623/3/1727 1646/3/1566 1607/3/1563
f 1897/3/1728 1669/3/1710 1623/3/1727
f 1945/3/1729 1645/3/1730 1669/3/1710
f 1645/3/1730 1647/3/1561 1618/3/1558
f 1909/3/1731 1670/3/1711 1645/3/1730
f 1624/3/1732 1634/3/1733 1670/3/1711
f 1634/3/1733 1619/3/1567 1608/3/1569
f 1674/3/1714 1620/3/1570 1652/3/1543
f 1636/3/1699 1652/3/1543 1610/3/1571
f 1901/3/1734 1674/3/1714 1636/3/1699
f 1677/3/1717 1621/3/1572 1656/3/1549
f 1638/3/1702 1656/3/1549 1612/3/1573
f 1603/3/1735 1677/3/1717 1638/3/1702
f 1680/3/1718 1622/3/1725 1660/3/1555
f 1640/3/1705 1660/3/1555 1614/3/1575
f 1640/3/1705 1958/3/1736 1680/3/1718
f 1898/3/1737 1650/3/1721 1634/3/1733
f 1735/3/1738 1934/3/1739 1763/3/1740
f 1737/3/1741 1937/3/1742 1764/3/1743
f 1739/3/1744 1940/3/1745 1765/3/1746
f 1766/3/1747 1705/3/1748 1943/3/1749
f 1768/3/1750 1717/3/1619 1744/3/1751
f 1769/3/1752 1707/3/1623 1733/3/1753
f 1753/3/1754 1952/3/1755 1773/3/1756
f 1757/3/1757 1741/3/1758 1776/3/1759
f 1779/3/1760 1923/3/1761 1958/3/1762
f 1709/3/1631 1763/3/1740 1747/3/1599
f 1747/3/1599 1749/3/1763 1718/3/1628
f 1763/3/1740 1914/3/1764 1749/3/1763
f 1711/3/1633 1764/3/1743 1750/3/1602
f 1750/3/1602 1753/3/1754 1719/3/1630
f 1764/3/1743 1917/3/1765 1753/3/1754
f 1713/3/1635 1765/3/1746 1754/3/1608
f 1754/3/1608 1757/3/1757 1720/3/1632
f 1765/3/1746 1715/3/1766 1757/3/1757
f 1758/3/1615 1956/3/1767 1766/3/1747
f 1721/3/1634 1766/3/1747 1761/3/1768
f 1761/3/1768 1943/3/1749 1923/3/1761
f 1722/3/1769 1745/3/1626 1768/3/1750
f 1897/3/1770 1768/3/1750 1945/3/1771
f 1945/3/1771 1744/3/1751 1909/3/1772
f 1744/3/1751 1746/3/1621 1769/3/1752
f 1909/3/1772 1769/3/1752 1723/3/1773
f 1723/3/1773 1733/3/1753 1898/3/1774
f 1718/3/1628 1733/3/1753 1707/3/1623
f 1719/3/1630 1773/3/1756 1751/3/1605
f 1751/3/1605 1735/3/1738 1709/3/1631
f 1773/3/1756 1901/3/1775 1735/3/1738
f 1720/3/1632 1776/3/1759 1755/3/1611
f 1755/3/1611 1737/3/1741 1711/3/1633
f 1776/3/1759 1702/3/1776 1737/3/1741
f 1721/3/1634 1779/3/1760 1759/3/1617
f 1759/3/1617 1739/3/1744 1713/3/1635
f 1739/3/1744 1958/3/1762 1905/3/1777
f 1749/3/1763 1898/3/1774 1733/3/1753
f 1834/3/1738 1934/3/1739 1862/3/1740
f 1836/3/1741 1937/3/1742 1863/3/1743
f 1838/3/1744 1940/3/1745 1864/3/1746
f 1865/3/1747 1804/3/1748 1943/3/1749
f 1867/3/1750 1816/3/1619 1843/3/1751
f 1868/3/1752 1806/3/1623 1832/3/1753
f 1852/3/1754 1952/3/1755 1872/3/1756
f 1856/3/1757 1840/3/1758 1875/3/1759
f 1878/3/1760 1923/3/1761 1958/3/1762
f 1808/3/1631 1862/3/1740 1846/3/1599
f 1846/3/1599 1848/3/1763 1817/3/1628
f 1862/3/1740 1914/3/1764 1848/3/1763
f 1810/3/1633 1863/3/1743 1849/3/1602
f 1849/3/1602 1852/3/1754 1818/3/1630
f 1863/3/1743 1917/3/1765 1852/3/1754
f 1812/3/1635 1864/3/1746 1853/3/1608
f 1853/3/1608 1856/3/1757 1819/3/1632
f 1864/3/1746 1814/3/1766 1856/3/1757
f 1857/3/1615 1956/3/1767 1865/3/1747
f 1820/3/1634 1865/3/1747 1860/3/1768
f 1860/3/1768 1943/3/1749 1923/3/1761
f 1821/3/1769 1844/3/1626 1867/3/1750
f 1897/3/1770 1867/3/1750 1945/3/1771
f 1945/3/1771 1843/3/1751 1909/3/1772
f 1843/3/1751 1845/3/1621 1868/3/1752
f 1909/3/1772 1868/3/1752 1822/3/1773
f 1822/3/1773 1832/3/1753 1898/3/1774
f 1817/3/1628 1832/3/1753 1806/3/1623
f 1818/3/1630 1872/3/1756 1850/3/1605
f 1850/3/1605 1834/3/1738 1808/3/1631
f 1872/3/1756 1901/3/1775 1834/3/1738
f 1819/3/1632 1875/3/1759 1854/3/1611
f 1854/3/1611 1836/3/1741 1810/3/1633
f 1875/3/1759 1801/3/1776 1836/3/1741
f 1820/3/1634 1878/3/1760 1858/3/1617
f 1858/3/1617 1838/3/1744 1812/3/1635
f 1838/3/1744 1958/3/1762 1905/3/1777
f 1848/3/1763 1898/3/1774 1832/3/1753
f 1934/3/1698 1948/3/1699 1979/3/1700
f 1937/3/1701 1950/3/1702 1980/3/1703
f 1940/3/1704 1953/3/1705 1981/3/1706
f 1982/3/1707 1907/3/1708 1956/3/1709
f 1984/3/1710 1924/3/1558 1961/3/1566
f 1985/3/1711 1910/3/1569 1962/3/1561
f 1952/3/1712 1969/3/1713 1989/3/1714
f 1955/3/1715 1973/3/1716 1992/3/1717
f 1995/3/1718 1923/3/1719 1977/3/1720
f 1979/3/1700 1912/3/1571 1963/3/1537
f 1965/3/1721 1963/3/1537 1925/3/1567
f 1914/3/1722 1979/3/1700 1965/3/1721
f 1980/3/1703 1915/3/1573 1966/3/1540
f 1969/3/1713 1966/3/1540 1926/3/1570
f 1917/3/1723 1980/3/1703 1969/3/1713
f 1981/3/1706 1918/3/1575 1970/3/1546
f 1973/3/1716 1970/3/1546 1927/3/1572
f 1920/3/1724 1981/3/1706 1973/3/1716
f 1974/3/1574 1956/3/1709 1921/3/1553
f 1928/3/1725 1982/3/1707 1974/3/1574
f 1977/3/1720 1943/3/1726 1982/3/1707
f 1929/3/1727 1961/3/1566 1908/3/1563
f 1897/3/1728 1984/3/1710 1929/3/1727
f 1945/3/1729 1960/3/1730 1984/3/1710
f 1960/3/1730 1962/3/1561 1924/3/1558
f 1909/3/1731 1985/3/1711 1960/3/1730
f 1930/3/1732 1946/3/1733 1985/3/1711
f 1946/3/1733 1925/3/1567 1910/3/1569
f 1989/3/1714 1926/3/1570 1967/3/1543
f 1948/3/1699 1967/3/1543 1912/3/1571
f 1901/3/1734 1989/3/1714 1948/3/1699
f 1992/3/1717 1927/3/1572 1971/3/1549
f 1950/3/1702 1971/3/1549 1915/3/1573
f 1903/3/1735 1992/3/1717 1950/3/1702
f 1995/3/1718 1928/3/1725 1975/3/1555
f 1953/3/1705 1975/3/1555 1918/3/1575
f 1953/3/1705 1958/3/1736 1995/3/1718
f 1898/3/1737 1965/3/1721 1946/3/1733
f 681/3/625 623/3/1894 478/3/623
f 478/3/623 514/3/1895 516/3/624
f 478/3/626 472/3/1896 515/3/627
f 530/3/631 623/3/1897 681/3/629
f 568/3/630 566/3/1898 530/3/631
f 530/3/632 566/3/1899 567/3/633
f 582/3/631 623/3/1897 681/3/629
f 620/3/630 618/3/1898 582/3/631
f 582/3/632 618/3/1899 619/3/633
f 681/3/625 623/3/1894 635/3/623
f 635/3/623 683/3/1895 685/3/624
f 635/3/626 629/3/1896 684/3/627
f 1934/3/1698 1901/3/1734 1636/3/1699
f 1937/3/1701 1603/3/1735 1638/3/1702
f 1940/3/1704 1905/3/2034 1640/3/1705
f 1667/3/1707 1943/3/1726 1606/3/1708
f 1669/3/1710 1645/3/1730 1618/3/1558
f 1670/3/1711 1634/3/1733 1608/3/1569
f 1952/3/1712 1917/3/1723 1654/3/1713
f 1642/3/1715 1616/3/1724 1658/3/1716
f 1680/3/1718 1958/3/1736 1923/3/1719
f 1664/3/1700 1636/3/1699 1610/3/1571
f 1650/3/1721 1664/3/1700 1648/3/1537
f 1914/3/1722 1934/3/1698 1664/3/1700
f 1665/3/1703 1638/3/1702 1612/3/1573
f 1654/3/1713 1665/3/1703 1651/3/1540
f 1917/3/1723 1937/3/1701 1665/3/1703
f 1666/3/1706 1640/3/1705 1614/3/1575
f 1658/3/1716 1666/3/1706 1655/3/1546
f 1616/3/1724 1940/3/1704 1666/3/1706
f 1659/3/1574 1667/3/1707 1956/3/1709
f 1622/3/1725 1662/3/1720 1667/3/1707
f 1662/3/1720 1923/3/1719 1943/3/1726
f 1623/3/1727 1669/3/1710 1646/3/1566
f 1897/3/1728 1945/3/1729 1669/3/1710
f 1945/3/1729 1909/3/1731 1645/3/1730
f 1645/3/1730 1670/3/1711 1647/3/1561
f 1909/3/1731 1624/3/1732 1670/3/1711
f 1624/3/1732 1898/3/1737 1634/3/1733
f 1634/3/1733 1650/3/1721 1619/3/1567
f 1674/3/1714 1654/3/1713 1620/3/1570
f 1636/3/1699 1674/3/1714 1652/3/1543
f 1901/3/1734 1952/3/1712 1674/3/1714
f 1677/3/1717 1658/3/1716 1621/3/1572
f 1638/3/1702 1677/3/1717 1656/3/1549
f 1603/3/1735 1642/3/1715 1677/3/1717
f 1680/3/1718 1662/3/1720 1622/3/1725
f 1640/3/1705 1680/3/1718 1660/3/1555
f 1640/3/1705 1905/3/2034 1958/3/1736
f 1898/3/1737 1914/3/1722 1650/3/1721
f 1735/3/1738 1901/3/1775 1934/3/1739
f 1737/3/1741 1702/3/1776 1937/3/1742
f 1739/3/1744 1905/3/1777 1940/3/1745
f 1766/3/1747 1956/3/1767 1705/3/1748
f 1768/3/1750 1745/3/1626 1717/3/1619
f 1769/3/1752 1746/3/1621 1707/3/1623
f 1753/3/1754 1917/3/1765 1952/3/1755
f 1757/3/1757 1715/3/1766 1741/3/1758
f 1779/3/1760 1761/3/1768 1923/3/1761
f 1709/3/1631 1735/3/1738 1763/3/1740
f 1747/3/1599 1763/3/1740 1749/3/1763
f 1763/3/1740 1934/3/1739 1914/3/1764
f 1711/3/1633 1737/3/1741 1764/3/1743
f 1750/3/1602 1764/3/1743 1753/3/1754
f 1764/3/1743 1937/3/1742 1917/3/1765
f 1713/3/1635 1739/3/1744 1765/3/1746
f 1754/3/1608 1765/3/1746 1757/3/1757
f 1765/3/1746 1940/3/1745 1715/3/1766
f 1758/3/1615 1921/3/1614 1956/3/1767
f 1721/3/1634 1758/3/1615 1766/3/1747
f 1761/3/1768 1766/3/1747 1943/3/1749
f 1722/3/1769 1706/3/1624 1745/3/1626
f 1897/3/1770 1722/3/1769 1768/3/1750
f 1945/3/1771 1768/3/1750 1744/3/1751
f 1744/3/1751 1717/3/1619 1746/3/1621
f 1909/3/1772 1744/3/1751 1769/3/1752
f 1723/3/1773 1769/3/1752 1733/3/1753
f 1718/3/1628 1749/3/1763 1733/3/1753
f 1719/3/1630 1753/3/1754 1773/3/1756
f 1751/3/1605 1773/3/1756 1735/3/1738
f 1773/3/1756 1952/3/1755 1901/3/1775
f 1720/3/1632 1757/3/1757 1776/3/1759
f 1755/3/1611 1776/3/1759 1737/3/1741
f 1776/3/1759 1741/3/1758 1702/3/1776
f 1721/3/1634 1761/3/1768 1779/3/1760
f 1759/3/1617 1779/3/1760 1739/3/1744
f 1739/3/1744 1779/3/1760 1958/3/1762
f 1749/3/1763 1914/3/1764 1898/3/1774
f 1834/3/1738 1901/3/1775 1934/3/1739
f 1836/3/1741 1801/3/1776 1937/3/1742
f 1838/3/1744 1905/3/1777 1940/3/1745
f 1865/3/1747 1956/3/1767 1804/3/1748
f 1867/3/1750 1844/3/1626 1816/3/1619
f 1868/3/1752 1845/3/1621 1806/3/1623
f 1852/3/1754 1917/3/1765 1952/3/1755
f 1856/3/1757 1814/3/1766 1840/3/1758
f 1878/3/1760 1860/3/1768 1923/3/1761
f 1808/3/1631 1834/3/1738 1862/3/1740
f 1846/3/1599 1862/3/1740 1848/3/1763
f 1862/3/1740 1934/3/1739 1914/3/1764
f 1810/3/1633 1836/3/1741 1863/3/1743
f 1849/3/1602 1863/3/1743 1852/3/1754
f 1863/3/1743 1937/3/1742 1917/3/1765
f 1812/3/1635 1838/3/1744 1864/3/1746
f 1853/3/1608 1864/3/1746 1856/3/1757
f 1864/3/1746 1940/3/1745 1814/3/1766
f 1857/3/1615 1921/3/1614 1956/3/1767
f 1820/3/1634 1857/3/1615 1865/3/1747
f 1860/3/1768 1865/3/1747 1943/3/1749
f 1821/3/1769 1805/3/1624 1844/3/1626
f 1897/3/1770 1821/3/1769 1867/3/1750
f 1945/3/1771 1867/3/1750 1843/3/1751
f 1843/3/1751 1816/3/1619 1845/3/1621
f 1909/3/1772 1843/3/1751 1868/3/1752
f 1822/3/1773 1868/3/1752 1832/3/1753
f 1817/3/1628 1848/3/1763 1832/3/1753
f 1818/3/1630 1852/3/1754 1872/3/1756
f 1850/3/1605 1872/3/1756 1834/3/1738
f 1872/3/1756 1952/3/1755 1901/3/1775
f 1819/3/1632 1856/3/1757 1875/3/1759
f 1854/3/1611 1875/3/1759 1836/3/1741
f 1875/3/1759 1840/3/1758 1801/3/1776
f 1820/3/1634 1860/3/1768 1878/3/1760
f 1858/3/1617 1878/3/1760 1838/3/1744
f 1838/3/1744 1878/3/1760 1958/3/1762
f 1848/3/1763 1914/3/1764 1898/3/1774
f 1934/3/1698 1901/3/1734 1948/3/1699
f 1937/3/1701 1903/3/1735 1950/3/1702
f 1940/3/1704 1905/3/2034 1953/3/1705
f 1982/3/1707 1943/3/1726 1907/3/1708
f 1984/3/1710 1960/3/1730 1924/3/1558
f 1985/3/1711 1946/3/1733 1910/3/1569
f 1952/3/1712 1917/3/1723 1969/3/1713
f 1955/3/1715 1920/3/1724 1973/3/1716
f 1995/3/1718 1958/3/1736 1923/3/1719
f 1979/3/1700 1948/3/1699 1912/3/1571
f 1965/3/1721 1979/3/1700 1963/3/1537
f 1914/3/1722 1934/3/1698 1979/3/1700
f 1980/3/1703 1950/3/1702 1915/3/1573
f 1969/3/1713 1980/3/1703 1966/3/1540
f 1917/3/1723 1937/3/1701 1980/3/1703
f 1981/3/1706 1953/3/1705 1918/3/1575
f 1973/3/1716 1981/3/1706 1970/3/1546
f 1920/3/1724 1940/3/1704 1981/3/1706
f 1974/3/1574 1982/3/1707 1956/3/1709
f 1928/3/1725 1977/3/1720 1982/3/1707
f 1977/3/1720 1923/3/1719 1943/3/1726
f 1929/3/1727 1984/3/1710 1961/3/1566
f 1897/3/1728 1945/3/1729 1984/3/1710
f 1945/3/1729 1909/3/1731 1960/3/1730
f 1960/3/1730 1985/3/1711 1962/3/1561
f 1909/3/1731 1930/3/1732 1985/3/1711
f 1930/3/1732 1898/3/1737 1946/3/1733
f 1946/3/1733 1965/3/1721 1925/3/1567
f 1989/3/1714 1969/3/1713 1926/3/1570
f 1948/3/1699 1989/3/1714 1967/3/1543
f 1901/3/1734 1952/3/1712 1989/3/1714
f 1992/3/1717 1973/3/1716 1927/3/1572
f 1950/3/1702 1992/3/1717 1971/3/1549
f 1903/3/1735 1955/3/1715 1992/3/1717
f 1995/3/1718 1977/3/1720 1928/3/1725
f 1953/3/1705 1995/3/1718 1975/3/1555
f 1953/3/1705 1905/3/2034 1958/3/1736
f 1898/3/1737 1914/3/1722 1965/3/1721
g SeaAngler_InvDeck
usemtl InvDeck
f 1108/3/1046 1109/3/1046 1116/3/1046
f 1108/3/1047 1116/3/1047 1107/3/1047
f 1111/3/1048 1110/3/1048 1107/3/1048
f 1116/3/1049 1111/3/1049 1107/3/1049
f 1113/3/1050 1116/3/1050 1114/3/1050
f 1113/3/1051 1112/3/1051 1116/3/1051
f 1117/3/1048 1112/3/1048 1115/3/1048
f 1116/3/1052 1112/3/1052 1117/3/1052
g SeaAngler_Windows
usemtl Windows
f 1417/3/1525 1418/4/1526 1419/2/1527
f 1421/3/1528 1422/4/1529 1423/2/1530
f 1425/3/1425 1426/4/1426 1427/2/1426
f 1509/3/1531 1510/4/1532 1507/1/1533
f 1513/3/1534 1514/4/1535 1512/1/1536
f 1517/3/1426 1518/4/1426 1516/1/1426
f 1417/3/1525 1415/1/2024 1418/4/1526
f 1421/3/1528 1420/1/2025 1422/4/1529
f 1425/3/1425 1424/1/1426 1426/4/1426
f 1509/3/1531 1511/2/2026 1510/4/1532
f 1513/3/1534 1515/2/2027 1514/4/1535
f 1517/3/1426 1519/2/1426 1518/4/1426
l 499 641
l 641 664
l 551 641
l 603 641
l 657 641
l 693 694
l 742 743
l 939 940
l 943 944
l 791 792
l 1093 1102
l 1079 1100
l 1098 1099
